"issn","journal_name","pub_name","is_hybrid","category","citation_count_sum","paper_count_sum","avg_cites_per_paper","proj_ai","proj_ai_year","price"
"2092-6731","3d Research","Springer","1","NULL",151,106,1.42452830188679,0.29,2015,3000
"1530-9932","AAPS PharmSciTech","Springer","0","PHARMACOLOGY",2208,801,2.7565543071161,0.665,2015,3000
"1687-0409","Abstract and Applied Analysis","Hindawi Publishing Corporation","0","Science",3005,2923,1.02805336982552,0.192,2015,1000
"1687-0409","Abstract and Applied Analysis","Hindawi Publishing Corporation","0","Science",3005,2923,1.02805336982552,0.192,2015,1200
"1687-0409","Abstract and Applied Analysis","Hindawi Publishing Corporation","0","Science",3005,2923,1.02805336982552,0.192,2015,750
"1687-0409","Abstract and Applied Analysis","Hindawi Publishing Corporation","0","Science",3005,2923,1.02805336982552,0.192,2015,800
"1545-7230","Academic Psychiatry","Springer","1","NULL",537,490,1.09591836734694,0.208,2015,3000
"1936-4709","Academic Questions","Springer","1","NULL",40,67,0.597014925373134,0.097,2015,3000
"1432-0517","Accreditation and Quality Assurance","Springer","1","NULL",255,331,0.770392749244713,0.134,2015,3000
"1839-2571","Acoustics Australia","Springer","1","NULL",30,25,1.2,0.234,2015,3000
"2199-6067","Acrocephalus","De Gruyter Open","0","Science",9,15,0.6,0.098,2015,0
"1846-0453","Acta Adriatica","Institute of Oceanography and Fisheries, Split","0","Geography. Anthropology. Recreation",28,37,0.756756756756757,0.131,2015,0
"1854-1941","Acta Agriculturae Slovenica","University of Ljubljana, Biotechnical Faculty","0","Agriculture",71,97,0.731958762886598,0.125,2015,0
"0044-5967","Acta Amazonica","","0","NULL",340,315,1.07936507936508,0.204,2015,1845
"1572-9036","Acta Applicandae Mathematicae","Springer","1","NULL",512,447,1.14541387024608,0.22,2015,3000
"0001-527X","Acta Biochimica Polonica","ACTA BIOCHIMICA POLONICA","0","MOLECULAR AND CELL BIOLOGY",912,500,1.824,0.396,2015,0
"0001-527X","Acta Biochimica Polonica","ACTA BIOCHIMICA POLONICA","0","MOLECULAR AND CELL BIOLOGY",912,500,1.824,0.396,2015,1200
"1726-569X","Acta Bioethica","Universidad de Chile","0","Medicine",70,98,0.714285714285714,0.122,2015,0
"1898-0295","Acta Biologica Cracoviensia Series Botanica","De Gruyter Open","0","Agriculture",128,131,0.977099236641221,0.18,2015,0
"1898-0295","Acta Biologica Cracoviensia Series Botanica","De Gruyter Open","0","Agriculture",128,131,0.977099236641221,0.18,2015,200
"1572-8358","Acta Biotheoretica","Springer","1","NULL",143,109,1.31192660550459,0.261,2015,3000
"0102-3306","Acta Botanica Brasilica","","0","NULL",536,448,1.19642857142857,0.233,2015,1845
"0365-0588","Acta Botanica Croatica","University of Zagreb","0","ECOLOGY AND EVOLUTION",109,119,0.915966386554622,0.166,2015,0
"1614-7065","Acta Chimica Sinica","Chinese Chemical Society","0","NULL",619,537,1.15270018621974,0.222,2015,0
"1318-0207","Acta Chimica Slovenica","","0","NULL",499,520,0.959615384615385,0.176,2015,1845
"1580-3155","Acta Chimica Slovenica","Slovenian Chemical Society","0","Science",499,520,0.959615384615385,0.176,2015,1845
"0102-8650","Acta Cirurgica Brasileira","","0","NULL",657,602,1.09136212624585,0.207,2015,1845
"1678-2674","Acta Cirurgica Brasileira","Self Owned - Non-Profit Society","0","NULL",657,602,1.09136212624585,0.207,2015,0
"1333-9451","Acta Clinica Croatica","Self Owned - Non-Profit Society","0","NULL",230,287,0.801393728222996,0.141,2015,0
"1432-5233","Acta Diabetologica","Springer","1","NULL",1432,483,2.9648033126294,0.729,2015,3000
"1958-5454","Acta Endoscopica","Springer","1","NULL",31,70,0.442857142857143,0.067,2015,3000
"1437-9546","Acta Ethologica","Springer","1","NULL",138,103,1.33980582524272,0.268,2015,3000
"1895-7455","Acta Geophysica","De Gruyter Open","0","Science",443,339,1.30678466076696,0.26,2015,0
"1861-1133","Acta Geotechnica","Springer","1","NULL",481,193,2.49222797927461,0.586,2015,3000
"1827-9635","Acta Herpetologica","","0","NULL",100,114,0.87719298245614,0.158,2015,1845
"1827-9643","Acta Herpetologica","Firenze University Press","0","Science",100,114,0.87719298245614,0.158,2015,1845
"1970-9498","Acta Herpetologica","Firenze University Press","0","NULL",100,114,0.87719298245614,0.158,2015,0
"1347-5800","Acta Histochemica Et Cytochemica","Japan Soc Histochem Cytochem","0","NULL",193,135,1.42962962962963,0.291,2015,0
"1347-5800","Acta Histochemica Et Cytochemica","Japan Soc Histochem Cytochem","0","NULL",193,135,1.42962962962963,0.291,2015,756
"0137-1592","Acta Ichthyologica Et Piscatoria","","0","NULL",163,155,1.05161290322581,0.198,2015,1845
"1432-0525","Acta Informatica","Springer","1","NULL",97,86,1.12790697674419,0.216,2015,3000
"2179-975X","Acta Limnologica Brasiliensia","Associação Brasileira de Limnologia","0","Science",226,186,1.21505376344086,0.237,2015,1845
"1619-6937","Acta Mechanica","Springer","1","NULL",1758,879,2,0.444,2015,3000
"1614-3116","Acta Mechanica Sinica","Springer","1","NULL",636,528,1.20454545454545,0.235,2015,3000
"0386-300X","Acta Medica Okayama","OKAYAMA UNIV MED SCHOOL","0","MOLECULAR AND CELL BIOLOGY",257,228,1.12719298245614,0.216,2015,0
"0386-300X","Acta Medica Okayama","OKAYAMA UNIV MED SCHOOL","0","MOLECULAR AND CELL BIOLOGY",257,228,1.12719298245614,0.216,2015,1265
"1646-0758","Acta Medica Portuguesa","Ordem dos Médicos","0","Medicine",313,497,0.629778672032193,0.104,2015,0
"1335-1788","Acta Montanistica Slovaca","Bentham","0","nan",5,2,2.5,0.588,2015,0
"0065-1400","Acta Neurobiologiae Experimentalis","Self Owned - Non-Profit Society","0","NEUROSCIENCE",450,215,2.09302325581395,0.47,2015,0
"1689-0035","Acta Neurobiologiae Experimentalis","Nencki Institute of Experimental Biology and Polish Neuroscience Society, PTBUN","0","Medicine",450,215,2.09302325581395,0.47,2015,1845
"0942-0940","Acta Neurochirurgica","Springer","1","NULL",2777,1512,1.83664021164021,0.399,2015,3000
"2240-2993","Acta Neurologica Belgica","Springer","1","NULL",354,312,1.13461538461538,0.218,2015,3000
"1432-0533","Acta Neuropathologica","Springer","1","NULL",7201,719,10.0152990264256,3.371,2015,3000
"1745-3674","Acta Orthopaedica","","0","NULL",2364,611,3.86906710310966,1.019,2015,1845
"1017-995X","Acta Orthopaedica Et Traumatologica Turcica","","0","NULL",471,380,1.23947368421053,0.243,2015,1845
"1413-7852","Acta Ortopedica Brasileira","","0","NULL",234,256,0.9140625,0.166,2015,1845
"1809-4406","Acta Ortopedica Brasileira","Atha Comunicacao & Editora","0","NULL",234,256,0.9140625,0.166,2015,0
"0567-7920","Acta Palaeontologica Polonica","","0","NULL",682,405,1.68395061728395,0.358,2015,1845
"1732-2421","Acta Palaeontologica Polonica","Polish Academy of Sciences","0","Science",682,405,1.68395061728395,0.358,2015,0
"1732-2421","Acta Palaeontologica Polonica","Polish Academy of Sciences","0","Science",682,405,1.68395061728395,0.358,2015,200
"0103-2100","Acta Paulista De Enfermagem","","0","NULL",993,855,1.16140350877193,0.224,2015,1845
"1330-0075","Acta Pharmaceutica","","0","NULL",387,183,2.11475409836066,0.477,2015,1845
"1846-9558","Acta Pharmaceutica","De Gruyter Open","0","Social Sciences",387,183,2.11475409836066,0.477,2015,0
"1846-9558","Acta Pharmaceutica","De Gruyter Open","0","Social Sciences",387,183,2.11475409836066,0.477,2015,504
"1509-5770","Acta Physica Polonica A","Polish Academy of Sciences","0","NULL",1354,1904,0.711134453781513,0.121,2015,0
"1861-1664","Acta Physiologiae Plantarum","Springer","1","NULL",2572,1234,2.08427876823339,0.468,2015,3000
"1785-8860","Acta Polytechnica Hungarica","","0","NULL",145,36,4.02777777777778,1.072,2015,1845
"0065-1583","Acta Protozoologica","","0","NULL",197,138,1.42753623188406,0.291,2015,1845
"1689-0027","Acta Protozoologica","Jagiellonian University","0","Science",197,138,1.42753623188406,0.291,2015,0
"0303-464X","Acta Reumatologica Portuguesa","","0","NULL",213,205,1.0390243902439,0.195,2015,1845
"2083-9480","Acta Societatis Botanicorum Poloniae","Polish Botanical Society","0","Science",647,1235,0.523886639676113,0.082,2015,291.2
"1801-7576","Acta Veterinaria Brno","University of Veterinary and Pharmaceutical Sciences, Brno","0","Agriculture",192,271,0.708487084870849,0.12,2015,336
"0044-605X","Acta Veterinaria Scandinavica","","0","NULL",738,417,1.76978417266187,0.381,2015,1845
"1751-0147","Acta Veterinaria Scandinavica","BioMed Central","0","Agriculture",738,417,1.76978417266187,0.381,2015,2365
"1751-0147","Acta Veterinaria Scandinavica","BioMed Central","0","Agriculture",738,417,1.76978417266187,0.381,2015,2000
"1751-0147","Acta Veterinaria Scandinavica","BioMed Central","0","Agriculture",738,417,1.76978417266187,0.381,2015,2035
"1751-0147","Acta Veterinaria Scandinavica","BioMed Central","0","Agriculture",738,417,1.76978417266187,0.381,2015,1963
"1217-8837","Acta Zoologica Academiae Scientiarum Hungaricae","HUNGARIAN NATURAL HISTORY MUSEUM","0","ECOLOGY AND EVOLUTION",31,34,0.911764705882353,0.165,2015,0
"1217-8837","Acta Zoologica Academiae Scientiarum Hungaricae","HUNGARIAN NATURAL HISTORY MUSEUM","0","ECOLOGY AND EVOLUTION",31,34,0.911764705882353,0.165,2015,225
"2064-2474","Acta Zoologica Academiae Scientiarum Hungaricae","Hungarian Academy of Sciences","0","Science",31,34,0.911764705882353,0.165,2015,1845
"1563-5031","Active and Passive Electronic Components","Hindawi Publishing Corporation","0","Technology",66,72,0.916666666666667,0.166,2015,800
"1563-5031","Active and Passive Electronic Components","Hindawi Publishing Corporation","0","Technology",66,72,0.916666666666667,0.166,2015,1000
"1563-5031","Active and Passive Electronic Components","Hindawi Publishing Corporation","0","Technology",66,72,0.916666666666667,0.166,2015,600
"1280-8571","Adansonia","Self Owned - Non-Profit Society","0","ECOLOGY AND EVOLUTION",48,60,0.8,0.14,2015,0
"1639-4798","Adansonia","Publications scientifiques du Muséum","0","Agriculture | Science",48,60,0.8,0.14,2015,0
"1940-0640","Addiction Science & Clinical Practice","BioMed Central","0","Medicine",294,133,2.21052631578947,0.504,2015,2145
"1940-0640","Addiction Science & Clinical Practice","BioMed Central","0","Medicine",294,133,2.21052631578947,0.504,2015,1781
"1866-6647","Adhd Attention Deficit and Hyperactivity Disorders","Springer","1","NULL",347,117,2.96581196581197,0.729,2015,3000
"1936-6612","Advanced Science Letters","American Scientific Publishers","0","NULL",910,1330,0.684210526315789,0.115,2015,1845
"1936-7317","Advanced Science Letters","American Scientific Publishers","0","NULL",910,1330,0.684210526315789,0.115,2015,1845
"1687-627X","Advances in Acoustics and Vibration","Hindawi Publishing Corporation","0","Science",73,86,0.848837209302326,0.151,2015,600
"1687-627X","Advances in Acoustics and Vibration","Hindawi Publishing Corporation","0","Science",73,86,0.848837209302326,0.151,2015,1000
"1661-4909","Advances in Applied Clifford Algebras","Springer","1","NULL",260,238,1.09243697478992,0.208,2015,3000
"1687-7489","Advances in Artificial Intelligence","Hindawi Publishing Corporation","0","Science",61,64,0.953125,0.175,2015,600
"1687-7608","Advances in Artificial Neural Systems","Hindawi Publishing Corporation","0","Medicine",45,52,0.865384615384615,0.155,2015,600
"1687-7969","Advances in Astronomy","","0","NULL",286,154,1.85714285714286,0.405,2015,1845
"1687-7977","Advances in Astronomy","Hindawi Publishing Corporation","0","Science",286,154,1.85714285714286,0.405,2015,700
"1687-7977","Advances in Astronomy","Hindawi Publishing Corporation","0","Science",286,154,1.85714285714286,0.405,2015,1250
"1861-9533","Advances in Atmospheric Sciences","Springer","1","NULL",1014,558,1.81720430107527,0.394,2015,3000
"1687-8035","Advances in Bioinformatics","Hindawi Publishing Corporation","0","Science",105,82,1.28048780487805,0.254,2015,1000
"1687-8035","Advances in Bioinformatics","Hindawi Publishing Corporation","0","Science",105,82,1.28048780487805,0.254,2015,750
"1687-8035","Advances in Bioinformatics","Hindawi Publishing Corporation","0","Science",105,82,1.28048780487805,0.254,2015,800
"1687-8094","Advances in Civil Engineering","Hindawi Publishing Corporation","0","Technology",146,122,1.19672131147541,0.233,2015,600
"1687-8094","Advances in Civil Engineering","Hindawi Publishing Corporation","0","Technology",146,122,1.19672131147541,0.233,2015,1000
"1895-1171","Advances in Cognitive Psychology","","0","NULL",162,80,2.025,0.451,2015,1845
"1572-9044","Advances in Computational Mathematics","Springer","1","NULL",443,225,1.96888888888889,0.436,2015,3000
"1687-8108","Advances in Condensed Matter Physics","","0","NULL",205,195,1.05128205128205,0.198,2015,1845
"1687-8124","Advances in Condensed Matter Physics","Hindawi Publishing Corporation","0","Science",205,195,1.05128205128205,0.198,2015,700
"1687-8124","Advances in Condensed Matter Physics","Hindawi Publishing Corporation","0","Science",205,195,1.05128205128205,0.198,2015,1000
"1687-8124","Advances in Condensed Matter Physics","Hindawi Publishing Corporation","0","Science",205,195,1.05128205128205,0.198,2015,1250
"1687-8124","Advances in Condensed Matter Physics","Hindawi Publishing Corporation","0","Science",205,195,1.05128205128205,0.198,2015,1500
"2090-3367","Advances in Decision Sciences","Hindawi Publishing Corporation","0","Science",0,1,0,0,2015,600
"2090-3367","Advances in Decision Sciences","Hindawi Publishing Corporation","0","Science",0,1,0,0,2015,750
"1687-1847","Advances in Difference Equations","Springer","0","Science",1298,954,1.36058700209644,0.274,2015,670
"1687-1847","Advances in Difference Equations","Springer","0","Science",1298,954,1.36058700209644,0.274,2015,745
"1687-1847","Advances in Difference Equations","Springer","0","Science",1298,954,1.36058700209644,0.274,2015,980
"1687-1847","Advances in Difference Equations","Springer","0","Science",1298,954,1.36058700209644,0.274,2015,819
"1582-7445","Advances in Electrical and Computer Engineering","","0","NULL",278,317,0.876971608832808,0.157,2015,1845
"1844-7600","Advances in Electrical and Computer Engineering","Stefan cel Mare University of Suceava","0","Technology",278,317,0.876971608832808,0.157,2015,0
"1844-7600","Advances in Electrical and Computer Engineering","Stefan cel Mare University of Suceava","0","Technology",278,317,0.876971608832808,0.157,2015,495
"1687-711X","Advances in Fuzzy Systems","Hindawi Publishing Corporation","0","Technology",128,107,1.19626168224299,0.233,2015,600
"1687-711X","Advances in Fuzzy Systems","Hindawi Publishing Corporation","0","Technology",128,107,1.19626168224299,0.233,2015,1000
"1680-7359","Advances in Geosciences","Copernicus Publications","0","Science",264,216,1.22222222222222,0.239,2015,403.2
"1573-1677","Advances in Health Sciences Education","Springer","1","NULL",1179,314,3.75477707006369,0.981,2015,3000
"1687-7357","Advances in High Energy Physics","","0","NULL",791,373,2.12064343163539,0.478,2015,1845
"1687-7365","Advances in High Energy Physics","Hindawi Publishing Corporation","0","Science",791,373,2.12064343163539,0.478,2015,600
"1687-7365","Advances in High Energy Physics","Hindawi Publishing Corporation","0","Science",791,373,2.12064343163539,0.478,2015,0
"1687-8434","Advances in Materials Science and Engineering","","0","NULL",795,638,1.24608150470219,0.245,2015,1845
"1687-8442","Advances in Materials Science and Engineering","Hindawi Publishing Corporation","0","Technology",795,638,1.24608150470219,0.245,2015,800
"1687-8442","Advances in Materials Science and Engineering","Hindawi Publishing Corporation","0","Technology",795,638,1.24608150470219,0.245,2015,2000
"1687-8442","Advances in Materials Science and Engineering","Hindawi Publishing Corporation","0","Technology",795,638,1.24608150470219,0.245,2015,1500
"1687-9120","Advances in Mathematical Physics","","0","NULL",210,185,1.13513513513514,0.218,2015,1845
"1687-8140","Advances in Mechanical Engineering","SAGE Publishing","0","Technology",862,765,1.12679738562092,0.216,2015,600
"1687-8140","Advances in Mechanical Engineering","SAGE Publishing","0","Technology",862,765,1.12679738562092,0.216,2015,2000
"1898-4002","Advances in Medical Sciences","Versita","0","NULL",399,253,1.57707509881423,0.329,2015,0
"1687-9309","Advances in Meteorology","","0","NULL",538,339,1.58702064896755,0.332,2015,1845
"1687-9317","Advances in Meteorology","Hindawi Publishing Corporation","0","Science",538,339,1.58702064896755,0.332,2015,600
"1687-9317","Advances in Meteorology","Hindawi Publishing Corporation","0","Science",538,339,1.58702064896755,0.332,2015,2000
"1687-9317","Advances in Meteorology","Hindawi Publishing Corporation","0","Science",538,339,1.58702064896755,0.332,2015,1500
"1687-9570","Advances in Numerical Analysis","Hindawi","0","NULL",28,40,0.7,0.119,2015,600
"1687-9570","Advances in Numerical Analysis","Hindawi","0","NULL",28,40,0.7,0.119,2015,750
"1687-9155","Advances in Operations Research","Hindawi Publishing Corporation","0","Technology",53,48,1.10416666666667,0.21,2015,600
"1687-9155","Advances in Operations Research","Hindawi Publishing Corporation","0","Technology",53,48,1.10416666666667,0.21,2015,1000
"1687-6407","Advances in Optical Technologies","Hindawi Publishing Corporation","0","Science",126,97,1.29896907216495,0.258,2015,600
"1687-6407","Advances in Optical Technologies","Hindawi Publishing Corporation","0","Science",126,97,1.29896907216495,0.258,2015,750
"1687-5648","Advances in OptoElectronics","Hindawi Publishing Corporation","0","Technology",104,81,1.28395061728395,0.254,2015,800
"1687-5648","Advances in OptoElectronics","Hindawi Publishing Corporation","0","Technology",104,81,1.28395061728395,0.254,2015,600
"1687-6342","Advances in Pharmacological Sciences","Hindawi Publishing Corporation","0","Medicine",304,100,3.04,0.752,2015,1000
"1687-6342","Advances in Pharmacological Sciences","Hindawi Publishing Corporation","0","Medicine",304,100,3.04,0.752,2015,1250
"1687-6342","Advances in Pharmacological Sciences","Hindawi Publishing Corporation","0","Medicine",304,100,3.04,0.752,2015,800
"1687-7993","Advances in Physical Chemistry","Hindawi Publishing Corporation","0","Science",130,71,1.83098591549296,0.398,2015,600
"1687-7993","Advances in Physical Chemistry","Hindawi Publishing Corporation","0","Science",130,71,1.83098591549296,0.398,2015,1000
"1522-1229","Advances in Physiology Education","Amer Physiological Soc","0","NULL",576,275,2.09454545454545,0.471,2015,0
"1734-4948","Advances in Rehabilitation","De Gruyter Open","0","Medicine",12,21,0.571428571428571,0.092,2015,0
"1992-0636","Advances in Science and Research","Copernicus Publications","0","Science",151,113,1.33628318584071,0.267,2015,1845
"1687-8663","Advances in Software Engineering","Hindawi Publishing Corporation","0","Science",62,49,1.26530612244898,0.25,2015,600
"1865-8652","Advances in Therapy","Springer","1","NULL",1238,420,2.94761904761905,0.724,2015,3000
"1687-5923","Advances in Tribology","Hindawi Publishing Corporation","0","Technology",71,73,0.972602739726027,0.179,2015,0
"1687-5923","Advances in Tribology","Hindawi Publishing Corporation","0","Technology",71,73,0.972602739726027,0.179,2015,1000
"1687-5923","Advances in Tribology","Hindawi Publishing Corporation","0","Technology",71,73,0.972602739726027,0.179,2015,600
"1687-6377","Advances in Urology","Hindawi Publishing Corporation","0","Medicine",444,202,2.1980198019802,0.5,2015,1000
"1687-6377","Advances in Urology","Hindawi Publishing Corporation","0","Medicine",444,202,2.1980198019802,0.5,2015,800
"1420-8903","Aequationes Mathematicae","Springer","1","NULL",186,170,1.09411764705882,0.208,2015,3000
"1573-3025","Aerobiologia","Springer","1","NULL",391,190,2.05789473684211,0.46,2015,3000
"1432-5241","Aesthetic Plastic Surgery","Springer","1","NULL",1316,818,1.60880195599022,0.338,2015,3000
"0002-0397","Africa Spectrum","","0","NULL",137,89,1.53932584269663,0.32,2015,1845
"1868-6869","Africa Spectrum","German Institute of Global and Area Studies (GIGA)","0","History (General) and history of Europe",137,89,1.53932584269663,0.32,2015,0
"1572-9842","African Archaeological Review","Springer","1","NULL",114,86,1.32558139534884,0.265,2015,3000
"2305-2562","African Invertebrates","Pensoft Publishers","0","Science",88,116,0.758620689655172,0.131,2015,420
"1991-637X","African Journal of Agricultural Research","Academic Journals","0","NULL",1298,1571,0.82622533418205,0.146,2015,600
"1684-5315","African Journal of Biotechnology","Academic Journals","0","NULL",6131,5804,1.05634045485872,0.199,2015,650
"1993-8233","African Journal of Business Management","Academic Journals","0","NULL",1184,1281,0.924277907884465,0.168,2015,550
"1996-0808","African Journal of Microbiology Research","Academic Journals","0","NULL",1931,2207,0.874943362029905,0.157,2015,550
"0974-5998","African Journal of Paediatric Surgery","Medknow Publications","0","Medicine",259,295,0.877966101694915,0.158,2015,1845
"1996-0816","African Journal of Pharmacy and Pharmacology","Academic Journals","0","NULL",773,938,0.82409381663113,0.146,2015,600
"2071-2936","African Journal of Primary Health Care & Family Medicine","AOSIS","0","Medicine",172,181,0.950276243093923,0.174,2015,1845
"1574-4647","Age","Springer","1","NULL",2046,608,3.36513157894737,0.855,2015,3000
"1936-606X","Ageing International","Springer","1","NULL",204,119,1.71428571428571,0.366,2015,3000
"1098-2337","Aging Cell","Wiley","0","NULL",3800,585,6.4957264957265,1.955,2015,2900
"1474-9718","Aging Cell","","0","NULL",3800,585,6.4957264957265,1.955,2015,1845
"1474-9726","Aging Cell","Wiley","0","Medicine",3800,585,6.4957264957265,1.955,2015,2800
"1720-8319","Aging Clinical and Experimental Research","Springer","1","NULL",812,475,1.70947368421053,0.365,2015,3000
"1459-6067","Agricultural and Food Science","","0","NULL",375,196,1.91326530612245,0.42,2015,1845
"1795-1895","Agricultural and Food Science","The Scientific Agricultural Society of Finland ","0","Agriculture",375,196,1.91326530612245,0.42,2015,0
"1572-8366","Agriculture and Human Values","Springer","1","NULL",873,205,4.25853658536585,1.15,2015,3000
"1405-3195","Agrociencia","Self Owned - Non-Profit Society","0","PLANT BIOLOGY",211,358,0.589385474860335,0.096,2015,0
"2301-1548","Agrociencia","Universidad de la República","0","Agriculture | Geography. Anthropology. Recreation",211,358,0.589385474860335,0.096,2015,0
"1572-9680","Agroforestry Systems","Springer","1","NULL",876,493,1.77687626774848,0.383,2015,3000
"1773-0155","Agronomy for Sustainable Development","Springer","1","NULL",1884,295,6.3864406779661,1.914,2015,3000
"1435-5655","Ai & Society","Springer","1","NULL",188,191,0.984293193717278,0.182,2015,3000
"1573-3254","Aids and Behavior","Springer","1","NULL",5424,1285,4.22101167315175,1.137,2015,3000
"1742-6405","AIDS Research and Therapy","BioMed Central Ltd","0","INFECTIOUS DISEASES",455,193,2.35751295336788,0.546,2015,2300
"1742-6405","AIDS Research and Therapy","BioMed Central Ltd","0","INFECTIOUS DISEASES",455,193,2.35751295336788,0.546,2015,1625
"1742-6405","AIDS Research and Therapy","BioMed Central Ltd","0","INFECTIOUS DISEASES",455,193,2.35751295336788,0.546,2015,1911
"2090-1259","AIDS Research and Treatment","Hindawi Publishing Corporation","0","Medicine",416,178,2.33707865168539,0.54,2015,500
"2090-1259","AIDS Research and Treatment","Hindawi Publishing Corporation","0","Medicine",416,178,2.33707865168539,0.54,2015,1000
"2158-3226","AIP Advances","American Institute of Physics","0","PHYSICS AND CHEMISTRY",2335,1421,1.64320900774103,0.347,2015,1350
"0741-8329","Alcohol","Elsevier","0","NEUROSCIENCE",1168,388,3.01030927835052,0.743,2015,2500
"1535-7414","Alcohol Research & Health","National Institute of Health","0","PSYCHIATRY",356,76,4.68421052631579,1.296,2015,0
"1420-8911","Algebra Universalis","Springer","1","NULL",145,180,0.805555555555556,0.142,2015,3000
"1572-9079","Algebras and Representation Theory","Springer","1","NULL",292,282,1.0354609929078,0.194,2015,3000
"1432-0541","Algorithmica","Springer","1","NULL",854,493,1.73225152129817,0.371,2015,3000
"1999-4893","Algorithms","MDPI AG","0","Technology",219,132,1.65909090909091,0.351,2015,320
"1748-7188","Algorithms for Molecular Biology","Biomed Central","0","MOLECULAR AND CELL BIOLOGY",505,149,3.38926174496644,0.863,2015,2145
"1748-7188","Algorithms for Molecular Biology","Biomed Central","0","MOLECULAR AND CELL BIOLOGY",505,149,3.38926174496644,0.863,2015,1625
"1748-7188","Algorithms for Molecular Biology","Biomed Central","0","MOLECULAR AND CELL BIOLOGY",505,149,3.38926174496644,0.863,2015,1730
"1748-7188","Algorithms for Molecular Biology","Biomed Central","0","MOLECULAR AND CELL BIOLOGY",505,149,3.38926174496644,0.863,2015,1781
"1323-8930","Allergology International","","0","NULL",828,315,2.62857142857143,0.627,2015,1845
"1440-1592","Allergology International","Elsevier","0","Medicine",828,315,2.62857142857143,0.627,2015,0
"1664-221X","Alpine Botany","Springer","1","NULL",97,53,1.83018867924528,0.397,2015,3000
"2191-0855","AMB Express","Springer","0","Technology",841,268,3.13805970149254,0.783,2015,2010
"2191-0855","AMB Express","Springer","0","Technology",841,268,3.13805970149254,0.783,2015,2145
"1557-4563","American Journal of Animal and Veterinary Sciences","Science publications","0","Agriculture",116,148,0.783783783783784,0.137,2015,1845
"1554-3641","American Journal of Applied Sciences","Science Publications","0","General Works",998,876,1.13926940639269,0.219,2015,1845
"2156-6976","American Journal of Cancer Research","e-Century Publishing Corporation","0","NULL",967,241,4.01244813278008,1.067,2015,1845
"1179-187X","American Journal of Cardiovascular Drugs","Springer","1","NULL",487,217,2.24423963133641,0.514,2015,3000
"1179-1888","American Journal of Clinical Dermatology","Springer","1","NULL",800,253,3.16205533596838,0.79,2015,3000
"1936-1351","American Journal of Criminal Justice","Springer","1","NULL",295,158,1.86708860759494,0.407,2015,3000
"1573-3262","American Journal of Dance Therapy","Springer","1","NULL",45,46,0.978260869565217,0.181,2015,3000
"1941-7039","American Journal of Engineering and Applied Sciences","Science Publications","0","Technology",219,228,0.960526315789474,0.177,2015,1845
"1874-9380","American Journal of Potato Research","Springer","1","NULL",409,260,1.57307692307692,0.328,2015,3000
"1943-8141","American Journal of Translational Research","e-Century Publishing Corporation","0","NULL",875,252,3.47222222222222,0.889,2015,1845
"1582-9146","Amfiteatru Economic","","0","NULL",17,33,0.515151515151515,0.081,2015,1845
"2247-9104","Amfiteatru Economic","Academy of Economic Studies of Bucharest","0","Social Sciences",17,33,0.515151515151515,0.081,2015,0
"1438-2199","Amino Acids","Springer","1","NULL",4997,1521,3.2853385930309,0.829,2015,3000
"1075-9964","Anaerobe","Elsevier","0","INFECTIOUS DISEASES",1852,566,3.27208480565371,0.825,2015,1750
"0365-0596","Anais Brasileiros De Dermatologia","","0","NULL",1375,981,1.40163098878695,0.284,2015,1845
"0212-9728","Anales De Psicologia","","0","NULL",639,478,1.33682008368201,0.268,2015,1845
"0211-1322","Anales Del Jardin Botanico De Madrid","","0","NULL",53,64,0.828125,0.147,2015,1845
"1573-1979","Analog Integrated Circuits and Signal Processing","Springer","1","NULL",789,796,0.991206030150754,0.184,2015,3000
"1618-2650","Analytical and Bioanalytical Chemistry","Springer","1","NULL",15798,4518,3.49667994687915,0.897,2015,3000
"1878-3651","Analytical Cellular Pathology","Hindawi Publishing Corporation","0","Medicine",205,119,1.72268907563025,0.368,2015,1250
"2210-7177","Analytical Cellular Pathology","","0","NULL",205,119,1.72268907563025,0.368,2015,1845
"1348-2246","Analytical Sciences","Japan Soc Analytical Chemistry","0","NULL",1163,889,1.3082114735658,0.26,2015,0
"2149-2263","Anatolian Journal of Cardiology","","0","NULL",18,29,0.620689655172414,0.102,2015,1845
"2149-2271","Anatolian Journal of Cardiology","KARE Publishing","0","Medicine",18,29,0.620689655172414,0.102,2015,1845
"1447-073X","Anatomical Science International","Springer","1","NULL",153,157,0.974522292993631,0.18,2015,3000
"0718-7092","Andean Geology","SciELO","0","nan",250,226,1.10619469026549,0.211,2015,0
"0718-7106","Andean Geology","Servicio Nacional de Geología y Minería (SERNAGEOMIN)","0","Science",250,226,1.10619469026549,0.211,2015,0
"2090-1275","Anemia","Hindawi Publishing Corporation","0","Medicine",193,91,2.12087912087912,0.478,2015,500
"2090-1275","Anemia","Hindawi Publishing Corporation","0","Medicine",193,91,2.12087912087912,0.478,2015,1000
"1687-6970","Anesthesiology Research and Practice","Hindawi Publishing Corporation","0","Medicine",201,102,1.97058823529412,0.436,2015,1000
"1687-6970","Anesthesiology Research and Practice","Hindawi Publishing Corporation","0","Medicine",201,102,1.97058823529412,0.436,2015,800
"1573-7209","Angiogenesis","Springer","1","NULL",1254,264,4.75,1.319,2015,3000
"1578-665X","Animal Biodiversity and Conservation","","0","NULL",121,108,1.12037037037037,0.214,2015,1845
"1435-9456","Animal Cognition","Springer","1","NULL",1505,504,2.98611111111111,0.736,2015,3000
"0137-1649","Animal Science Papers and Reports","Polish Academy of Sciences","0","NULL",169,131,1.29007633587786,0.256,2015,0
"0992-7689","Annales Geophysicae","","0","NULL",1534,812,1.88916256157635,0.414,2015,1845
"1432-0576","Annales Geophysicae","Copernicus Publications","0","Science",1534,812,1.88916256157635,0.414,2015,0
"1432-0576","Annales Geophysicae","Copernicus Publications","0","Science",1534,812,1.88916256157635,0.414,2015,816
"1432-0576","Annales Geophysicae","Copernicus Publications","0","Science",1534,812,1.88916256157635,0.414,2015,560
"0021-2571","Annali Dell Istituto Superiore Di Sanita","","0","NULL",385,241,1.59751037344398,0.335,2015,1845
"0304-4602","Annals Academy of Medicine Singapore","ACAD MEDICINE SINGAPORE","0","MEDICINE",598,505,1.18415841584158,0.23,2015,0
"1232-1966","Annals of Agricultural and Environmental Medicine","","0","NULL",865,525,1.64761904761905,0.348,2015,1845
"1898-2263","Annals of Agricultural and Environmental Medicine","Institute of Agricultural Medicine in Lublin","0","Agriculture",865,525,1.64761904761905,0.348,2015,160
"1898-2263","Annals of Agricultural and Environmental Medicine","Institute of Agricultural Medicine in Lublin","0","Agriculture",865,525,1.64761904761905,0.348,2015,0
"1532-4796","Annals of Behavioral Medicine","Springer","1","NULL",2237,436,5.13073394495413,1.453,2015,3000
"1573-9686","Annals of Biomedical Engineering","Springer","1","NULL",4259,1213,3.51112943116241,0.902,2015,3000
"0974-5181","Annals of Cardiac Anaesthesia","Medknow Publications","0","Medicine",224,226,0.991150442477876,0.184,2015,1845
"1476-0711","Annals of Clinical Microbiology and Antimicrobials","BioMed Central Ltd","0","INFECTIOUS DISEASES",632,196,3.22448979591837,0.81,2015,2145
"1476-0711","Annals of Clinical Microbiology and Antimicrobials","BioMed Central Ltd","0","INFECTIOUS DISEASES",632,196,3.22448979591837,0.81,2015,1625
"1476-0711","Annals of Clinical Microbiology and Antimicrobials","BioMed Central Ltd","0","INFECTIOUS DISEASES",632,196,3.22448979591837,0.81,2015,1781
"0219-3094","Annals of Combinatorics","Springer","1","NULL",146,170,0.858823529411765,0.153,2015,3000
"1934-7243","Annals of Dyslexia","Springer","1","NULL",176,62,2.83870967741935,0.69,2015,3000
"1544-1717","Annals of Family Medicine","Annals Family Medicine","0","NULL",2199,445,4.94157303370787,1.386,2015,0
"1614-2454","Annals of Finance","Springer","1","NULL",149,122,1.22131147540984,0.239,2015,3000
"1844-8135","Annals of Forest Research","","0","NULL",102,92,1.10869565217391,0.212,2015,1845
"2065-2445","Annals of Forest Research","Forest Research and Management Institute ICAS","0","Agriculture",102,92,1.10869565217391,0.212,2015,1845
"1297-966X","Annals of Forest Science","Springer","1","NULL",1060,477,2.22222222222222,0.507,2015,3000
"1744-859X","Annals of General Psychiatry","BioMed Central Ltd","0","PSYCHIATRY",396,226,1.75221238938053,0.376,2015,2450
"1744-859X","Annals of General Psychiatry","BioMed Central Ltd","0","PSYCHIATRY",396,226,1.75221238938053,0.376,2015,2190
"1744-859X","Annals of General Psychiatry","BioMed Central Ltd","0","PSYCHIATRY",396,226,1.75221238938053,0.376,2015,2034.5
"1593-5213","Annals of Geophysics","","0","NULL",590,317,1.86119873817035,0.406,2015,1845
"2037-416X","Annals of Geophysics","Istituto Nazionale di Geofisica e Vulcanologia (INGV)","0","Science",590,317,1.86119873817035,0.406,2015,0
"0260-3055","Annals of Glaciology","","0","NULL",905,394,2.29695431472081,0.529,2015,1845
"1572-9060","Annals of Global Analysis and Geometry","Springer","1","NULL",265,230,1.15217391304348,0.222,2015,3000
"1432-0584","Annals of Hematology","Springer","1","NULL",2624,1238,2.11954765751212,0.478,2015,3000
"0972-2327","Annals of Indian Academy of Neurology","Medknow Publications","0","NEUROSCIENCE",484,492,0.983739837398374,0.182,2015,0
"1998-3549","Annals of Indian Academy of Neurology","Medknow Publications","0","Medicine",484,492,0.983739837398374,0.182,2015,1845
"2110-5820","Annals of Intensive Care","Springer","0","nan",1062,202,5.25742574257426,1.499,2015,1675
"2110-5820","Annals of Intensive Care","Springer","0","nan",1062,202,5.25742574257426,1.499,2015,1965
"2110-5820","Annals of Intensive Care","Springer","0","nan",1062,202,5.25742574257426,1.499,2015,2150
"1573-7470","Annals of Mathematics and Artificial Intelligence","Springer","1","NULL",309,174,1.77586206896552,0.383,2015,3000
"1869-2044","Annals of Microbiology","Springer","1","NULL",1256,751,1.67243675099867,0.355,2015,3000
"1864-6433","Annals of Nuclear Medicine","Springer","1","NULL",1002,524,1.91221374045802,0.42,2015,3000
"1572-9338","Annals of Operations Research","Springer","1","NULL",2102,908,2.31497797356828,0.534,2015,3000
"0974-5149","Annals of Pediatric Cardiology","Medknow Publications","0","Medicine",228,208,1.09615384615385,0.208,2015,1845
"0256-4947","Annals of Saudi Medicine","K FAISAL SPEC HOSP RES CENTRE","0","MEDICINE",567,446,1.27130044843049,0.251,2015,0
"1867-6944","Annals of Solid and Structural Mechanics","Springer","1","NULL",41,34,1.20588235294118,0.235,2015,3000
"1750-1164","Annals of Surgical Innovation and Research","Biomed Central Ltd","0","NULL",93,45,2.06666666666667,0.463,2015,1900
"1534-4681","Annals of Surgical Oncology","Springer","1","NULL",12969,3023,4.29010916308303,1.16,2015,3000
"2186-1005","Annals of Thoracic and Cardiovascular Surgery","Self Owned - Non-Profit Society","0","NULL",561,533,1.05253283302064,0.198,2015,0
"2186-1005","Annals of Thoracic and Cardiovascular Surgery","Self Owned - Non-Profit Society","0","NULL",561,533,1.05253283302064,0.198,2015,2445
"1817-1737","Annals of Thoracic Medicine","Medknow Publications","0","MEDICINE",367,224,1.63839285714286,0.346,2015,0
"1998-3557","Annals of Thoracic Medicine","Medknow Publications","0","Medicine",367,224,1.63839285714286,0.346,2015,1845
"0974-6005","Annals of Tropical Medicine and Public Health","Medknow Publications","0","Medicine",112,193,0.580310880829015,0.094,2015,1845
"2083-4594","Anthropological Review","De Gruyter Open","0","Geography. Anthropology. Recreation",24,41,0.585365853658537,0.095,2015,1845
"0918-7960","Anthropological Science","ANTHROPOLOGICAL SOC NIPPON","0","ANTHROPOLOGY",105,94,1.11702127659574,0.214,2015,0
"0918-7960","Anthropological Science","ANTHROPOLOGICAL SOC NIPPON","0","ANTHROPOLOGY",105,94,1.11702127659574,0.214,2015,750
"2256-5647","Anuario Colombiano De Historia Social Y De La Cultura","Universidad Nacional de Colombia","0","History (General) and history of Europe",18,40,0.45,0.068,2015,0
"1988-4273","Anuario De Estudios Americanos","Consejo Superior de Investigaciones Científicas","0","History America",12,29,0.413793103448276,0.061,2015,0
"1988-4230","Anuario De Estudios Medievales","Consejo Superior de Investigaciones Científicas","0","History (General) and history of Europe",15,35,0.428571428571429,0.064,2015,0
"2041-2851","AoB Plants","Oxford University Press","0","PLANT BIOLOGY",666,231,2.88311688311688,0.704,2015,0
"2041-2851","AoB Plants","Oxford University Press","0","PLANT BIOLOGY",666,231,2.88311688311688,0.704,2015,1000
"1297-9678","Apidologie","Springer","1","NULL",959,346,2.77167630057803,0.67,2015,3000
"2166-532X","APL Materials","AIP Publishing LLC","0","Technology",1262,276,4.57246376811594,1.257,2015,1845
"1573-675X","Apoptosis","Springer","1","NULL",2352,629,3.73926868044515,0.976,2015,3000
"0195-6663","Appetite","Elsevier","0","MEDICINE",6479,1559,4.15586914688903,1.115,2015,2600
"0195-6663","Appetite","Elsevier","0","MEDICINE",6479,1559,4.15586914688903,1.115,2015,2800
"1452-8630","Applicable Analysis and Discrete Mathematics","KoBSON","0","MATHEMATICS",157,107,1.46728971962617,0.301,2015,0
"1687-7675","Applied and Environmental Soil Science","Hindawi Publishing Corporation","0","Agriculture",326,198,1.64646464646465,0.348,2015,600
"1687-7675","Applied and Environmental Soil Science","Hindawi Publishing Corporation","0","Agriculture",326,198,1.64646464646465,0.348,2015,750
"1559-0291","Applied Biochemistry and Biotechnology","Springer","1","NULL",5754,2551,2.25558604468836,0.517,2015,3000
"1176-2322","Applied Bionics and Biomechanics","","0","NULL",90,95,0.947368421052632,0.174,2015,1845
"1572-9095","Applied Categorical Structures","Springer","1","NULL",259,339,0.76401179941003,0.132,2015,3000
"1573-4897","Applied Composite Materials","Springer","1","NULL",440,262,1.6793893129771,0.357,2015,3000
"1785-0037","Applied Ecology and Environmental Research","University Published Non-Profit","0","NULL",132,156,0.846153846153846,0.151,2015,0
"1347-605X","Applied Entomology and Zoology","Springer","1","NULL",390,329,1.1854103343465,0.23,2015,3000
"1866-928X","Applied Geomatics","Springer","1","NULL",179,107,1.67289719626168,0.355,2015,3000
"1179-1896","Applied Health Economics and Health Policy","Springer","1","NULL",511,239,2.13807531380753,0.483,2015,3000
"2196-0089","Applied Informatics","Springer","0","NULL",3,3,1,0.186,2015,1230
"1573-7497","Applied Intelligence","Springer","1","NULL",869,416,2.08894230769231,0.469,2015,3000
"1613-7507","Applied Magnetic Resonance","Springer","1","NULL",554,443,1.25056433408578,0.246,2015,3000
"1432-0614","Applied Microbiology and Biotechnology","Springer","1","NULL",16794,3807,4.4113475177305,1.202,2015,3000
"1432-0630","Applied Physics A","Springer","1","NULL",5012,3021,1.65905329361139,0.351,2015,3000
"1432-0649","Applied Physics B","Springer","1","NULL",3329,1986,1.67623363544814,0.356,2015,3000
"1573-3270","Applied Psychophysiology and Biofeedback","Springer","1","NULL",445,139,3.20143884892086,0.803,2015,3000
"1871-2576","Applied Research in Quality of Life","Springer","1","NULL",257,171,1.50292397660819,0.31,2015,3000
"1874-4621","Applied Spatial Analysis and Policy","Springer","1","NULL",103,67,1.53731343283582,0.319,2015,3000
"0044-8486","Aquaculture","Elsevier","0","ECOLOGY AND EVOLUTION",6370,2317,2.74924471299094,0.663,2015,3600
"1869-215X","Aquaculture Environment Interactions","","0","NULL",364,117,3.11111111111111,0.775,2015,1845
"1869-7534","Aquaculture Environment Interactions","Inter-Research","0","Agriculture",364,117,3.11111111111111,0.775,2015,1736
"1573-143X","Aquaculture International","Springer","1","NULL",718,495,1.45050505050505,0.297,2015,3000
"1864-7790","Aquatic Biology","Inter-Research","0","Science",715,394,1.81472081218274,0.393,2015,1736
"1573-5125","Aquatic Ecology","Springer","1","NULL",474,227,2.08810572687225,0.469,2015,3000
"1573-1421","Aquatic Geochemistry","Springer","1","NULL",292,159,1.83647798742138,0.399,2015,3000
"1798-6540","Aquatic Invasions","","0","NULL",758,321,2.3613707165109,0.547,2015,1845
"1818-5487","Aquatic Invasions","Regional Euro-Asian Biological Invasions Centre (REABIC)","0","Geography. Anthropology. Recreation",758,321,2.3613707165109,0.547,2015,784
"1420-9055","Aquatic Sciences","Springer","1","NULL",836,241,3.46887966804979,0.888,2015,3000
"2027-5374","Aquichan","Universidad de La Sabana","0","Medicine",112,139,0.805755395683453,0.142,2015,0
"2191-4281","Arabian Journal for Science and Engineering","Springer","1","NULL",1316,1157,1.13742437337943,0.218,2015,0
"2191-4281","Arabian Journal for Science and Engineering","Springer","1","NULL",1316,1157,1.13742437337943,0.218,2015,3000
"1878-5352","Arabian Journal of Chemistry","","0","NULL",1181,441,2.67800453514739,0.641,2015,1845
"1866-7538","Arabian Journal of Geosciences","Springer","1","NULL",2190,978,2.23926380368098,0.512,2015,3000
"1866-9565","Archaeological and Anthropological Sciences","Springer","1","NULL",253,136,1.86029411764706,0.406,2015,3000
"1420-8938","Archiv Der Mathematik","Springer","1","NULL",348,449,0.775055679287305,0.135,2015,3000
"1573-7519","Archival Science","Springer","1","NULL",159,98,1.62244897959184,0.341,2015,3000
"1432-0657","Archive for History of Exact Sciences","Springer","1","NULL",61,62,0.983870967741936,0.182,2015,3000
"1432-0665","Archive for Mathematical Logic","Springer","0","nan",143,169,0.846153846153846,0.151,2015,3000
"1432-0673","Archive for Rational Mechanics and Analysis","Springer","1","NULL",1807,550,3.28545454545455,0.83,2015,3000
"1432-0681","Archive of Applied Mechanics","Springer","1","NULL",815,524,1.55534351145038,0.324,2015,3000
"0137-5075","Archives of Acoustics","Versita","0","nan",281,315,0.892063492063492,0.161,2015,0
"0354-4664","Archives of Biological Sciences","","0","NULL",487,582,0.836769759450172,0.148,2015,1845
"1821-4339","Archives of Biological Sciences","Serbian Biological Society","0","Science",487,582,0.836769759450172,0.148,2015,0
"1886-1784","Archives of Computational Methods in Engineering","Springer","1","NULL",482,66,7.3030303030303,2.266,2015,3000
"1432-069X","Archives of Dermatological Research","Springer","1","NULL",1302,488,2.66803278688525,0.638,2015,3000
"1432-0703","Archives of Environmental Contamination and Toxicology","Springer","1","NULL",1705,701,2.43223965763195,0.568,2015,3000
"2083-4772","Archives of Environmental Protection","","0","NULL",178,159,1.11949685534591,0.214,2015,1845
"2083-4810","Archives of Environmental Protection","De Gruyter Open","0","Technology",178,159,1.11949685534591,0.214,2015,1845
"1432-0711","Archives of Gynecology and Obstetrics","Springer","1","NULL",3613,2034,1.77630285152409,0.383,2015,3000
"1349-1717","Archives of Histology and Cytology","Japan Soc Histol Documentation Niigata Univ Medical School","0","NULL",21,19,1.10526315789474,0.211,2015,0
"0373-2029","Archives of Mechanics","Polish Academy of Sciences","0","STRUCTURAL ENGINEERING",150,120,1.25,0.246,2015,0
"1896-9151","Archives of Medical Science","Self Owned - Non-Profit Society","0","NULL",1551,816,1.90073529411765,0.417,2015,253
"1896-9151","Archives of Medical Science","Self Owned - Non-Profit Society","0","NULL",1551,816,1.90073529411765,0.417,2015,396
"1733-3490","Archives of Metallurgy and Materials","Polish Academy of Sciences","0","PHYSICS AND CHEMISTRY",801,766,1.04569190600522,0.196,2015,0
"2300-1909","Archives of Metallurgy and Materials","De Gruyter Open","0","Technology",801,766,1.04569190600522,0.196,2015,1845
"1432-072X","Archives of Microbiology","Springer","1","NULL",1039,473,2.19661733615222,0.5,2015,3000
"1434-3916","Archives of Orthopaedic and Trauma Surgery","Springer","1","NULL",2691,1138,2.36467486818981,0.548,2015,3000
"1862-3514","Archives of Osteoporosis","Springer","1","NULL",549,150,3.66,0.95,2015,3000
"1976-3786","Archives of Pharmacal Research","Springer","1","NULL",2444,1082,2.25878003696858,0.518,2015,3000
"2083-6139","Archives of Polish Fisheries","De Gruyter Open","0","Agriculture",74,131,0.564885496183206,0.091,2015,1845
"2169-3269","Archives of Scientific Psychology","American Psychological Association","0","Philosophy. Psychology. Religion",12,9,1.33333333333333,0.267,2015,1845
"1573-2800","Archives of Sexual Behavior","Springer","1","NULL",3079,781,3.94238156209987,1.043,2015,3000
"1432-0738","Archives of Toxicology","Springer","1","NULL",3918,775,5.05548387096774,1.427,2015,3000
"1432-8798","Archives of Virology","Springer","1","NULL",3771,1585,2.37917981072555,0.553,2015,3000
"2339-3874","Archivos De Medicina","Universidad de Manizales","0","Medicine",4,8,0.5,0.078,2015,0
"1885-4494","Archivos De Zootecnia","Universidad de Córdoba","0","Agriculture",153,260,0.588461538461538,0.095,2015,0
"1661-4917","Archivum Immunologiae Et Therapiae Experimentalis","Springer","1","NULL",706,225,3.13777777777778,0.783,2015,3000
"1572-8374","Argumentation","Springer","1","NULL",141,121,1.16528925619835,0.225,2015,3000
"1848-6312","Arhiv Za Higijenu Rada I Toksikologiju","De Gruyter Open","0","Medicine",333,247,1.34817813765182,0.27,2015,0
"1551-7012","Arkivoc","Self Owned - Non-Profit Society","0","NULL",526,598,0.879598662207358,0.158,2015,0
"0102-0935","Arquivo Brasileiro De Medicina Veterinaria E Zootecnia","","0","NULL",582,783,0.743295019157088,0.128,2015,1845
"0066-782X","Arquivos Brasileiros De Cardiologia","","0","NULL",1737,1224,1.41911764705882,0.289,2015,1845
"1678-4170","Arquivos Brasileiros De Cardiologia","Sociedade Brasileira de Cardiologia (SBC)","0","Medicine",1737,1224,1.41911764705882,0.289,2015,0
"1678-2925","Arquivos Brasileiros De Oftalmologia","Conselho Brasileiro de Oftalmologia","0","Medicine",312,382,0.816753926701571,0.144,2015,150.5
"1678-4219","Arquivos De Gastroenterologia","Instituto Brasileiro de Estudos e Pesquisas de Gastroenterologia (IBEPEGE)","0","Medicine",401,261,1.53639846743295,0.319,2015,0
"2090-1992","Arthritis","Hindawi Publishing Corporation","0","Medicine",297,100,2.97,0.731,2015,500
"2090-1992","Arthritis","Hindawi Publishing Corporation","0","Medicine",297,100,2.97,0.731,2015,1000
"1478-6354","Arthritis Research & Therapy","BioMed Central","0","Medicine",7546,1617,4.66666666666667,1.29,2015,1845
"1478-6354","Arthritis Research & Therapy","BioMed Central","0","Medicine",7546,1617,4.66666666666667,1.29,2015,2164.5
"1478-6362","Arthritis Research & Therapy","BioMed Central","0","RHEUMATOLOGY",7546,1617,4.66666666666667,1.29,2015,2740
"1434-3924","Arthroskopie","Springer","1","NULL",29,100,0.29,0.039,2015,3000
"1572-8382","Artificial Intelligence and Law","Springer","1","NULL",102,70,1.45714285714286,0.298,2015,3000
"1573-7462","Artificial Intelligence Review","Springer","1","NULL",1224,422,2.90047393364929,0.709,2015,3000
"1614-7456","Artificial Life and Robotics","Springer","1","NULL",156,260,0.6,0.098,2015,3000
"1612-1031","Asia Europe Journal","Springer","1","NULL",87,111,0.783783783783784,0.137,2015,3000
"1876-407X","Asia Pacific Education Review","Springer","1","NULL",407,274,1.48540145985401,0.306,2015,3000
"1447-056X","Asia Pacific Family Medicine","BioMed Central","0","Medicine",80,52,1.53846153846154,0.319,2015,2145
"1447-056X","Asia Pacific Family Medicine","BioMed Central","0","Medicine",80,52,1.53846153846154,0.319,2015,1625
"1447-056X","Asia Pacific Family Medicine","BioMed Central","0","Medicine",80,52,1.53846153846154,0.319,2015,1781
"1572-9958","Asia Pacific Journal of Management","Springer","1","NULL",874,247,3.53846153846154,0.911,2015,3000
"2077-2025","Asian Journal of Algebra","Asian Network for Scientific Information (ansinet)","0","NULL",0,4,0,0,2015,1845
"1008-682X","Asian Journal of Andrology","","0","NULL",1803,787,2.29097839898348,0.527,2015,1845
"1745-7262","Asian Journal of Andrology","Wolters Kluwer Medknow Publications","0","Medicine",1803,787,2.29097839898348,0.527,2015,710.5
"2321-0893","Asian Journal of Applied Sciences","Asian Online Journals","0","NULL",122,218,0.559633027522936,0.089,2015,1845
"0970-7077","Asian Journal of Chemistry","nan","0","NULL",214,424,0.504716981132076,0.079,2015,1845
"0975-427X","Asian Journal of Chemistry","nan","0","NULL",214,424,0.504716981132076,0.079,2015,1845
"1992-1470","Asian Journal of Clinical Nutrition","Asian Network for Scientific Information (ansinet)","0","NULL",44,38,1.15789473684211,0.223,2015,1845
"2077-2033","Asian Journal of Clinical Nutrition","Asian Network for Scientific Information (ansinet)","0","NULL",44,38,1.15789473684211,0.223,2015,1845
"1871-014X","Asian Journal of Criminology","Springer","1","NULL",56,75,0.746666666666667,0.129,2015,3000
"1994-7879","Asian Journal of Crop Science","Asian Network for Scientific Information (ansinet)","0","NULL",85,90,0.944444444444444,0.173,2015,1845
"2077-2041","Asian Journal of Crop Science","Asian Network for Scientific Information (ansinet)","0","NULL",85,90,0.944444444444444,0.173,2015,1845
"1992-1462","Asian Journal of Epidemiology","Asian Network for Scientific Information (ansinet)","0","NULL",14,21,0.666666666666667,0.112,2015,1845
"2077-205X","Asian Journal of Epidemiology","Asian Network for Scientific Information (ansinet)","0","NULL",14,21,0.666666666666667,0.112,2015,1845
"1994-5418","Asian Journal of Mathematics & Statistics","Asian Network for Scientific Information (ansinet)","0","NULL",35,48,0.729166666666667,0.125,2015,1845
"2077-2068","Asian Journal of Mathematics & Statistics","Asian Network for Scientific Information (ansinet)","0","NULL",35,48,0.729166666666667,0.125,2015,1845
"1998-409X","Asian Journal of Pharmaceutics","Medknow Publications","0","Medicine",126,130,0.969230769230769,0.179,2015,1845
"1682-3974","Asian Journal of Plant Sciences","Asian Network for Scientific Information (ansinet)","0","NULL",188,177,1.06214689265537,0.2,2015,1845
"1812-5697","Asian Journal of Plant Sciences","Asian Network for Scientific Information (ansinet)","0","NULL",188,177,1.06214689265537,0.2,2015,1845
"1992-1454","Asian Journal of Scientific Research","Asian Network for Scientific Information (ansinet)","0","NULL",114,140,0.814285714285714,0.143,2015,1845
"2077-2076","Asian Journal of Scientific Research","Asian Network for Scientific Information (ansinet)","0","NULL",114,140,0.814285714285714,0.143,2015,1845
"1015-9584","Asian Journal of Surgery","","0","NULL",183,148,1.23648648648649,0.243,2015,1845
"1998-3565","Asian Journal of Transfusion Science","Medknow Publications","0","Medicine",191,152,1.25657894736842,0.248,2015,1845
"1513-7368","Asian Pacific Journal of Cancer Prevention","Self Owned - Non-Profit Society","0","ONCOLOGY",11762,4860,2.4201646090535,0.565,2015,50
"1513-7368","Asian Pacific Journal of Cancer Prevention","Self Owned - Non-Profit Society","0","ONCOLOGY",11762,4860,2.4201646090535,0.565,2015,0
"1513-7368","Asian Pacific Journal of Cancer Prevention","Self Owned - Non-Profit Society","0","ONCOLOGY",11762,4860,2.4201646090535,0.565,2015,200
"1759-0914","ASN Neuro","PORTLAND PRESS LTD","0","NEUROSCIENCE",612,134,4.56716417910448,1.255,2015,1750
"1759-0914","ASN Neuro","PORTLAND PRESS LTD","0","NEUROSCIENCE",612,134,4.56716417910448,1.255,2015,1950
"1759-0914","ASN Neuro","PORTLAND PRESS LTD","0","NEUROSCIENCE",612,134,4.56716417910448,1.255,2015,999
"1863-818X","Asta Advances in Statistical Analysis","Springer","1","NULL",201,95,2.11578947368421,0.477,2015,3000
"1572-946X","Astrophysics and Space Science","Springer","1","NULL",2646,1658,1.59589867310012,0.334,2015,3000
"0212-6567","Atencion Primaria","","0","NULL",505,547,0.923217550274223,0.168,2015,1845
"0021-9150","Atherosclerosis","Elsevier","0","MEDICINE",11355,2743,4.13962814436748,1.109,2015,3000
"0021-9150","Atherosclerosis","Elsevier","0","MEDICINE",11355,2743,4.13962814436748,1.109,2015,3300
"1573-9678","Atlantic Economic Journal","Springer","1","NULL",78,142,0.549295774647887,0.087,2015,3000
"0187-6236","Atmosfera","CENTRO CIENCIAS ATMOSFERA UNAM","0","nan",141,123,1.14634146341463,0.221,2015,0
"2073-4433","Atmosphere","MDPI","0","nan",374,369,1.01355013550135,0.189,2015,268
"2073-4433","Atmosphere","MDPI","0","nan",374,369,1.01355013550135,0.189,2015,1026.27
"2073-4433","Atmosphere","MDPI","0","nan",374,369,1.01355013550135,0.189,2015,1036.81
"1680-7316","Atmospheric Chemistry and Physics","","0","NULL",20362,4363,4.66697226678891,1.29,2015,1845
"1680-7324","Atmospheric Chemistry and Physics","Copernicus Publications","0","Science",20362,4363,4.66697226678891,1.29,2015,1000
"1680-7324","Atmospheric Chemistry and Physics","Copernicus Publications","0","Science",20362,4363,4.66697226678891,1.29,2015,0
"1680-7324","Atmospheric Chemistry and Physics","Copernicus Publications","0","Science",20362,4363,4.66697226678891,1.29,2015,1120
"1680-7324","Atmospheric Chemistry and Physics","Copernicus Publications","0","Science",20362,4363,4.66697226678891,1.29,2015,1268.55
"1867-1381","Atmospheric Measurement Techniques","","0","NULL",3541,1102,3.21324863883848,0.807,2015,1845
"1867-8548","Atmospheric Measurement Techniques","Copernicus Publications","0","Technology",3541,1102,3.21324863883848,0.807,2015,0
"1867-8548","Atmospheric Measurement Techniques","Copernicus Publications","0","Technology",3541,1102,3.21324863883848,0.807,2015,1120
"1530-261X","Atmospheric Science Letters","Wiley","0","Science",548,242,2.26446280991736,0.519,2015,1300
"2008-2657","Audiology","Tehran University of Medical Sciences","0","Medicine",5,13,0.384615384615385,0.056,2015,0
"1449-5554","Australasian Journal of Educational Technology","Self Owned - Non-Profit Society","0","NULL",1106,344,3.21511627906977,0.807,2015,0
"1326-2238","Australasian Journal of Information Systems","Australasian Association for Information Systems","0","Technology",75,59,1.27118644067797,0.251,2015,0
"1836-1935","Australasian Medical Journal","nan","0","NULL",439,356,1.23314606741573,0.242,2015,1845
"1879-5447","Australasian Physical & Engineering Sciences in Medicine","Springer","1","NULL",248,221,1.12217194570136,0.215,2015,3000
"1448-6032","Australasian Plant Pathology","Springer","1","NULL",472,345,1.36811594202899,0.276,2015,3000
"1743-8462","Australia and New Zealand Health Policy","Biomed Central Ltd","0","NULL",9,3,3,0.74,2015,1625
"1835-2707","Australian Journal of Crop Science","Self Owned - Non-Profit Society","0","NULL",1473,949,1.55216016859852,0.323,2015,355
"1835-2707","Australian Journal of Crop Science","Self Owned - Non-Profit Society","0","NULL",1473,949,1.55216016859852,0.323,2015,332
"0251-7493","Austrian Journal of Earth Sciences","Austrian Geological Society","0","",38,23,1.65217391304348,0.349,2015,0
"1470-9589","Autex Research Journal","","0","NULL",72,90,0.8,0.14,2015,1845
"2300-0929","Autex Research Journal","De Gruyter Open","0","Technology",72,90,0.8,0.14,2015,1845
"2090-1933","Autism Research and Treatment","Hindawi Publishing Corporation","0","Medicine",260,86,3.02325581395349,0.747,2015,0
"2090-1933","Autism Research and Treatment","Hindawi Publishing Corporation","0","Medicine",260,86,3.02325581395349,0.747,2015,750
"2090-0430","Autoimmune Diseases","Hindawi Publishing Corporation","0","Medicine",477,170,2.80588235294118,0.68,2015,1000
"1759-4499","Automated Experimentation","Biomed Central Ltd","0","NULL",19,8,2.375,0.551,2015,1625
"0005-1098","Automatica","Elsevier","0","ROBOTICS",12143,1828,6.64277899343545,2.011,2015,3100
"1573-7527","Autonomous Robots","Springer","1","NULL",1227,236,5.19915254237288,1.478,2015,3000
"1712-6568","Avian Conservation and Ecology","","0","NULL",162,78,2.07692307692308,0.466,2015,1845
"1572-8390","Axiomathes","Springer","1","NULL",85,100,0.85,0.151,2015,3000
"1843-2875","Balkan Journal of Geometry and Its Applications","Geometry Balkan Press, Bucharest","0","Science",2,5,0.4,0.059,2015,0
"1311-0160","Balkan Journal of Medical Genetics","","0","NULL",56,84,0.666666666666667,0.112,2015,1845
"2146-3123","Balkan Medical Journal","","0","NULL",147,233,0.630901287553648,0.104,2015,1845
"2029-0454","Baltic Journal of Law & Politics","De Gruyter Open","0","Law",3,25,0.12,0.013,2015,1845
"0067-3064","Baltica","INST GEOLOGY & GEOGRAPHY","0","nan",46,51,0.901960784313726,0.163,2015,0
"1991-007X","Bangladesh Journal of Pharmacology","","0","NULL",201,196,1.02551020408163,0.192,2015,1845
"1991-0088","Bangladesh Journal of Pharmacology","Bangladesh Pharmacological Society","0","Medicine",201,196,1.02551020408163,0.192,2015,0
"1028-2092","Bangladesh Journal of Plant Taxonomy","Self Owned - Non-Profit Society","0","ECOLOGY AND EVOLUTION",52,82,0.634146341463415,0.105,2015,0
"2224-7297","Bangladesh Journal of Plant Taxonomy","Bangladesh Association of Plant Taxonomists","0","Science",52,82,0.634146341463415,0.105,2015,0
"1435-1803","Basic Research in Cardiology","Springer","1","NULL",2209,398,5.55025125628141,1.604,2015,3000
"1931-6690","Bayesian Analysis","Self Owned - Non-Profit Society","0","nan",640,160,4,1.063,2015,0
"1931-6690","Bayesian Analysis","Self Owned - Non-Profit Society","0","nan",640,160,4,1.063,2015,200
"1931-6690","Bayesian Analysis","Self Owned - Non-Profit Society","0","nan",640,160,4,1.063,2015,550
"1573-3297","Behavior Genetics","Springer","1","NULL",1052,339,3.10324483775811,0.772,2015,3000
"1554-3528","Behavior Research Methods","Springer","1","NULL",2570,508,5.05905511811024,1.428,2015,3000
"1744-9081","Behavioral and Brain Functions","Biomed Central","0","NEUROSCIENCE",960,280,3.42857142857143,0.875,2015,2145
"1744-9081","Behavioral and Brain Functions","Biomed Central","0","NEUROSCIENCE",960,280,3.42857142857143,0.875,2015,1680
"1744-9081","Behavioral and Brain Functions","Biomed Central","0","NEUROSCIENCE",960,280,3.42857142857143,0.875,2015,2000
"1744-9081","Behavioral and Brain Functions","Biomed Central","0","NEUROSCIENCE",960,280,3.42857142857143,0.875,2015,1781
"1432-0762","Behavioral Ecology and Sociobiology","Springer","1","NULL",2998,946,3.16913319238901,0.793,2015,3000
"0953-4180","Behavioural Neurology","","0","NULL",509,255,1.99607843137255,0.443,2015,1845
"2190-4286","Beilstein Journal of Nanotechnology","Beilstein-Institut","0","Technology",1563,550,2.84181818181818,0.691,2015,0
"1860-5397","Beilstein Journal of Organic Chemistry","BEILSTEIN-INSTITUT","0","PHYSICS AND CHEMISTRY",3239,1187,2.72872788542544,0.657,2015,0
"1667-5746","Biocell","Inst Histol Embriol-Conicet","0","NULL",70,47,1.48936170212766,0.307,2015,0
"1667-5746","Biocell","Inst Histol Embriol-Conicet","0","NULL",70,47,1.48936170212766,0.307,2015,750
"1330-0962","Biochemia Medica","Self Owned - Non-Profit Society","0","MEDICINE",546,198,2.75757575757576,0.665,2015,0
"1573-4927","Biochemical Genetics","Springer","1","NULL",381,334,1.14071856287425,0.219,2015,3000
"2090-2255","Biochemistry Research International","Hindawi Publishing Corporation","0","Science",484,156,3.1025641025641,0.772,2015,1000
"2090-2255","Biochemistry Research International","Hindawi Publishing Corporation","0","Science",484,156,3.1025641025641,0.772,2015,1250
"0300-9084","Biochimie","Elsevier","0","MOLECULAR AND CELL BIOLOGY",4566,1356,3.36725663716814,0.856,2015,2200
"0300-9084","Biochimie","Elsevier","0","MOLECULAR AND CELL BIOLOGY",4566,1356,3.36725663716814,0.856,2015,2400
"1573-8248","Biocontrol","Springer","1","NULL",1047,366,2.86065573770492,0.697,2015,3000
"1342-4815","Biocontrol Science","Society for Bacterial and Antifungal agents","0","FOOD SCIENCE",136,113,1.20353982300885,0.235,2015,136
"1342-4815","Biocontrol Science","Society for Bacterial and Antifungal agents","0","FOOD SCIENCE",136,113,1.20353982300885,0.235,2015,4400
"1342-4815","Biocontrol Science","Society for Bacterial and Antifungal agents","0","FOOD SCIENCE",136,113,1.20353982300885,0.235,2015,271
"1756-0381","BioData Mining","BioMed Central Ltd","0","MOLECULAR AND CELL BIOLOGY",259,103,2.51456310679612,0.593,2015,2145
"1756-0381","BioData Mining","BioMed Central Ltd","0","MOLECULAR AND CELL BIOLOGY",259,103,2.51456310679612,0.593,2015,1625
"1756-0381","BioData Mining","BioMed Central Ltd","0","MOLECULAR AND CELL BIOLOGY",259,103,2.51456310679612,0.593,2015,1781
"1572-9729","Biodegradation","Springer","1","NULL",1205,429,2.80885780885781,0.681,2015,3000
"1572-9710","Biodiversity and Conservation","Springer","1","NULL",3422,1078,3.17439703153989,0.794,2015,3000
"1179-190X","Biodrugs","Springer","1","NULL",717,232,3.09051724137931,0.768,2015,3000
"1567-5394","Bioelectrochemistry","Elsevier","0","nan",1462,374,3.90909090909091,1.032,2015,2600
"1939-1242","Bioenergy Research","Springer","1","NULL",1745,412,4.23543689320388,1.142,2015,3000
"1573-515X","Biogeochemistry","Springer","1","NULL",2857,653,4.37519142419602,1.189,2015,3000
"1726-4170","Biogeosciences","","0","NULL",8814,1934,4.55739400206825,1.252,2015,1845
"1726-4189","Biogeosciences","Copernicus Publications","0","Science",8814,1934,4.55739400206825,1.252,2015,0
"1726-4189","Biogeosciences","Copernicus Publications","0","Science",8814,1934,4.55739400206825,1.252,2015,1120
"1810-6285","Biogeosciences Discussions","Copernicus Publications","0","Science",477,486,0.981481481481482,0.181,2015,1120
"1573-6768","Biogerontology","Springer","1","NULL",921,277,3.32490974729242,0.842,2015,3000
"1177-9322","Bioinformatics and Biology Insights","Libertas Academica","0","Science",144,75,1.92,0.422,2015,1848
"1687-479X","Bioinorganic Chemistry and Applications","Hindawi","0","NULL",323,176,1.83522727272727,0.399,2015,1200
"1687-479X","Bioinorganic Chemistry and Applications","Hindawi","0","NULL",323,176,1.83522727272727,0.399,2015,1250
"1559-4106","Biointerphases","AVS (American Vacuum Society)","0","PHYSICS AND CHEMISTRY",622,203,3.064039408867,0.76,2015,800
"1559-4106","Biointerphases","AVS (American Vacuum Society)","0","PHYSICS AND CHEMISTRY",622,203,3.064039408867,0.76,2015,1065
"1559-4106","Biointerphases","AVS (American Vacuum Society)","0","PHYSICS AND CHEMISTRY",622,203,3.064039408867,0.76,2015,1085
"1573-8264","Biologia Plantarum","Springer","1","NULL",1097,587,1.86882453151618,0.408,2015,3000
"1347-5215","Biological & Pharmaceutical Bulletin","J-Stage","0","NULL",3121,1553,2.00965872504829,0.447,2015,0
"1347-5215","Biological & Pharmaceutical Bulletin","J-Stage","0","NULL",3121,1553,2.00965872504829,0.447,2015,646
"1432-0770","Biological Cybernetics","Springer","1","NULL",716,260,2.75384615384615,0.664,2015,3000
"1573-1464","Biological Invasions","Springer","1","NULL",4306,1230,3.50081300813008,0.898,2015,3000
"1734-7467","Biological Letters","De Gruyter Open","0","Science",21,40,0.525,0.083,2015,1845
"1480-9222","Biological Procedures Online","Biomed Central","0","MOLECULAR AND CELL BIOLOGY",116,51,2.27450980392157,0.522,2015,2450
"1480-9222","Biological Procedures Online","Biomed Central","0","MOLECULAR AND CELL BIOLOGY",116,51,2.27450980392157,0.522,2015,1900
"1480-9222","Biological Procedures Online","Biomed Central","0","MOLECULAR AND CELL BIOLOGY",116,51,2.27450980392157,0.522,2015,2000
"1480-9222","Biological Procedures Online","Biomed Central","0","MOLECULAR AND CELL BIOLOGY",116,51,2.27450980392157,0.522,2015,2034.5
"0717-6287","Biological Research","Chilean Biology Society","0","NULL",491,260,1.88846153846154,0.413,2015,2240
"0717-6287","Biological Research","Chilean Biology Society","0","NULL",491,260,1.88846153846154,0.413,2015,0
"1555-5550","Biological Theory","Springer","1","NULL",347,202,1.71782178217822,0.367,2015,3000
"1559-0720","Biological Trace Element Research","Springer","1","NULL",3225,1636,1.97127139364303,0.436,2015,3000
"1045-1056","Biologicals","Elsevier","0","INFECTIOUS DISEASES",742,358,2.07262569832402,0.465,2015,3000
"1432-0789","Biology and Fertility of Soils","Springer","1","NULL",1947,528,3.6875,0.959,2015,3000
"1745-6150","Biology Direct","Biomed Central","0","MOLECULAR AND CELL BIOLOGY",1004,241,4.16597510373444,1.118,2015,2145
"1745-6150","Biology Direct","Biomed Central","0","MOLECULAR AND CELL BIOLOGY",1004,241,4.16597510373444,1.118,2015,1900
"1745-6150","Biology Direct","Biomed Central","0","MOLECULAR AND CELL BIOLOGY",1004,241,4.16597510373444,1.118,2015,2000
"1745-6150","Biology Direct","Biomed Central","0","MOLECULAR AND CELL BIOLOGY",1004,241,4.16597510373444,1.118,2015,1781
"2042-6410","Biology of Sex Differences","BioMed Central Ltd","0","nan",409,89,4.59550561797753,1.265,2015,2450
"2042-6410","Biology of Sex Differences","BioMed Central Ltd","0","nan",409,89,4.59550561797753,1.265,2015,2055
"0860-021X","Biology of Sport","","0","NULL",262,223,1.17488789237668,0.228,2015,1845
"2083-1862","Biology of Sport","Termedia Publishing House","0","Medicine",262,223,1.17488789237668,0.228,2015,210
"2083-1862","Biology of Sport","Termedia Publishing House","0","Medicine",262,223,1.17488789237668,0.228,2015,257.6
"1177-2719","Biomarker Insights","Libertas Academica","0","Medicine",190,75,2.53333333333333,0.598,2015,1848
"0142-9612","Biomaterials","Elsevier","0","PHYSICS AND CHEMISTRY",47622,4878,9.76260762607626,3.264,2015,3500
"1617-7940","Biomechanics and Modeling in Mechanobiology","Springer","1","NULL",1449,417,3.47482014388489,0.89,2015,3000
"2314-6133","Biomed Research International","","0","NULL",19285,6728,2.86637931034483,0.699,2015,1845
"2314-6141","BioMed Research International","Hindawi Publishing Corporation","0","Medicine",19285,6728,2.86637931034483,0.699,2015,2000
"0120-4157","Biomedica","","0","NULL",485,508,0.954724409448819,0.175,2015,1845
"1475-925X","Biomedical Engineering Online","Biomed Central","0","SPORTS MEDICINE",1722,556,3.09712230215827,0.77,2015,2145
"1475-925X","Biomedical Engineering Online","Biomed Central","0","SPORTS MEDICINE",1722,556,3.09712230215827,0.77,2015,1625
"1475-925X","Biomedical Engineering Online","Biomed Central","0","SPORTS MEDICINE",1722,556,3.09712230215827,0.77,2015,2000
"1475-925X","Biomedical Engineering Online","Biomed Central","0","SPORTS MEDICINE",1722,556,3.09712230215827,0.77,2015,1781
"1572-8781","Biomedical Microdevices","Springer","1","NULL",1464,523,2.79923518164436,0.678,2015,3000
"1572-8773","Biometals","Springer","1","NULL",1517,528,2.87310606060606,0.701,2015,3000
"1932-1058","Biomicrofluidics","American Institute of Physics","0","PHYSICS AND CHEMISTRY",2272,706,3.21813031161473,0.808,2015,1500
"1932-1058","Biomicrofluidics","American Institute of Physics","0","PHYSICS AND CHEMISTRY",2272,706,3.21813031161473,0.808,2015,2200
"1874-270X","Biomolecular Nmr Assignments","Springer","1","NULL",177,278,0.636690647482014,0.105,2015,3000
"1867-2469","Biophysical Reviews","Springer","1","NULL",248,111,2.23423423423423,0.511,2015,3000
"1615-7605","Bioprocess and Biosystems Engineering","Springer","1","NULL",2070,884,2.34162895927602,0.542,2015,3000
"1751-0759","BioPsychoSocial Medicine","BioMed Central","0","Medicine",280,98,2.85714285714286,0.696,2015,2145
"1751-0759","BioPsychoSocial Medicine","BioMed Central","0","Medicine",280,98,2.85714285714286,0.696,2015,1625
"1751-0759","BioPsychoSocial Medicine","BioMed Central","0","Medicine",280,98,2.85714285714286,0.696,2015,1781
"1930-2126","BioResources","Self Owned - Non-Profit Society","0","WOOD PRODUCTS",2987,1923,1.55330213208528,0.323,2015,0
"1930-2126","BioResources","Self Owned - Non-Profit Society","0","WOOD PRODUCTS",2987,1923,1.55330213208528,0.323,2015,1575
"1754-7431","Bioscience Horizons","Oxford University Press","0","NULL",65,54,1.2037037037037,0.235,2015,0
"0144-8463","Bioscience Reports","","0","NULL",811,293,2.7679180887372,0.669,2015,1845
"1881-7823","Bioscience Trends","Self Owned - Unknown Profit Status","0","NULL",407,217,1.87557603686636,0.41,2015,0
"1881-7823","Bioscience Trends","Self Owned - Unknown Profit Status","0","NULL",407,217,1.87557603686636,0.41,2015,2100
"1875-1350","Biosemiotics","Springer","1","NULL",104,103,1.00970873786408,0.188,2015,3000
"0303-2647","BioSystems","Elsevier","0","MOLECULAR AND CELL BIOLOGY",988,459,2.15250544662309,0.487,2015,1800
"1676-0611","Biota Neotropica","Fundação de Amparo à Pesquisa do Estado de SP","0","Science",705,561,1.25668449197861,0.248,2015,400
"1370-6233","Biotechnologie Agronomie Societe Et Environnement","","0","NULL",336,306,1.09803921568627,0.209,2015,1845
"1310-2818","Biotechnology & Biotechnological Equipment","","0","NULL",376,565,0.665486725663717,0.111,2015,1845
"1314-3530","Biotechnology & Biotechnological Equipment","Taylor & Francis Group","0","Technology",376,565,0.665486725663717,0.111,2015,560
"1754-6834","Biotechnology for Biofuels","Biomed Central","0","nan",4925,545,9.03669724770642,2.962,2015,2450
"1754-6834","Biotechnology for Biofuels","Biomed Central","0","nan",4925,545,9.03669724770642,2.962,2015,2055
"1754-6834","Biotechnology for Biofuels","Biomed Central","0","nan",4925,545,9.03669724770642,2.962,2015,2285
"1754-6834","Biotechnology for Biofuels","Biomed Central","0","nan",4925,545,9.03669724770642,2.962,2015,2034.5
"1573-6776","Biotechnology Letters","Springer","1","NULL",3101,1440,2.15347222222222,0.488,2015,3000
"2090-3146","Biotechnology Research International","Hindawi Publishing Corporation","0","Technology",296,94,3.14893617021277,0.786,2015,1000
"2090-3146","Biotechnology Research International","Hindawi Publishing Corporation","0","Technology",296,94,3.14893617021277,0.786,2015,750
"1572-9125","Bit Numerical Mathematics","Springer","1","NULL",381,221,1.72398190045249,0.369,2015,3000
"2044-5385","Blood Cancer Journal","","0","NULL",851,254,3.3503937007874,0.85,2015,1845
"1723-2007","Blood Transfusion","Self Owned - Non-Profit Society","0","MEDICINE",376,170,2.21176470588235,0.504,2015,0
"2385-2070","Blood Transfusion","SIMTI Servizi srl","0","Medicine",376,170,2.21176470588235,0.504,2015,1845
"1471-2253","BMC Anesthesiology","BioMed Central Ltd","0","MEDICINE",497,256,1.94140625,0.428,2015,2145
"1471-2253","BMC Anesthesiology","BioMed Central Ltd","0","MEDICINE",497,256,1.94140625,0.428,2015,1845
"1471-2253","BMC Anesthesiology","BioMed Central Ltd","0","MEDICINE",497,256,1.94140625,0.428,2015,1781
"1471-2091","Bmc Biochemistry","BMC-Springer","0","MOLECULAR AND CELL BIOLOGY",462,209,2.21052631578947,0.504,2015,2145
"1471-2091","Bmc Biochemistry","BMC-Springer","0","MOLECULAR AND CELL BIOLOGY",462,209,2.21052631578947,0.504,2015,1845
"1471-2091","Bmc Biochemistry","BMC-Springer","0","MOLECULAR AND CELL BIOLOGY",462,209,2.21052631578947,0.504,2015,1781
"1471-2105","Bmc Bioinformatics","Biomed Central","0","MOLECULAR AND CELL BIOLOGY",13803,3223,4.28265591064226,1.158,2015,2145
"1471-2105","Bmc Bioinformatics","Biomed Central","0","MOLECULAR AND CELL BIOLOGY",13803,3223,4.28265591064226,1.158,2015,1845
"1471-2105","Bmc Bioinformatics","Biomed Central","0","MOLECULAR AND CELL BIOLOGY",13803,3223,4.28265591064226,1.158,2015,2000
"1471-2105","Bmc Bioinformatics","Biomed Central","0","MOLECULAR AND CELL BIOLOGY",13803,3223,4.28265591064226,1.158,2015,1781
"1741-7007","Bmc Biology","Biomed Central","0","MOLECULAR AND CELL BIOLOGY",2881,567,5.08112874779541,1.436,2015,2785
"1741-7007","Bmc Biology","Biomed Central","0","MOLECULAR AND CELL BIOLOGY",2881,567,5.08112874779541,1.436,2015,2190
"1741-7007","Bmc Biology","Biomed Central","0","MOLECULAR AND CELL BIOLOGY",2881,567,5.08112874779541,1.436,2015,2345
"1741-7007","Bmc Biology","Biomed Central","0","MOLECULAR AND CELL BIOLOGY",2881,567,5.08112874779541,1.436,2015,2314
"2046-1682","BMC Biophysics","BMC-Springer","0","MOLECULAR AND CELL BIOLOGY",138,67,2.05970149253731,0.461,2015,2145
"2046-1682","BMC Biophysics","BMC-Springer","0","MOLECULAR AND CELL BIOLOGY",138,67,2.05970149253731,0.461,2015,1845
"1472-6750","Bmc Biotechnology","Biomed Central","0","MOLECULAR AND CELL BIOLOGY",1725,524,3.29198473282443,0.832,2015,2145
"1472-6750","Bmc Biotechnology","Biomed Central","0","MOLECULAR AND CELL BIOLOGY",1725,524,3.29198473282443,0.832,2015,1845
"1472-6750","Bmc Biotechnology","Biomed Central","0","MOLECULAR AND CELL BIOLOGY",1725,524,3.29198473282443,0.832,2015,2000
"1472-6750","Bmc Biotechnology","Biomed Central","0","MOLECULAR AND CELL BIOLOGY",1725,524,3.29198473282443,0.832,2015,1781
"1471-2326","Bmc Blood Disorders","Biomed Central Ltd","0","NULL",45,17,2.64705882352941,0.632,2015,1845
"1471-2407","Bmc Cancer","Biomed Central","0","ONCOLOGY",13637,3428,3.97812135355893,1.055,2015,2145
"1471-2407","Bmc Cancer","Biomed Central","0","ONCOLOGY",13637,3428,3.97812135355893,1.055,2015,1845
"1471-2407","Bmc Cancer","Biomed Central","0","ONCOLOGY",13637,3428,3.97812135355893,1.055,2015,2000
"1471-2407","Bmc Cancer","Biomed Central","0","ONCOLOGY",13637,3428,3.97812135355893,1.055,2015,1781
"1471-2261","BMC Cardiovascular Disorders","Biomed Central","0","MEDICINE",1473,573,2.57068062827225,0.609,2015,2145
"1471-2261","BMC Cardiovascular Disorders","Biomed Central","0","MEDICINE",1473,573,2.57068062827225,0.609,2015,1845
"1471-2261","BMC Cardiovascular Disorders","Biomed Central","0","MEDICINE",1473,573,2.57068062827225,0.609,2015,2000
"1471-2261","BMC Cardiovascular Disorders","Biomed Central","0","MEDICINE",1473,573,2.57068062827225,0.609,2015,1781
"1471-2121","Bmc Cell Biology","Biomed Central","0","MOLECULAR AND CELL BIOLOGY",950,292,3.25342465753425,0.819,2015,2145
"1471-2121","Bmc Cell Biology","Biomed Central","0","MOLECULAR AND CELL BIOLOGY",950,292,3.25342465753425,0.819,2015,1845
"1471-2121","Bmc Cell Biology","Biomed Central","0","MOLECULAR AND CELL BIOLOGY",950,292,3.25342465753425,0.819,2015,2000
"1471-2121","Bmc Cell Biology","Biomed Central","0","MOLECULAR AND CELL BIOLOGY",950,292,3.25342465753425,0.819,2015,1781
"1472-6769","Bmc Chemical Biology","Biomed Central Ltd","0","NULL",37,14,2.64285714285714,0.631,2015,1845
"1472-6890","BMC Clinical Pathology","BioMed Central","0","Medicine",276,116,2.37931034482759,0.553,2015,2145
"1472-6890","BMC Clinical Pathology","BioMed Central","0","Medicine",276,116,2.37931034482759,0.553,2015,1845
"1472-6890","BMC Clinical Pathology","BioMed Central","0","Medicine",276,116,2.37931034482759,0.553,2015,1781
"1472-6904","Bmc Clinical Pharmacology","Biomed Central Ltd","0","NULL",563,250,2.252,0.516,2015,1845
"1472-6882","BMC Complementary and Alternative Medicine","Biomed Central","0","FOOD SCIENCE",4714,1556,3.02956298200514,0.749,2015,2145
"1472-6882","BMC Complementary and Alternative Medicine","Biomed Central","0","FOOD SCIENCE",4714,1556,3.02956298200514,0.749,2015,1845
"1472-6882","BMC Complementary and Alternative Medicine","Biomed Central","0","FOOD SCIENCE",4714,1556,3.02956298200514,0.749,2015,2000
"1472-6882","BMC Complementary and Alternative Medicine","Biomed Central","0","FOOD SCIENCE",4714,1556,3.02956298200514,0.749,2015,1781
"1471-5945","BMC Dermatology","BioMed Central","0","Medicine",177,80,2.2125,0.504,2015,2145
"1471-5945","BMC Dermatology","BioMed Central","0","Medicine",177,80,2.2125,0.504,2015,1845
"1471-5945","BMC Dermatology","BioMed Central","0","Medicine",177,80,2.2125,0.504,2015,1781
"1471-213X","Bmc Developmental Biology","Biomed Central","0","MOLECULAR AND CELL BIOLOGY",968,318,3.0440251572327,0.754,2015,2145
"1471-213X","Bmc Developmental Biology","Biomed Central","0","MOLECULAR AND CELL BIOLOGY",968,318,3.0440251572327,0.754,2015,1845
"1471-213X","Bmc Developmental Biology","Biomed Central","0","MOLECULAR AND CELL BIOLOGY",968,318,3.0440251572327,0.754,2015,2000
"1471-213X","Bmc Developmental Biology","Biomed Central","0","MOLECULAR AND CELL BIOLOGY",968,318,3.0440251572327,0.754,2015,1781
"1472-6785","Bmc Ecology","BioMed Central Ltd","0","nan",551,159,3.46540880503145,0.887,2015,2145
"1472-6785","Bmc Ecology","BioMed Central Ltd","0","nan",551,159,3.46540880503145,0.887,2015,1845
"1472-6785","Bmc Ecology","BioMed Central Ltd","0","nan",551,159,3.46540880503145,0.887,2015,1781
"1471-227X","BMC Emergency Medicine","BioMed Central","0","Medicine",305,116,2.62931034482759,0.627,2015,2145
"1471-227X","BMC Emergency Medicine","BioMed Central","0","Medicine",305,116,2.62931034482759,0.627,2015,1845
"1471-227X","BMC Emergency Medicine","BioMed Central","0","Medicine",305,116,2.62931034482759,0.627,2015,1781
"1472-6823","BMC Endocrine Disorders","BMC-Springer","0","MEDICINE",575,222,2.59009009009009,0.615,2015,2145
"1472-6823","BMC Endocrine Disorders","BMC-Springer","0","MEDICINE",575,222,2.59009009009009,0.615,2015,1845
"1472-6823","BMC Endocrine Disorders","BMC-Springer","0","MEDICINE",575,222,2.59009009009009,0.615,2015,1781
"1471-2148","Bmc Evolutionary Biology","Biomed Central","0","ECOLOGY AND EVOLUTION",6530,1561,4.18321588725176,1.124,2015,2145
"1471-2148","Bmc Evolutionary Biology","Biomed Central","0","ECOLOGY AND EVOLUTION",6530,1561,4.18321588725176,1.124,2015,1845
"1471-2148","Bmc Evolutionary Biology","Biomed Central","0","ECOLOGY AND EVOLUTION",6530,1561,4.18321588725176,1.124,2015,2000
"1471-2148","Bmc Evolutionary Biology","Biomed Central","0","ECOLOGY AND EVOLUTION",6530,1561,4.18321588725176,1.124,2015,1781
"1471-2296","BMC Family Practice","Biomed Central","0","MEDICINE",2228,767,2.90482398956975,0.71,2015,2145
"1471-2296","BMC Family Practice","Biomed Central","0","MEDICINE",2228,767,2.90482398956975,0.71,2015,1845
"1471-2296","BMC Family Practice","Biomed Central","0","MEDICINE",2228,767,2.90482398956975,0.71,2015,2000
"1471-2296","BMC Family Practice","Biomed Central","0","MEDICINE",2228,767,2.90482398956975,0.71,2015,1781
"1471-230X","Bmc Gastroenterology","Biomed Central","0","GASTROENTEROLOGY",2599,847,3.06847697756789,0.761,2015,2145
"1471-230X","Bmc Gastroenterology","Biomed Central","0","GASTROENTEROLOGY",2599,847,3.06847697756789,0.761,2015,1845
"1471-230X","Bmc Gastroenterology","Biomed Central","0","GASTROENTEROLOGY",2599,847,3.06847697756789,0.761,2015,2000
"1471-230X","Bmc Gastroenterology","Biomed Central","0","GASTROENTEROLOGY",2599,847,3.06847697756789,0.761,2015,1781
"1471-2156","Bmc Genetics","Biomed Central","0","MOLECULAR AND CELL BIOLOGY",1964,619,3.17285945072698,0.794,2015,2145
"1471-2156","Bmc Genetics","Biomed Central","0","MOLECULAR AND CELL BIOLOGY",1964,619,3.17285945072698,0.794,2015,1845
"1471-2156","Bmc Genetics","Biomed Central","0","MOLECULAR AND CELL BIOLOGY",1964,619,3.17285945072698,0.794,2015,2000
"1471-2156","Bmc Genetics","Biomed Central","0","MOLECULAR AND CELL BIOLOGY",1964,619,3.17285945072698,0.794,2015,1781
"1471-2164","Bmc Genomics","Biomed Central","0","MOLECULAR AND CELL BIOLOGY",23050,4703,4.9011269402509,1.372,2015,2145
"1471-2164","Bmc Genomics","Biomed Central","0","MOLECULAR AND CELL BIOLOGY",23050,4703,4.9011269402509,1.372,2015,1845
"1471-2164","Bmc Genomics","Biomed Central","0","MOLECULAR AND CELL BIOLOGY",23050,4703,4.9011269402509,1.372,2015,2000
"1471-2164","Bmc Genomics","Biomed Central","0","MOLECULAR AND CELL BIOLOGY",23050,4703,4.9011269402509,1.372,2015,1781
"1471-2318","BMC Geriatrics","BMC-Springer","0","MEDICINE",2055,621,3.30917874396135,0.837,2015,2145
"1471-2318","BMC Geriatrics","BMC-Springer","0","MEDICINE",2055,621,3.30917874396135,0.837,2015,1845
"1471-2318","BMC Geriatrics","BMC-Springer","0","MEDICINE",2055,621,3.30917874396135,0.837,2015,1781
"1472-6963","Bmc Health Services Research","Biomed Central","0","MEDICINE",8025,2522,3.18199841395718,0.797,2015,2145
"1472-6963","Bmc Health Services Research","Biomed Central","0","MEDICINE",8025,2522,3.18199841395718,0.797,2015,1845
"1472-6963","Bmc Health Services Research","Biomed Central","0","MEDICINE",8025,2522,3.18199841395718,0.797,2015,2000
"1472-6963","Bmc Health Services Research","Biomed Central","0","MEDICINE",8025,2522,3.18199841395718,0.797,2015,1781
"1471-2172","Bmc Immunology","Biomed Central","0","MOLECULAR AND CELL BIOLOGY",940,326,2.88343558282209,0.704,2015,2145
"1471-2172","Bmc Immunology","Biomed Central","0","MOLECULAR AND CELL BIOLOGY",940,326,2.88343558282209,0.704,2015,1845
"1471-2172","Bmc Immunology","Biomed Central","0","MOLECULAR AND CELL BIOLOGY",940,326,2.88343558282209,0.704,2015,2000
"1471-2172","Bmc Immunology","Biomed Central","0","MOLECULAR AND CELL BIOLOGY",940,326,2.88343558282209,0.704,2015,1781
"1471-2334","Bmc Infectious Diseases","Biomed Central","0","INFECTIOUS DISEASES",8654,2640,3.2780303030303,0.827,2015,2145
"1471-2334","Bmc Infectious Diseases","Biomed Central","0","INFECTIOUS DISEASES",8654,2640,3.2780303030303,0.827,2015,1845
"1471-2334","Bmc Infectious Diseases","Biomed Central","0","INFECTIOUS DISEASES",8654,2640,3.2780303030303,0.827,2015,2000
"1471-2334","Bmc Infectious Diseases","Biomed Central","0","INFECTIOUS DISEASES",8654,2640,3.2780303030303,0.827,2015,1781
"1472-698X","BMC International Health and Human Rights","BMC-Springer","0","MEDICINE",519,212,2.44811320754717,0.573,2015,2145
"1472-698X","BMC International Health and Human Rights","BMC-Springer","0","MEDICINE",519,212,2.44811320754717,0.573,2015,1845
"1472-698X","BMC International Health and Human Rights","BMC-Springer","0","MEDICINE",519,212,2.44811320754717,0.573,2015,1781
"1472-6920","BMC Medical Education","Biomed Central","0","MEDICINE",2092,773,2.70633893919793,0.65,2015,2145
"1472-6920","BMC Medical Education","Biomed Central","0","MEDICINE",2092,773,2.70633893919793,0.65,2015,1845
"1472-6920","BMC Medical Education","Biomed Central","0","MEDICINE",2092,773,2.70633893919793,0.65,2015,2000
"1472-6920","BMC Medical Education","Biomed Central","0","MEDICINE",2092,773,2.70633893919793,0.65,2015,1781
"1472-6939","BMC Medical Ethics","BMC-Springer","0","MEDICINE",603,232,2.59913793103448,0.618,2015,2145
"1472-6939","BMC Medical Ethics","BMC-Springer","0","MEDICINE",603,232,2.59913793103448,0.618,2015,1845
"1472-6939","BMC Medical Ethics","BMC-Springer","0","MEDICINE",603,232,2.59913793103448,0.618,2015,1781
"1471-2350","BMC Medical Genetics","Biomed Central","0","MOLECULAR AND CELL BIOLOGY",1856,730,2.54246575342466,0.601,2015,2145
"1471-2350","BMC Medical Genetics","Biomed Central","0","MOLECULAR AND CELL BIOLOGY",1856,730,2.54246575342466,0.601,2015,1845
"1471-2350","BMC Medical Genetics","Biomed Central","0","MOLECULAR AND CELL BIOLOGY",1856,730,2.54246575342466,0.601,2015,2000
"1471-2350","BMC Medical Genetics","Biomed Central","0","MOLECULAR AND CELL BIOLOGY",1856,730,2.54246575342466,0.601,2015,1781
"1755-8794","BMC Medical Genomics","Biomed Central","0","MOLECULAR AND CELL BIOLOGY",1677,401,4.18204488778055,1.124,2015,2145
"1755-8794","BMC Medical Genomics","Biomed Central","0","MOLECULAR AND CELL BIOLOGY",1677,401,4.18204488778055,1.124,2015,1845
"1755-8794","BMC Medical Genomics","Biomed Central","0","MOLECULAR AND CELL BIOLOGY",1677,401,4.18204488778055,1.124,2015,2000
"1755-8794","BMC Medical Genomics","Biomed Central","0","MOLECULAR AND CELL BIOLOGY",1677,401,4.18204488778055,1.124,2015,1781
"1471-2342","Bmc Medical Imaging","BioMed Central Ltd","0","RADIOLOGY",444,159,2.79245283018868,0.676,2015,2145
"1471-2342","Bmc Medical Imaging","BioMed Central Ltd","0","RADIOLOGY",444,159,2.79245283018868,0.676,2015,1845
"1471-2342","Bmc Medical Imaging","BioMed Central Ltd","0","RADIOLOGY",444,159,2.79245283018868,0.676,2015,1781
"1472-6947","BMC Medical Informatics and Decision Making","Biomed Central","0","MEDICINE",2112,595,3.54957983193277,0.914,2015,2145
"1472-6947","BMC Medical Informatics and Decision Making","Biomed Central","0","MEDICINE",2112,595,3.54957983193277,0.914,2015,1845
"1472-6947","BMC Medical Informatics and Decision Making","Biomed Central","0","MEDICINE",2112,595,3.54957983193277,0.914,2015,2000
"1472-6947","BMC Medical Informatics and Decision Making","Biomed Central","0","MEDICINE",2112,595,3.54957983193277,0.914,2015,1781
"1756-6649","Bmc Medical Physics","Biomed Central Ltd","0","NULL",40,13,3.07692307692308,0.764,2015,1845
"1471-2288","BMC Medical Research Methodology","Biomed Central","0","MEDICINE",3338,752,4.43882978723404,1.211,2015,2145
"1471-2288","BMC Medical Research Methodology","Biomed Central","0","MEDICINE",3338,752,4.43882978723404,1.211,2015,1845
"1471-2288","BMC Medical Research Methodology","Biomed Central","0","MEDICINE",3338,752,4.43882978723404,1.211,2015,2000
"1471-2288","BMC Medical Research Methodology","Biomed Central","0","MEDICINE",3338,752,4.43882978723404,1.211,2015,1781
"1741-7015","BMC Medicine","Biomed Central","0","MEDICINE",7417,885,8.38079096045198,2.694,2015,2785
"1741-7015","BMC Medicine","Biomed Central","0","MEDICINE",7417,885,8.38079096045198,2.694,2015,2190
"1741-7015","BMC Medicine","Biomed Central","0","MEDICINE",7417,885,8.38079096045198,2.694,2015,2345
"1741-7015","BMC Medicine","Biomed Central","0","MEDICINE",7417,885,8.38079096045198,2.694,2015,2314
"1471-2180","Bmc Microbiology","Biomed Central","0","MOLECULAR AND CELL BIOLOGY",5750,1533,3.75081539465101,0.98,2015,2145
"1471-2180","Bmc Microbiology","Biomed Central","0","MOLECULAR AND CELL BIOLOGY",5750,1533,3.75081539465101,0.98,2015,1845
"1471-2180","Bmc Microbiology","Biomed Central","0","MOLECULAR AND CELL BIOLOGY",5750,1533,3.75081539465101,0.98,2015,2000
"1471-2180","Bmc Microbiology","Biomed Central","0","MOLECULAR AND CELL BIOLOGY",5750,1533,3.75081539465101,0.98,2015,1781
"1471-2199","Bmc Molecular Biology","Biomed Central","0","MOLECULAR AND CELL BIOLOGY",701,243,2.88477366255144,0.704,2015,2145
"1471-2199","Bmc Molecular Biology","Biomed Central","0","MOLECULAR AND CELL BIOLOGY",701,243,2.88477366255144,0.704,2015,1845
"1471-2199","Bmc Molecular Biology","Biomed Central","0","MOLECULAR AND CELL BIOLOGY",701,243,2.88477366255144,0.704,2015,2000
"1471-2199","Bmc Molecular Biology","Biomed Central","0","MOLECULAR AND CELL BIOLOGY",701,243,2.88477366255144,0.704,2015,1781
"1471-2474","Bmc Musculoskeletal Disorders","Biomed Central","0","ORTHOPEDICS",4963,1642,3.02253349573691,0.747,2015,2145
"1471-2474","Bmc Musculoskeletal Disorders","Biomed Central","0","ORTHOPEDICS",4963,1642,3.02253349573691,0.747,2015,1845
"1471-2474","Bmc Musculoskeletal Disorders","Biomed Central","0","ORTHOPEDICS",4963,1642,3.02253349573691,0.747,2015,2000
"1471-2474","Bmc Musculoskeletal Disorders","Biomed Central","0","ORTHOPEDICS",4963,1642,3.02253349573691,0.747,2015,1781
"1471-2369","BMC Nephrology","Biomed Central","0","NEPHROLOGY",2065,741,2.78677462887989,0.674,2015,2145
"1471-2369","BMC Nephrology","Biomed Central","0","NEPHROLOGY",2065,741,2.78677462887989,0.674,2015,1845
"1471-2369","BMC Nephrology","Biomed Central","0","NEPHROLOGY",2065,741,2.78677462887989,0.674,2015,2000
"1471-2369","BMC Nephrology","Biomed Central","0","NEPHROLOGY",2065,741,2.78677462887989,0.674,2015,1781
"1471-2377","BMC Neurology","Biomed Central","0","NEUROSCIENCE",2819,892,3.16031390134529,0.79,2015,2145
"1471-2377","BMC Neurology","Biomed Central","0","NEUROSCIENCE",2819,892,3.16031390134529,0.79,2015,1845
"1471-2377","BMC Neurology","Biomed Central","0","NEUROSCIENCE",2819,892,3.16031390134529,0.79,2015,2000
"1471-2377","BMC Neurology","Biomed Central","0","NEUROSCIENCE",2819,892,3.16031390134529,0.79,2015,1781
"1471-2202","Bmc Neuroscience","Biomed Central","0","NEUROSCIENCE",2549,1169,2.18049615055603,0.495,2015,2145
"1471-2202","Bmc Neuroscience","Biomed Central","0","NEUROSCIENCE",2549,1169,2.18049615055603,0.495,2015,1845
"1471-2202","Bmc Neuroscience","Biomed Central","0","NEUROSCIENCE",2549,1169,2.18049615055603,0.495,2015,2000
"1471-2202","Bmc Neuroscience","Biomed Central","0","NEUROSCIENCE",2549,1169,2.18049615055603,0.495,2015,1781
"1472-6955","BMC Nursing","BioMed Central","0","Medicine",360,143,2.51748251748252,0.593,2015,2145
"1472-6955","BMC Nursing","BioMed Central","0","Medicine",360,143,2.51748251748252,0.593,2015,1845
"1472-6955","BMC Nursing","BioMed Central","0","Medicine",360,143,2.51748251748252,0.593,2015,1781
"1471-2415","BMC Ophthalmology","Biomed Central","0","OPHTHALMOLOGY",690,350,1.97142857142857,0.436,2015,2145
"1471-2415","BMC Ophthalmology","Biomed Central","0","OPHTHALMOLOGY",690,350,1.97142857142857,0.436,2015,1845
"1471-2415","BMC Ophthalmology","Biomed Central","0","OPHTHALMOLOGY",690,350,1.97142857142857,0.436,2015,2000
"1471-2415","BMC Ophthalmology","Biomed Central","0","OPHTHALMOLOGY",690,350,1.97142857142857,0.436,2015,1781
"1472-6831","BMC Oral Health","BMC-Springer","0","DENTISTRY",805,341,2.36070381231672,0.547,2015,2145
"1472-6831","BMC Oral Health","BMC-Springer","0","DENTISTRY",805,341,2.36070381231672,0.547,2015,1845
"1472-6831","BMC Oral Health","BMC-Springer","0","DENTISTRY",805,341,2.36070381231672,0.547,2015,1781
"1472-684X","BMC Palliative Care","BMC-Springer","0","MEDICINE",480,171,2.80701754385965,0.681,2015,2145
"1472-684X","BMC Palliative Care","BMC-Springer","0","MEDICINE",480,171,2.80701754385965,0.681,2015,1845
"1472-684X","BMC Palliative Care","BMC-Springer","0","MEDICINE",480,171,2.80701754385965,0.681,2015,1781
"1471-2431","BMC Pediatrics","Biomed Central","0","MEDICINE",2937,933,3.14790996784566,0.786,2015,2145
"1471-2431","BMC Pediatrics","Biomed Central","0","MEDICINE",2937,933,3.14790996784566,0.786,2015,1845
"1471-2431","BMC Pediatrics","Biomed Central","0","MEDICINE",2937,933,3.14790996784566,0.786,2015,2000
"1471-2431","BMC Pediatrics","Biomed Central","0","MEDICINE",2937,933,3.14790996784566,0.786,2015,1781
"1471-2210","Bmc Pharmacology","Biomed Central Ltd","0","NULL",145,89,1.62921348314607,0.343,2015,1845
"1472-6793","BMC Physiology","BioMed Central","0","Science",241,77,3.12987012987013,0.78,2015,2145
"1472-6793","BMC Physiology","BioMed Central","0","Science",241,77,3.12987012987013,0.78,2015,1845
"1472-6793","BMC Physiology","BioMed Central","0","Science",241,77,3.12987012987013,0.78,2015,1781
"1471-2229","Bmc Plant Biology","Biomed Central","0","PLANT BIOLOGY",7023,1322,5.3124054462935,1.518,2015,2145
"1471-2229","Bmc Plant Biology","Biomed Central","0","PLANT BIOLOGY",7023,1322,5.3124054462935,1.518,2015,1845
"1471-2229","Bmc Plant Biology","Biomed Central","0","PLANT BIOLOGY",7023,1322,5.3124054462935,1.518,2015,2000
"1471-2229","Bmc Plant Biology","Biomed Central","0","PLANT BIOLOGY",7023,1322,5.3124054462935,1.518,2015,1781
"1471-2393","BMC Pregnancy and Childbirth","BMC-Springer","0","MEDICINE",3847,1036,3.71332046332046,0.968,2015,2145
"1471-2393","BMC Pregnancy and Childbirth","BMC-Springer","0","MEDICINE",3847,1036,3.71332046332046,0.968,2015,1845
"1471-2393","BMC Pregnancy and Childbirth","BMC-Springer","0","MEDICINE",3847,1036,3.71332046332046,0.968,2015,1781
"1753-6561","Bmc Proceedings","Biomed Central Ltd","0","NULL",532,1024,0.51953125,0.082,2015,0
"1471-244X","BMC Psychiatry","Biomed Central","0","PSYCHIATRY",4940,1257,3.92999204455052,1.039,2015,2145
"1471-244X","BMC Psychiatry","Biomed Central","0","PSYCHIATRY",4940,1257,3.92999204455052,1.039,2015,1845
"1471-244X","BMC Psychiatry","Biomed Central","0","PSYCHIATRY",4940,1257,3.92999204455052,1.039,2015,2000
"1471-244X","BMC Psychiatry","Biomed Central","0","PSYCHIATRY",4940,1257,3.92999204455052,1.039,2015,1781
"1471-2458","Bmc Public Health","Biomed Central","0","MEDICINE",21805,5646,3.86202621324832,1.017,2015,2145
"1471-2458","Bmc Public Health","Biomed Central","0","MEDICINE",21805,5646,3.86202621324832,1.017,2015,1845
"1471-2458","Bmc Public Health","Biomed Central","0","MEDICINE",21805,5646,3.86202621324832,1.017,2015,2000
"1471-2458","Bmc Public Health","Biomed Central","0","MEDICINE",21805,5646,3.86202621324832,1.017,2015,1781
"1471-2466","BMC Pulmonary Medicine","BMC-Springer","0","MEDICINE",1417,471,3.00849256900212,0.743,2015,2145
"1471-2466","BMC Pulmonary Medicine","BMC-Springer","0","MEDICINE",1417,471,3.00849256900212,0.743,2015,1845
"1471-2466","BMC Pulmonary Medicine","BMC-Springer","0","MEDICINE",1417,471,3.00849256900212,0.743,2015,1781
"1756-0500","BMC Research Notes","BioMed Central","0","Medicine | Science",5945,2897,2.05212288574387,0.459,2015,1290
"1756-0500","BMC Research Notes","BioMed Central","0","Medicine | Science",5945,2897,2.05212288574387,0.459,2015,935
"1756-0500","BMC Research Notes","BioMed Central","0","Medicine | Science",5945,2897,2.05212288574387,0.459,2015,1072.5
"1472-6807","Bmc Structural Biology","BioMed Central","0","Science",461,198,2.32828282828283,0.538,2015,2145
"1472-6807","Bmc Structural Biology","BioMed Central","0","Science",461,198,2.32828282828283,0.538,2015,1845
"1472-6807","Bmc Structural Biology","BioMed Central","0","Science",461,198,2.32828282828283,0.538,2015,2000
"1472-6807","Bmc Structural Biology","BioMed Central","0","Science",461,198,2.32828282828283,0.538,2015,1781
"1471-2482","BMC Surgery","BMC-Springer","0","GASTROENTEROLOGY",862,360,2.39444444444444,0.557,2015,2145
"1471-2482","BMC Surgery","BMC-Springer","0","GASTROENTEROLOGY",862,360,2.39444444444444,0.557,2015,1845
"1471-2482","BMC Surgery","BMC-Springer","0","GASTROENTEROLOGY",862,360,2.39444444444444,0.557,2015,1781
"1752-0509","BMC Systems Biology","Biomed Central","0","MOLECULAR AND CELL BIOLOGY",3737,1052,3.55228136882129,0.915,2015,2145
"1752-0509","BMC Systems Biology","Biomed Central","0","MOLECULAR AND CELL BIOLOGY",3737,1052,3.55228136882129,0.915,2015,1845
"1752-0509","BMC Systems Biology","Biomed Central","0","MOLECULAR AND CELL BIOLOGY",3737,1052,3.55228136882129,0.915,2015,2000
"1752-0509","BMC Systems Biology","Biomed Central","0","MOLECULAR AND CELL BIOLOGY",3737,1052,3.55228136882129,0.915,2015,1781
"1471-2490","BMC Urology","BMC-Springer","0","UROLOGY",562,247,2.2753036437247,0.523,2015,2145
"1471-2490","BMC Urology","BMC-Springer","0","UROLOGY",562,247,2.2753036437247,0.523,2015,1845
"1471-2490","BMC Urology","BMC-Springer","0","UROLOGY",562,247,2.2753036437247,0.523,2015,1781
"1746-6148","BMC Veterinary Research","Biomed Central","0","VETERINARY",2326,938,2.47974413646055,0.582,2015,2145
"1746-6148","BMC Veterinary Research","Biomed Central","0","VETERINARY",2326,938,2.47974413646055,0.582,2015,1845
"1746-6148","BMC Veterinary Research","Biomed Central","0","VETERINARY",2326,938,2.47974413646055,0.582,2015,2000
"1746-6148","BMC Veterinary Research","Biomed Central","0","VETERINARY",2326,938,2.47974413646055,0.582,2015,1781
"2044-6055","BMJ Open","BioMed Central Ltd","0","MEDICINE",9776,2833,3.45075891281327,0.882,2015,1860
"2044-6055","BMJ Open","BioMed Central Ltd","0","MEDICINE",9776,2833,3.45075891281327,0.882,2015,3355.05
"2044-6055","BMJ Open","BioMed Central Ltd","0","MEDICINE",9776,2833,3.45075891281327,0.882,2015,2200
"1851-2372","Boletin De La Sociedad Argentina De Botanica","Sociedad Argentina de Botánica","0","Science",59,122,0.483606557377049,0.074,2015,0
"8756-3282","Bone","Elsevier","0","MEDICINE",8305,2100,3.9547619047619,1.047,2015,2150
"8756-3282","Bone","Elsevier","0","MEDICINE",8305,2100,3.9547619047619,1.047,2015,2300
"2090-3006","Bone Marrow Research","Hindawi Publishing Corporation","0","Medicine",151,58,2.60344827586207,0.619,2015,500
"2090-3006","Bone Marrow Research","Hindawi Publishing Corporation","0","Medicine",151,58,2.60344827586207,0.619,2015,1000
"1239-6095","Boreal Environment Research","","0","NULL",230,111,2.07207207207207,0.464,2015,1845
"1797-2469","Boreal Environment Research","Boreal Environment Research Publishing Board","0","Geography. Anthropology. Recreation",230,111,2.07207207207207,0.464,2015,0
"1512-8601","Bosnian Journal of Basic Medical Sciences","","0","NULL",192,223,0.860986547085202,0.154,2015,1845
"1840-4812","Bosnian Journal of Basic Medical Sciences","Association of Basic Medical Sciences of Federation of Bosnia and Herzegovina","0","Medicine",192,223,0.860986547085202,0.154,2015,190
"1840-4812","Bosnian Journal of Basic Medical Sciences","Association of Basic Medical Sciences of Federation of Bosnia and Herzegovina","0","Medicine",192,223,0.860986547085202,0.154,2015,396
"1840-4812","Bosnian Journal of Basic Medical Sciences","Association of Basic Medical Sciences of Federation of Bosnia and Herzegovina","0","Medicine",192,223,0.860986547085202,0.154,2015,336
"1817-406x","Botanical Studies","Academia Sinica","0","NULL",347,278,1.24820143884892,0.246,2015,0
"1999-3110","Botanical Studies","Springer","0","Science",347,278,1.24820143884892,0.246,2015,735
"1999-3110","Botanical Studies","Springer","0","Science",347,278,1.24820143884892,0.246,2015,741
"1687-2770","Boundary Value Problems","Springer","0","Science",668,628,1.06369426751592,0.201,2015,670
"1687-2770","Boundary Value Problems","Springer","0","Science",668,628,1.06369426751592,0.201,2015,745
"1687-2770","Boundary Value Problems","Springer","0","Science",668,628,1.06369426751592,0.201,2015,980
"1687-2770","Boundary Value Problems","Springer","0","Science",668,628,1.06369426751592,0.201,2015,819
"1538-4721","Brachytherapy","Elsevier","0","ONCOLOGY",934,491,1.90224032586558,0.417,2015,3000
"1538-4721","Brachytherapy","Elsevier","0","ONCOLOGY",934,491,1.90224032586558,0.417,2015,3300
"1678-4499","Bragantia","Instituto Agronômico de Campinas","0","Agriculture",407,404,1.00742574257426,0.187,2015,50
"1931-7565","Brain Imaging and Behavior","Springer","1","NULL",985,209,4.71291866028708,1.306,2015,3000
"2076-3425","Brain Sciences","MDPI AG","0","Medicine",342,138,2.47826086956522,0.582,2015,1845
"1573-6792","Brain Topography","Springer","1","NULL",972,244,3.98360655737705,1.057,2015,3000
"1861-387X","Brain Tumor Pathology","Springer","1","NULL",329,175,1.88,0.411,2015,3000
"1516-8913","Brazilian Archives of Biology and Technology","","0","NULL",702,602,1.16611295681063,0.225,2015,1845
"1678-4324","Brazilian Archives of Biology and Technology","Instituto de Tecnologia do Paraná (Tecpar)","0","Technology",702,602,1.16611295681063,0.225,2015,0
"1519-6984","Brazilian Journal of Biology","","0","NULL",838,605,1.38512396694215,0.28,2015,1845
"1678-4375","Brazilian Journal of Biology","Instituto Internacional de Ecologia","0","Science",838,605,1.38512396694215,0.28,2015,0
"1678-4375","Brazilian Journal of Biology","Instituto Internacional de Ecologia","0","Science",838,605,1.38512396694215,0.28,2015,510
"1678-4375","Brazilian Journal of Biology","Instituto Internacional de Ecologia","0","Science",838,605,1.38512396694215,0.28,2015,80
"1806-9959","Brazilian Journal of Botany","Springer","0","ECOLOGY AND EVOLUTION",259,213,1.21596244131455,0.238,2015,3000
"1678-9741","Brazilian Journal of Cardiovascular Surgery","Sociedade Brasileira de Cirurgia Cardiovascular","0","Medicine",272,240,1.13333333333333,0.217,2015,0
"0104-6632","Brazilian Journal of Chemical Engineering","","0","NULL",646,365,1.76986301369863,0.381,2015,1845
"1678-4383","Brazilian Journal of Chemical Engineering","Brazilian Society of Chemical Engineering","0","Technology",646,365,1.76986301369863,0.381,2015,0
"1678-4391","Brazilian Journal of Infectious Diseases","Brazilian Society of Infectious Diseases","0","Medicine",940,612,1.5359477124183,0.319,2015,0
"0100-879X","Brazilian Journal of Medical and Biological Research","","0","NULL",1310,760,1.72368421052632,0.368,2015,1845
"1414-431X","Brazilian Journal of Medical and Biological Research","Associação Brasileira de Divulgação Científica","0","Medicine",1310,760,1.72368421052632,0.368,2015,800
"1414-431X","Brazilian Journal of Medical and Biological Research","Associação Brasileira de Divulgação Científica","0","Medicine",1310,760,1.72368421052632,0.368,2015,900
"1414-431X","Brazilian Journal of Medical and Biological Research","Associação Brasileira de Divulgação Científica","0","Medicine",1310,760,1.72368421052632,0.368,2015,1400
"1517-8382","Brazilian Journal of Microbiology","","0","NULL",1445,864,1.6724537037037,0.355,2015,1845
"1678-4405","Brazilian Journal of Microbiology","Sociedade Brasileira de Microbiologia","0","Science",1445,864,1.6724537037037,0.355,2015,0
"1679-8759","Brazilian Journal of Oceanography","","0","NULL",239,203,1.17733990147783,0.228,2015,1845
"1984-8250","Brazilian Journal of Pharmaceutical Sciences","","0","NULL",394,360,1.09444444444444,0.208,2015,1845
"2175-9790","Brazilian Journal of Pharmaceutical Sciences","Universidade de São Paulo","0","Medicine",394,360,1.09444444444444,0.208,2015,1845
"0103-9733","Brazilian Journal of Physics","SPRINGER","0","PHYSICS AND CHEMISTRY",258,223,1.15695067264574,0.223,2015,0
"0103-9733","Brazilian Journal of Physics","SPRINGER","0","PHYSICS AND CHEMISTRY",258,223,1.15695067264574,0.223,2015,3000
"1678-4448","Brazilian Journal of Physics","Springer","1","NULL",258,223,1.15695067264574,0.223,2015,3000
"1516-635X","Brazilian Journal of Poultry Science","","0","NULL",206,207,0.995169082125604,0.185,2015,1845
"1678-4456","Brazilian Journal of Veterinary Research and Animal Science","Universidade de São Paulo","0","Agriculture",84,164,0.51219512195122,0.08,2015,1845
"1806-8324","Brazilian Oral Research","","0","NULL",728,408,1.7843137254902,0.385,2015,1845
"1807-3107","Brazilian Oral Research","Sociedade Brasileira de Pesquisa Odontológica ","0","Medicine",728,408,1.7843137254902,0.385,2015,0
"1880-4233","Breast Cancer","Springer","1","NULL",575,315,1.82539682539683,0.396,2015,3000
"1465-542X","Breast Cancer Research","Biomed Central","0","NULL",5852,1074,5.4487895716946,1.567,2015,2910
"1573-7217","Breast Cancer Research and Treatment","Springer","1","NULL",11828,2680,4.41343283582089,1.202,2015,3000
"2073-4735","Breathe","European Respiratory Society","0","Medicine",64,114,0.56140350877193,0.09,2015,0
"1347-3735","Breeding Science","Japanese Soc Breeding","0","NULL",560,309,1.81229773462783,0.392,2015,0
"1347-3735","Breeding Science","Japanese Soc Breeding","0","NULL",560,309,1.81229773462783,0.392,2015,1080
"1938-436X","Brittonia","Springer","1","NULL",133,181,0.734806629834254,0.126,2015,3000
"0007-215X","Brodogradnja","","0","NULL",8,8,1,0.186,2015,1845
"1845-5859","Brodogradnja","Faculty of Mechanical Engineering and Naval Architecture","0","Naval Science",8,8,1,0.186,2015,0
"0023-9356","Buffalo Law Review","UNIV BUFFALO STATE UNIV NEW YORK","0","LAW",10,22,0.454545454545454,0.069,2015,0
"1996-8744","Building Simulation","Springer","1","NULL",337,183,1.84153005464481,0.4,2015,3000
"1573-1456","Bulletin of Earthquake Engineering","Springer","1","NULL",1073,464,2.3125,0.533,2015,3000
"1435-9537","Bulletin of Engineering Geology and the Environment","Springer","1","NULL",460,317,1.45110410094637,0.297,2015,3000
"1432-0800","Bulletin of Environmental Contamination and Toxicology","Springer","1","NULL",2354,1433,1.6427076064201,0.347,2015,3000
"1802-8225","Bulletin of Geosciences","Self Owned - Non-Profit Society","0","NULL",304,213,1.42723004694836,0.291,2015,0
"0250-4707","Bulletin of Materials Science","","0","NULL",1312,818,1.6039119804401,0.337,2015,1845
"0973-7669","Bulletin of Materials Science","Springer","0","NULL",1312,818,1.6039119804401,0.337,2015,0
"1522-9602","Bulletin of Mathematical Biology","Springer","1","NULL",1028,542,1.89667896678967,0.416,2015,3000
"1088-9485","Bulletin of the American Mathematical Society","Amer Mathematical Soc","0","NULL",360,74,4.86486486486486,1.359,2015,0
"1520-0477","Bulletin of the American Meteorological Society","Amer Meteorological Soc","0","NULL",5165,529,9.76370510396975,3.265,2015,0
"1520-0477","Bulletin of the American Meteorological Society","Amer Meteorological Soc","0","NULL",5165,529,9.76370510396975,3.265,2015,4410
"0003-0090","Bulletin of the American Museum of Natural History","AMER MUSEUM NATURAL HISTORY","0","ECOLOGY AND EVOLUTION",304,65,4.67692307692308,1.293,2015,0
"1011-3924","Bulletin of the Chemical Society of Ethiopia","","0","NULL",165,196,0.841836734693878,0.15,2015,1845
"1726-801X","Bulletin of the Chemical Society of Ethiopia","Chemical Society of Ethiopia","0","Science",165,196,0.841836734693878,0.15,2015,0
"0367-5211","Bulletin of the Geological Society of Finland","Geological Society of Finland","0","nan",10,5,2,0.444,2015,0
"1799-4632","Bulletin of the Geological Society of Finland","The Geological Society of Finland","0","Science",10,5,2,0.444,2015,1845
"2047-6930","Bulletin of the History of Archaeology","Ubiquity Press","0","Auxiliary sciences of history",5,19,0.263157894736842,0.035,2015,390
"1229-5949","Bulletin of the Korean Chemical Society","Korean Chemical Soc","0","NULL",3077,3221,0.955293387146849,0.175,2015,0
"2180-4206","Bulletin of the Malaysian Mathematical Sciences Society","Springer","1","NULL",17,20,0.85,0.151,2015,3000
"2300-3235","Bulletin of the Veterinary Institute in Pulawy","De Gruyter Open","0","Agriculture",207,352,0.588068181818182,0.095,2015,1845
"0042-9686","Bulletin of the World Health Organization","WORLD HEALTH ORGANIZATION","0","MEDICINE",4008,837,4.78853046594982,1.332,2015,0
"1432-0819","Bulletin of Volcanology","Springer","1","NULL",1878,520,3.61153846153846,0.934,2015,3000
"0305-4179","Burns","Elsevier","0","PLASTIC SURGERY",2516,1133,2.22065313327449,0.507,2015,3000
"1867-0202","Business & Information Systems Engineering","Springer","0","MARKETING",56,15,3.73333333333333,0.974,2015,3000
"1866-8658","Business Research","Springer","0","Social Sciences",93,51,1.82352941176471,0.396,2015,0
"1983-8239","Caderno CRH","Universidade Fderal da Bahia","0","Social Sciences",102,121,0.84297520661157,0.15,2015,0
"1678-7110","Cadernos Cedes","Centro de Estudos Educação e Sociedade, CEDES","0","Education",32,50,0.64,0.106,2015,0
"2178-2229","Cadernos De Pesquisa","Universidade Federal do Maranhão","0","Education | Social Sciences",440,577,0.762564991334489,0.132,2015,1845
"0102-311X","Cadernos De Saude Publica","","0","NULL",2941,1465,2.00750853242321,0.446,2015,1845
"1777-5949","Cahiers Agricultures","Université des Réseaux d'Expression Française","0","Agriculture",146,200,0.73,0.125,2015,0
"1432-0827","Calcified Tissue International","Springer","1","NULL",1925,574,3.35365853658537,0.851,2015,3000
"1126-5434","Calcolo","Springer","1","NULL",76,74,1.02702702702703,0.192,2015,3000
"1432-0835","Calculus of Variations and Partial Differential Equations","Springer","1","NULL",951,411,2.31386861313869,0.534,2015,3000
"0366-5232","Caldasia","","0","NULL",63,94,0.670212765957447,0.112,2015,1845
"2357-3759","Caldasia","Universidad Nacional de Colombia","0","Science",63,94,0.670212765957447,0.112,2015,0
"0008-0845","California Agriculture","","0","NULL",146,121,1.20661157024793,0.235,2015,1845
"2160-8091","California Agriculture","University of California, Los Angeles","0","Agriculture",146,121,1.20661157024793,0.235,2015,0
"1545-8725","Californian Journal of Health Promotion","Californian Journal of Health Promotion","0","Medicine",18,23,0.782608695652174,0.136,2015,0
"1499-2671","Canadian Journal of Diabetes","CANADIAN DIABETES ASSOC","0","MEDICINE",640,460,1.39130434782609,0.281,2015,3000
"1499-2671","Canadian Journal of Diabetes","CANADIAN DIABETES ASSOC","0","MEDICINE",640,460,1.39130434782609,0.281,2015,0
"1499-2671","Canadian Journal of Diabetes","CANADIAN DIABETES ASSOC","0","MEDICINE",640,460,1.39130434782609,0.281,2015,3300
"1712-9532","Canadian Journal of Infectious Diseases & Medical Microbiology","","0","NULL",235,219,1.07305936073059,0.203,2015,1845
"1488-2310","Canadian Journal of Surgery","Cma Media Inc","0","NULL",849,382,2.22251308900524,0.507,2015,0
"1198-2241","Canadian Respiratory Journal","","0","NULL",526,261,2.01532567049808,0.449,2015,1845
"0380-1489","Canadian Studies in Population","","0","NULL",49,83,0.590361445783133,0.096,2015,1845
"1927-629X","Canadian Studies in Population","Canadian Population Society","0","Social Sciences",49,83,0.590361445783133,0.096,2015,1845
"1573-7233","Cancer and Metastasis Reviews","Springer","1","NULL",2086,300,6.95333333333333,2.13,2015,3000
"1573-7225","Cancer Causes & Control","Springer","1","NULL",4263,1007,4.23336643495531,1.141,2015,3000
"1475-2867","Cancer Cell International","BioMed Central Ltd","0","MOLECULAR AND CELL BIOLOGY",1151,393,2.92875318066158,0.718,2015,2300
"1475-2867","Cancer Cell International","BioMed Central Ltd","0","MOLECULAR AND CELL BIOLOGY",1151,393,2.92875318066158,0.718,2015,1780
"1475-2867","Cancer Cell International","BioMed Central Ltd","0","MOLECULAR AND CELL BIOLOGY",1151,393,2.92875318066158,0.718,2015,1911
"1432-0843","Cancer Chemotherapy and Pharmacology","Springer","1","NULL",4288,1455,2.94707903780069,0.723,2015,3000
"1470-7330","Cancer Imaging","BioMed Central","0","RADIOLOGY",548,266,2.06015037593985,0.461,2015,2145
"1470-7330","Cancer Imaging","BioMed Central","0","RADIOLOGY",548,266,2.06015037593985,0.461,2015,1781
"1176-9351","Cancer Informatics","Libertas Academica","0","Medicine",226,147,1.53741496598639,0.319,2015,1848
"1875-2284","Cancer Microenvironment","Springer","1","NULL",441,120,3.675,0.955,2015,3000
"1868-6966","Cancer Nanotechnology","Springer","0","NULL",133,49,2.71428571428571,0.652,2015,1230
"1347-9032","Cancer Science","","0","NULL",5485,1430,3.83566433566434,1.008,2015,1845
"1349-7006","Cancer Science","Wiley","0","Medicine",5485,1430,3.83566433566434,1.008,2015,2250
"1365-2168","Cancer Science","Wiley","0","NULL",5485,1430,3.83566433566434,1.008,2015,2430
"2072-6694","Cancers","Mdpi","0","NULL",2156,604,3.56953642384106,0.921,2015,268
"0008-6223","Carbon","Elsevier","1","Physics and Chemistry",26369,3939,6.69433866463569,2.031,2015,3500
"1750-0680","Carbon Balance and Management","Springer","0","Technology",257,63,4.07936507936508,1.089,2015,1625
"1750-0680","Carbon Balance and Management","Springer","0","Technology",257,63,4.07936507936508,1.089,2015,1230
"1750-0680","Carbon Balance and Management","Springer","0","Technology",257,63,4.07936507936508,1.089,2015,1020.5
"1878-5212","Carbonates and Evaporites","Springer","1","NULL",158,134,1.17910447761194,0.229,2015,3000
"1889-898X","Cardiocore","Elsevier","1","NULL",10,108,0.0925925925925926,0.009,2015,3000
"1897-5593","Cardiology Journal","","0","NULL",754,494,1.52631578947368,0.316,2015,1845
"1898-018X","Cardiology Journal","Via Medica","0","Medicine",754,494,1.52631578947368,0.316,2015,700
"2090-0597","Cardiology Research and Practice","Hindawi Publishing Corporation","0","Medicine",742,316,2.34810126582279,0.544,2015,1000
"2090-0597","Cardiology Research and Practice","Hindawi Publishing Corporation","0","Medicine",742,316,2.34810126582279,0.544,2015,1250
"1432-086X","Cardiovascular and Interventional Radiology","Springer","1","NULL",2780,1084,2.56457564575646,0.607,2015,3000
"1475-2840","Cardiovascular Diabetology","Biomed Central","0","MEDICINE",3100,703,4.40967283072546,1.201,2015,2410
"1475-2840","Cardiovascular Diabetology","Biomed Central","0","MEDICINE",3100,703,4.40967283072546,1.201,2015,1835
"1475-2840","Cardiovascular Diabetology","Biomed Central","0","MEDICINE",3100,703,4.40967283072546,1.201,2015,1935
"1475-2840","Cardiovascular Diabetology","Biomed Central","0","MEDICINE",3100,703,4.40967283072546,1.201,2015,2002
"1573-7241","Cardiovascular Drugs and Therapy","Springer","1","NULL",842,304,2.76973684210526,0.669,2015,3000
"1869-4098","Cardiovascular Engineering and Technology","Springer","1","NULL",252,157,1.60509554140127,0.337,2015,3000
"1868-4297","Cardiovascular Intervention and Therapeutics","Springer","1","NULL",222,195,1.13846153846154,0.219,2015,3000
"2090-0171","Cardiovascular Psychiatry and Neurology","Hindawi Publishing Corporation","0","Medicine",217,69,3.14492753623188,0.785,2015,800
"1559-0259","Cardiovascular Toxicology","Springer","1","NULL",474,193,2.4559585492228,0.575,2015,3000
"1476-7120","Cardiovascular Ultrasound","Biomed Central","0","MEDICINE",513,231,2.22077922077922,0.507,2015,2145
"1476-7120","Cardiovascular Ultrasound","Biomed Central","0","MEDICINE",513,231,2.22077922077922,0.507,2015,1625
"1476-7120","Cardiovascular Ultrasound","Biomed Central","0","MEDICINE",513,231,2.22077922077922,0.507,2015,1730
"1476-7120","Cardiovascular Ultrasound","Biomed Central","0","MEDICINE",513,231,2.22077922077922,0.507,2015,1781
"1662-6567","Case Reports in Dermatology","Karger Publishers","0","Medicine",264,229,1.1528384279476,0.222,2015,699.04
"1662-0631","Case Reports in Gastroenterology","Karger Publishers","0","Medicine",368,379,0.970976253298153,0.179,2015,699.04
"1687-9635","Case Reports in Medicine","Hindawi Publishing Corporation","0","Medicine",846,1067,0.792877225866917,0.139,2015,400
"1687-9635","Case Reports in Medicine","Hindawi Publishing Corporation","0","Medicine",846,1067,0.792877225866917,0.139,2015,300
"1662-680X","Case Reports in Neurology","Karger Publishers","0","Medicine",177,187,0.946524064171123,0.173,2015,699.04
"1662-6575","Case Reports in Oncology","Karger Publishers","0","Medicine",404,443,0.91196388261851,0.165,2015,699.04
"1663-2699","Case Reports in Ophthalmology","Karger Publishers","0","Medicine",241,271,0.88929889298893,0.16,2015,699.04
"1757-1626","Cases Journal","Biomed Central Ltd","0","NULL",62,74,0.837837837837838,0.149,2015,1625
"1572-879X","Catalysis Letters","Springer","1","NULL",2846,1139,2.49868305531168,0.588,2015,3000
"1574-9266","Catalysis Surveys From Asia","Springer","1","NULL",219,81,2.7037037037037,0.649,2015,3000
"0341-8162","Catena","Elsevier","0","nan",2715,791,3.43236409608091,0.876,2015,2500
"1868-2510","Ceas Space Journal","Springer","1","NULL",59,47,1.25531914893617,0.247,2015,3000
"1572-9478","Celestial Mechanics and Dynamical Astronomy","Springer","1","NULL",638,326,1.95705521472393,0.432,2015,3000
"0092-8674","Cell","Elsevier","0","MOLECULAR AND CELL BIOLOGY",70745,2688,26.3188244047619,11.367,2015,5000
"0092-8674","Cell","Elsevier","0","MOLECULAR AND CELL BIOLOGY",70745,2688,26.3188244047619,11.367,2015,0
"1573-6814","Cell and Tissue Banking","Springer","1","NULL",408,264,1.54545454545455,0.321,2015,3000
"1432-0878","Cell and Tissue Research","Springer","1","NULL",3897,1071,3.63865546218487,0.943,2015,3000
"1559-0283","Cell Biochemistry and Biophysics","Springer","1","NULL",1842,933,1.97427652733119,0.437,2015,3000
"1573-6822","Cell Biology and Toxicology","Springer","1","NULL",479,171,2.80116959064327,0.679,2015,3000
"1478-811X","Cell Communication and Signaling","BioMed Central Ltd","0","MOLECULAR AND CELL BIOLOGY",1328,273,4.86446886446886,1.359,2015,2450
"1478-811X","Cell Communication and Signaling","BioMed Central Ltd","0","MOLECULAR AND CELL BIOLOGY",1328,273,4.86446886446886,1.359,2015,1740
"1478-811X","Cell Communication and Signaling","BioMed Central Ltd","0","MOLECULAR AND CELL BIOLOGY",1328,273,4.86446886446886,1.359,2015,2034.5
"1747-1028","Cell Division","Biomed Central","0","MOLECULAR AND CELL BIOLOGY",323,94,3.43617021276596,0.878,2015,2300
"1747-1028","Cell Division","Biomed Central","0","MOLECULAR AND CELL BIOLOGY",323,94,3.43617021276596,0.878,2015,1780
"1747-1028","Cell Division","Biomed Central","0","MOLECULAR AND CELL BIOLOGY",323,94,3.43617021276596,0.878,2015,1885
"1747-1028","Cell Division","Biomed Central","0","MOLECULAR AND CELL BIOLOGY",323,94,3.43617021276596,0.878,2015,1911
"2211-1247","Cell Reports","Elsevier","0","Science",12492,1407,8.87846481876333,2.897,2015,1845
"1347-3700","Cell Structure and Function","Japan Society for Cell Biology","0","NULL",172,82,2.09756097560976,0.472,2015,0
"1689-1392","Cellular & Molecular Biology Letters","Biomed Central","0","NULL",429,205,2.09268292682927,0.47,2015,2615
"1865-5033","Cellular and Molecular Bioengineering","Springer","1","NULL",385,220,1.75,0.376,2015,3000
"1420-9071","Cellular and Molecular Life Sciences","Springer","1","NULL",8878,1512,5.87169312169312,1.722,2015,3000
"1573-6830","Cellular and Molecular Neurobiology","Springer","1","NULL",1537,651,2.36098310291859,0.547,2015,3000
"1875-8606","Cellular Oncology","Hindawi Publishing Corporation","0","Medicine",643,187,3.43850267379679,0.878,2015,1250
"2211-3436","Cellular Oncology","Springer","1","NULL",643,187,3.43850267379679,0.878,2015,3000
"1015-8987","Cellular Physiology and Biochemistry","","0","NULL",4461,1234,3.61507293354943,0.936,2015,1845
"1421-9778","Cellular Physiology and Biochemistry","Karger Publishers","0","Science",4461,1234,3.61507293354943,0.936,2015,2138.24
"1572-882X","Cellulose","Springer","1","NULL",4273,1086,3.93462246777164,1.041,2015,3000
"1426-3912","Central European Journal of Immunology","","0","NULL",69,146,0.472602739726027,0.072,2015,1845
"1644-4124","Central European Journal of Immunology","Termedia Publishing House","0","Medicine",69,146,0.472602739726027,0.072,2015,168
"1613-9178","Central European Journal of Operations Research","Springer","1","NULL",288,194,1.48453608247423,0.305,2015,3000
"1538-6279","Centro Journal","Hunter College-Cuny, Center Puerto Rican Studies","0","NULL",16,39,0.41025641025641,0.061,2015,0
"0104-7760","Cerne","","0","NULL",217,263,0.82509505703422,0.146,2015,1845
"1584-8663","Chalcogenide Letters","Self Owned - Non-Profit Society","0","PHYSICS AND CHEMISTRY",36,31,1.16129032258065,0.224,2015,210
"1584-8663","Chalcogenide Letters","Self Owned - Non-Profit Society","0","PHYSICS AND CHEMISTRY",36,31,1.16129032258065,0.224,2015,220
"2078-1547","Challenges","MDPI AG","0","Technology | Science",74,68,1.08823529411765,0.207,2015,1845
"1809-127X","Check List","Check List","0","Science",420,690,0.608695652173913,0.099,2015,30
"1347-5223","Chemical & Pharmaceutical Bulletin","Pharmaceutical Society of Japan","0","NULL",1691,1160,1.45775862068966,0.298,2015,0
"0352-9568","Chemical and Biochemical Engineering Quarterly","Self Owned - Non-Profit Society","0","nan",216,155,1.39354838709677,0.282,2015,0
"0360-7275","Chemical Engineering Progress","AMER INST CHEMICAL ENGINEERS","0","nan",29,37,0.783783783783784,0.137,2015,0
"1451-9372","Chemical Industry & Chemical Engineering Quarterly","KoBSON","0","nan",248,256,0.96875,0.178,2015,0
"1451-9372","Chemical Industry & Chemical Engineering Quarterly","KoBSON","0","nan",248,256,0.96875,0.178,2015,111.72
"1451-9372","Chemical Industry & Chemical Engineering Quarterly","KoBSON","0","nan",248,256,0.96875,0.178,2015,112
"0954-2299","Chemical Speciation and Bioavailability","","0","NULL",75,126,0.595238095238095,0.097,2015,1845
"1752-153X","Chemistry Central Journal","Springer","0","FOOD SCIENCE",1688,527,3.20303605313093,0.803,2015,810
"1752-153X","Chemistry Central Journal","Springer","0","FOOD SCIENCE",1688,527,3.20303605313093,0.803,2015,1730
"1752-153X","Chemistry Central Journal","Springer","0","FOOD SCIENCE",1688,527,3.20303605313093,0.803,2015,1890
"1752-153X","Chemistry Central Journal","Springer","0","FOOD SCIENCE",1688,527,3.20303605313093,0.803,2015,1573
"1109-4028","Chemistry Education Research and Practice","Royal Soc of Chemistry","0","EDUCATION",616,244,2.52459016393443,0.596,2015,0
"1109-4028","Chemistry Education Research and Practice","Royal Soc of Chemistry","0","EDUCATION",616,244,2.52459016393443,0.596,2015,2043.52
"1861-471X","Chemistryopen","Wiley","0","NULL",287,87,3.29885057471264,0.834,2015,3000
"2191-1363","ChemistryOpen","Wiley","0","PHYSICS AND CHEMISTRY",287,87,3.29885057471264,0.834,2015,3000
"2191-1363","ChemistryOpen","Wiley","0","PHYSICS AND CHEMISTRY",287,87,3.29885057471264,0.834,2015,2010.52
"2191-1363","ChemistryOpen","Wiley","0","PHYSICS AND CHEMISTRY",287,87,3.29885057471264,0.834,2015,3920
"1423-0445","Chemoecology","Springer","1","NULL",289,130,2.22307692307692,0.507,2015,3000
"1936-5810","Chemosensory Perception","Springer","1","NULL",248,107,2.31775700934579,0.535,2015,3000
"0045-6535","Chemosphere","Elsevier","0","nan",20465,4547,4.50076973828898,1.232,2015,3000
"0045-6535","Chemosphere","Elsevier","0","nan",20465,4547,4.50076973828898,1.232,2015,3200
"2090-2115","Chemotherapy Research and Practice","Hindawi Publishing Corporation","0","Medicine",222,65,3.41538461538462,0.871,2015,800
"0012-3692","Chest","Elsevier","1","Medicine",15885,3332,4.76740696278511,1.325,2015,3000
"0012-3692","Chest","Elsevier","1","Medicine",15885,3332,4.76740696278511,1.325,2015,3300
"1753-2000","Child and Adolescent Psychiatry and Mental Health","BioMed Central","0","Medicine",699,176,3.97159090909091,1.053,2015,2145
"1753-2000","Child and Adolescent Psychiatry and Mental Health","BioMed Central","0","Medicine",699,176,3.97159090909091,1.053,2015,1625
"1753-2000","Child and Adolescent Psychiatry and Mental Health","BioMed Central","0","Medicine",699,176,3.97159090909091,1.053,2015,1781
"1874-8988","Child Indicators Research","Springer","1","NULL",345,189,1.82539682539683,0.396,2015,3000
"1573-3327","Child Psychiatry & Human Development","Springer","1","NULL",989,290,3.41034482758621,0.869,2015,3000
"0718-5839","Chilean Journal of Agricultural Research","Instituto de Investigaciones Agropecuarias, INIA","0","Agriculture",476,334,1.4251497005988,0.29,2015,650
"1672-6421","China Foundry","","0","NULL",15,27,0.555555555555556,0.089,2015,1845
"2365-9459","China Foundry","Springer","1","NULL",15,27,0.555555555555556,0.089,2015,3000
"1993-064X","Chinese Geographical Science","Springer","1","NULL",414,320,1.29375,0.257,2015,3000
"1000-9361","Chinese Journal of Aeronautics","","0","NULL",937,608,1.54111842105263,0.32,2015,1845
"1000-9604","Chinese Journal of Cancer Research","AME Publishing Company","0","NULL",596,331,1.80060422960725,0.389,2015,1845
"1993-0631","Chinese Journal of Cancer Research","AME Publishing Company","0","NULL",596,331,1.80060422960725,0.389,2015,1845
"1741-3540","Chinese Journal of Physics","Self Owned - Non-Profit Society","0","NULL",143,222,0.644144144144144,0.107,2015,0
"0366-6999","Chinese Medical Journal","","0","NULL",3752,3350,1.12,0.214,2015,1845
"1749-8546","Chinese Medicine","BioMed Central Ltd","0","FOOD SCIENCE",675,266,2.53759398496241,0.599,2015,2145
"1749-8546","Chinese Medicine","BioMed Central Ltd","0","FOOD SCIENCE",675,266,2.53759398496241,0.599,2015,0
"1749-8546","Chinese Medicine","BioMed Central Ltd","0","FOOD SCIENCE",675,266,2.53759398496241,0.599,2015,1781
"1861-9541","Chinese Science Bulletin","Springer","0","NULL",4927,2969,1.65948130683732,0.351,2015,0
"2045-709X","Chiropractic & Manual Therapies","BioMed Central","0","Medicine",332,177,1.87570621468927,0.41,2015,0
"2090-1291","Cholesterol","Hindawi Publishing Corporation","0","Medicine",148,56,2.64285714285714,0.631,2015,1000
"2241-6323","Choregia","Greek Center for Sport Science Research","0","Geography. Anthropology. Recreation",10,17,0.588235294117647,0.095,2015,0
"1612-1112","Chromatographia","Springer","1","NULL",1423,1090,1.30550458715596,0.26,2015,3000
"1432-0886","Chromosoma","Springer","1","NULL",864,236,3.66101694915254,0.95,2015,3000
"1573-6849","Chromosome Research","Springer","1","NULL",900,315,2.85714285714286,0.696,2015,3000
"1413-8123","Ciencia & Saude Coletiva","","0","NULL",3921,1859,2.10919849381388,0.475,2015,1845
"1413-7054","Ciencia E Agrotecnologia","","0","NULL",776,471,1.64755838641189,0.348,2015,1845
"0103-9954","Ciencia Florestal","","0","NULL",228,293,0.778156996587031,0.135,2015,1845
"0103-8478","Ciencia Rural","","0","NULL",1268,1455,0.871477663230241,0.156,2015,1845
"0185-3880","Ciencias Marinas","Self Owned - Non-Profit Society","0","ECOLOGY AND EVOLUTION",151,179,0.843575418994413,0.15,2015,0
"0185-3880","Ciencias Marinas","Self Owned - Non-Profit Society","0","ECOLOGY AND EVOLUTION",151,179,0.843575418994413,0.15,2015,250
"0264-2751","Cities","Elsevier","0","nan",1589,436,3.64449541284404,0.945,2015,1100
"1618-9558","Clean Technologies and Environmental Policy","Springer","1","NULL",1643,503,3.26640159045726,0.823,2015,3000
"0717-5000","CLEI Electronic Journal","Centro Latinoamericano de Estudios en Informática","0","Science",69,72,0.958333333333333,0.176,2015,0
"1939-2869","Cleveland Clinic Journal of Medicine","Self Owned - Non-Profit Society","0","NULL",933,418,2.23205741626794,0.51,2015,0
"1432-0894","Climate Dynamics","Springer","1","NULL",7961,1543,5.15942968243681,1.463,2015,3000
"1814-9324","Climate of the Past","","0","NULL",2400,608,3.94736842105263,1.045,2015,1845
"1814-9332","Climate of the Past","Copernicus Publications","0","Technology",2400,608,3.94736842105263,1.045,2015,0
"1814-9332","Climate of the Past","Copernicus Publications","0","Technology",2400,608,3.94736842105263,1.045,2015,489
"1814-9332","Climate of the Past","Copernicus Publications","0","Technology",2400,608,3.94736842105263,1.045,2015,1120
"1814-9359","Climate of the Past Discussions","Copernicus Publications","0","Technology",149,155,0.961290322580645,0.177,2015,1120
"1573-1480","Climatic Change","Springer","1","NULL",7930,1448,5.47651933701657,1.578,2015,3000
"1740-2522","Clinical & Developmental Immunology","Hindawi","0","MOLECULAR AND CELL BIOLOGY",3951,1012,3.90415019762846,1.031,2015,1500
"1740-2522","Clinical & Developmental Immunology","Hindawi","0","MOLECULAR AND CELL BIOLOGY",3951,1012,3.90415019762846,1.031,2015,1750
"1573-7276","Clinical & Experimental Metastasis","Springer","1","NULL",1228,378,3.24867724867725,0.818,2015,3000
"1591-9528","Clinical and Experimental Medicine","Springer","1","NULL",457,193,2.36787564766839,0.549,2015,3000
"1437-7799","Clinical and Experimental Nephrology","Springer","1","NULL",1089,619,1.75928917609047,0.378,2015,3000
"0147-958X","Clinical and Investigative Medicine","Canadian Medical Association","0","MEDICINE",298,220,1.35454545454545,0.272,2015,0
"1476-7961","Clinical and Molecular Allergy","BioMed Central","0","Medicine",121,44,2.75,0.663,2015,2145
"1476-7961","Clinical and Molecular Allergy","BioMed Central","0","Medicine",121,44,2.75,0.663,2015,1625
"1476-7961","Clinical and Molecular Allergy","BioMed Central","0","Medicine",121,44,2.75,0.663,2015,1781
"1752-8062","Clinical and Translational Science","Wiley","0","Medicine",611,321,1.90342679127726,0.417,2015,3000
"1619-1560","Clinical Autonomic Research","Springer","1","NULL",442,186,2.37634408602151,0.552,2015,3000
"1573-2827","Clinical Child and Family Psychology Review","Springer","1","NULL",1124,108,10.4074074074074,3.538,2015,3000
"1179-1918","Clinical Drug Investigation","Springer","1","NULL",988,482,2.04979253112033,0.458,2015,3000
"1868-7083","Clinical Epigenetics","BioMed Central Ltd","0","MOLECULAR AND CELL BIOLOGY",682,134,5.08955223880597,1.439,2015,2450
"1868-7083","Clinical Epigenetics","BioMed Central Ltd","0","MOLECULAR AND CELL BIOLOGY",682,134,5.08955223880597,1.439,2015,2190
"1868-7083","Clinical Epigenetics","BioMed Central Ltd","0","MOLECULAR AND CELL BIOLOGY",682,134,5.08955223880597,1.439,2015,2034.5
"1176-9092","Clinical Interventions in Aging","Dove Press","0","",1744,558,3.12544802867384,0.779,2015,2200
"1176-9092","Clinical Interventions in Aging","Dove Press","0","",1744,558,3.12544802867384,0.779,2015,2310
"1178-1998","Clinical Interventions in Aging","Dove Medical Press","0","Medicine",1744,558,3.12544802867384,0.779,2015,2310
"1865-7265","Clinical Journal of Gastroenterology","Springer","1","NULL",102,244,0.418032786885246,0.062,2015,3000
"1554-6179","Clinical Medicine & Research","Marshfield Clinic","0","Medicine",245,295,0.830508474576271,0.147,2015,1845
"1177-5483","Clinical Ophthalmology","Dove Medical Press","0","Medicine",2288,1352,1.69230769230769,0.36,2015,1958
"1436-3771","Clinical Oral Investigations","Springer","1","NULL",2607,890,2.92921348314607,0.718,2015,3000
"1745-0179","Clinical Practice & Epidemiology in Mental Health","Bentham Open","0","NULL",313,125,2.504,0.589,2015,1625
"1542-6416","Clinical Proteomics","","0","NULL",412,106,3.88679245283019,1.025,2015,1845
"1559-0275","Clinical Proteomics","BioMed Central","0","Medicine",412,106,3.88679245283019,1.025,2015,2145
"1559-0275","Clinical Proteomics","BioMed Central","0","Medicine",412,106,3.88679245283019,1.025,2015,1625
"1559-0275","Clinical Proteomics","BioMed Central","0","Medicine",412,106,3.88679245283019,1.025,2015,1781
"1861-0692","Clinical Research in Cardiology","Springer","1","NULL",2013,622,3.23633440514469,0.814,2015,3000
"1559-0267","Clinical Reviews in Allergy & Immunology","Springer","1","NULL",1344,282,4.76595744680851,1.324,2015,3000
"1559-0119","Clinical Reviews in Bone and Mineral Metabolism","Springer","1","NULL",82,81,1.01234567901235,0.189,2015,3000
"1434-9949","Clinical Rheumatology","Springer","1","NULL",3102,1262,2.45800316957211,0.576,2015,3000
"1573-3343","Clinical Social Work Journal","Springer","1","NULL",326,199,1.63819095477387,0.346,2015,3000
"1807-5932","Clinics","","0","NULL",2354,1219,1.93109105824446,0.425,2015,1845
"1980-5322","Clinics","Faculdade de Medicina / USP","0","Medicine",2354,1219,1.93109105824446,0.425,2015,1000
"1980-5322","Clinics","Faculdade de Medicina / USP","0","Medicine",2354,1219,1.93109105824446,0.425,2015,2000
"1980-5322","Clinics","Faculdade de Medicina / USP","0","Medicine",2354,1219,1.93109105824446,0.425,2015,903
"1863-2513","Cliometrica","Springer","1","NULL",86,63,1.36507936507937,0.275,2015,3000
"1573-7543","Cluster Computing","Springer","1","NULL",566,250,2.264,0.519,2015,3000
"1179-1934","Cns Drugs","Springer","1","NULL",2220,424,5.23584905660377,1.491,2015,3000
"0010-0277","Cognition","Elsevier","0","PSYCHOLOGY",4465,825,5.41212121212121,1.554,2015,2150
"0010-0277","Cognition","Elsevier","0","PSYCHOLOGY",4465,825,5.41212121212121,1.554,2015,0
"1866-9964","Cognitive Computation","Springer","1","NULL",578,237,2.43881856540084,0.57,2015,3000
"1871-4099","Cognitive Neurodynamics","Springer","1","NULL",420,190,2.21052631578947,0.504,2015,3000
"1612-4790","Cognitive Processing","Springer","1","NULL",672,258,2.6046511627907,0.619,2015,3000
"1573-2819","Cognitive Therapy and Research","Springer","1","NULL",1172,389,3.01285347043702,0.744,2015,3000
"1989-1067","Collectanea Botanica","Consejo Superior de Investigaciones Científicas","0","Science",19,31,0.612903225806452,0.1,2015,0
"2038-4815","Collectanea Mathematica","Springer","1","NULL",98,105,0.933333333333333,0.17,2015,3000
"0010-0870","College & Research Libraries","","0","NULL",543,180,3.01666666666667,0.745,2015,1845
"2150-6701","College & Research Libraries","Assoc Coll Research Libraries","0","NULL",543,180,3.01666666666667,0.745,2015,0
"1322-7696","Collegian","Elsevier","0","MEDICINE",293,163,1.79754601226994,0.388,2015,1700
"1435-1536","Colloid and Polymer Science","Springer","1","NULL",2400,1191,2.01511335012594,0.448,2015,3000
"1657-9534","Colombia Medica","Universidad del Valle","0","Medicine",178,187,0.951871657754011,0.175,2015,1845
"1615-6730","Coloproctology","Springer","1","NULL",22,40,0.55,0.088,2015,3000
"1432-0916","Communications in Mathematical Physics","Springer","1","NULL",3532,1186,2.97807757166948,0.733,2015,3000
"1573-2789","Community Mental Health Journal","Springer","1","NULL",940,475,1.97894736842105,0.438,2015,3000
"1532-6268","Comparative and Functional Genomics","Hindawi Publishing Corporation ","0","Science",384,158,2.43037974683544,0.568,2015,1500
"1993-0771","Comparative Cytogenetics","","0","NULL",190,129,1.47286821705426,0.302,2015,1845
"1993-078X","Comparative Cytogenetics","Pensoft Publishers","0","Science",190,129,1.47286821705426,0.302,2015,1845
"2082-6737","Comparative Economic Research","De Gruyter Open","0","Social Sciences",24,51,0.470588235294118,0.072,2015,0
"1476-5926","Comparative Hepatology","Biomed Central Ltd","0","NULL",50,24,2.08333333333333,0.468,2015,1625
"1661-8262","Complex Analysis and Operator Theory","Springer","1","NULL",239,257,0.929961089494164,0.17,2015,3000
"1099-0526","Complexity","Hindawi","0","NULL",420,190,2.21052631578947,0.504,2015,2000
"1748-670X","Computational and Mathematical Methods in Medicine","","0","NULL",1169,707,1.65346534653465,0.35,2015,1845
"1748-6718","Computational and Mathematical Methods in Medicine","Hindawi Publishing Corporation","0","Medicine",1169,707,1.65346534653465,0.35,2015,1200
"1748-6718","Computational and Mathematical Methods in Medicine","Hindawi Publishing Corporation","0","Medicine",1169,707,1.65346534653465,0.35,2015,1750
"1748-6718","Computational and Mathematical Methods in Medicine","Hindawi Publishing Corporation","0","Medicine",1169,707,1.65346534653465,0.35,2015,1500
"1572-9346","Computational and Mathematical Organization Theory","Springer","1","NULL",150,103,1.45631067961165,0.298,2015,3000
"1420-8954","Computational Complexity","Springer","1","NULL",60,49,1.22448979591837,0.24,2015,3000
"1572-9974","Computational Economics","Springer","1","NULL",191,188,1.01595744680851,0.189,2015,3000
"1573-1499","Computational Geosciences","Springer","1","NULL",904,279,3.24014336917563,0.815,2015,3000
"1687-5265","Computational Intelligence and Neuroscience","","0","NULL",1039,159,6.53459119496855,1.97,2015,1845
"1687-5273","Computational Intelligence and Neuroscience","Hindawi","0","nan",1039,159,6.53459119496855,1.97,2015,2000
"1687-5273","Computational Intelligence and Neuroscience","Hindawi","0","nan",1039,159,6.53459119496855,1.97,2015,1750
"0891-2017","Computational Linguistics","","0","NULL",1002,150,6.68,2.025,2015,1845
"1530-9312","Computational Linguistics","MIT Press","0","Language and Literature",1002,150,6.68,2.025,2015,0
"1619-6988","Computational Management Science","Springer","1","NULL",176,95,1.85263157894737,0.403,2015,3000
"1432-0924","Computational Mechanics","Springer","1","NULL",1932,621,3.11111111111111,0.775,2015,3000
"2195-3724","Computational Methods and Function Theory","Springer","1","NULL",92,135,0.681481481481481,0.115,2015,3000
"1573-2894","Computational Optimization and Applications","Springer","1","NULL",1079,454,2.37665198237885,0.552,2015,3000
"1613-9658","Computational Statistics","Springer","1","NULL",412,305,1.35081967213115,0.271,2015,3000
"0146-4833","Computer Communication Review","ASSOC COMPUTING MACHINERY","0","nan",8,7,1.14285714285714,0.22,2015,0
"1820-0214","Computer Science and Information Systems","KoBSON","0","nan",473,280,1.68928571428571,0.359,2015,0
"2406-1018","Computer Science and Information Systems","ComSIS Consortium","0","Science",473,280,1.68928571428571,0.359,2015,0
"1436-5057","Computing","Springer","1","NULL",454,249,1.82329317269076,0.395,2015,3000
"1433-0369","Computing and Visualization in Science","Springer","1","NULL",160,91,1.75824175824176,0.378,2015,3000
"1134-3478","Comunicar","","0","NULL",509,338,1.50591715976331,0.311,2015,1845
"1988-3293","Comunicar","Grupo Comunicar Ediciones","0","Education",509,338,1.50591715976331,0.311,2015,0
"1607-324X","Condensed Matter Physics","Self Owned - Non-Profit Society","0","PHYSICS AND CHEMISTRY",147,190,0.773684210526316,0.135,2015,0
"1752-1505","Conflict and Health","BioMed Central","0","Medicine",274,106,2.58490566037736,0.613,2015,2145
"1752-1505","Conflict and Health","BioMed Central","0","Medicine",274,106,2.58490566037736,0.613,2015,1625
"1752-1505","Conflict and Health","BioMed Central","0","Medicine",274,106,2.58490566037736,0.613,2015,1781
"1572-9737","Conservation Genetics","Springer","1","NULL",1637,741,2.20917678812416,0.503,2015,3000
"1877-7260","Conservation Genetics Resources","Springer","1","NULL",1355,913,1.48411829134721,0.305,2015,3000
"1523-1739","Conservation Letters","Wiley","0","NULL",2046,296,6.91216216216216,2.114,2015,1850
"1755-263X","Conservation Letters","Wiley","0","Science",2046,296,6.91216216216216,2.114,2015,1850
"1572-9966","Constitutional Political Economy","Springer","1","NULL",102,83,1.2289156626506,0.241,2015,3000
"1432-0940","Constructive Approximation","Springer","1","NULL",286,178,1.60674157303371,0.337,2015,3000
"0976-2361","Contemporary Clinical Dentistry","Medknow Publications","0","Medicine",566,463,1.22246220302376,0.239,2015,200
"1573-3335","Contemporary Family Therapy","Springer","1","NULL",243,194,1.25257731958763,0.247,2015,3000
"1872-0226","Contemporary Islam","Springer","1","NULL",54,66,0.818181818181818,0.144,2015,3000
"1876-5165","Contemporary Jewry","Springer","1","NULL",52,63,0.825396825396825,0.146,2015,3000
"1982-0240","Contexto Internacional","Pontifícia Universidade Católica do Rio de Janeiro","0","Political science",29,46,0.630434782608696,0.104,2015,0
"1573-1103","Continental Philosophy Review","Springer","1","NULL",50,81,0.617283950617284,0.101,2015,3000
"1432-0959","Continuum Mechanics and Thermodynamics","Springer","1","NULL",360,177,2.03389830508475,0.454,2015,3000
"0010-7824","Contraception","Elsevier","1","Medicine",3162,1161,2.7235142118863,0.655,2015,3000
"1555-4317","Contrast Media & Molecular Imaging","Hindawi","0","NULL",812,255,3.1843137254902,0.798,2015,1500
"1432-0967","Contributions to Mineralogy and Petrology","Springer","1","NULL",2604,640,4.06875,1.086,2015,3000
"1875-9866","Contributions to Zoology","Self Owned - Non-Profit Society","0","NULL",190,76,2.5,0.588,2015,0
"1432-0975","Coral Reefs","Springer","1","NULL",2028,637,3.18367346938775,0.797,2015,3000
"1555-175X","Core Evidence","Dove Medical Press","0","Medicine",143,46,3.10869565217391,0.774,2015,1845
"0010-9452","Cortex","Elsevier","1","Neuroscience",4189,905,4.62872928176796,1.277,2015,2600
"0010-9452","Cortex","Elsevier","1","Neuroscience",4189,905,4.62872928176796,1.277,2015,2800
"1478-7547","Cost Effectiveness and Resource Allocation","BioMed Central","0","Medicine",234,106,2.20754716981132,0.503,2015,2145
"1478-7547","Cost Effectiveness and Resource Allocation","BioMed Central","0","Medicine",234,106,2.20754716981132,0.503,2015,1625
"1478-7547","Cost Effectiveness and Resource Allocation","BioMed Central","0","Medicine",234,106,2.20754716981132,0.503,2015,1781
"1745-9974","Cough","Biomed Central Ltd","0","NULL",168,65,2.58461538461538,0.613,2015,1625
"2193-7680","Crime Science","Springer","0","Science",64,24,2.66666666666667,0.638,2015,1140
"1871-9805","Criminal Law and Philosophy","Springer","1","NULL",64,104,0.615384615384615,0.101,2015,3000
"1572-9850","Criminal Law Forum","Springer","1","NULL",20,50,0.4,0.059,2015,3000
"1364-8535","Critical Care","Biomed Central Ltd","0","NULL",11792,3340,3.53053892215569,0.908,2015,2740
"1364-8535","Critical Care","Biomed Central Ltd","0","NULL",11792,3340,3.53053892215569,0.908,2015,1845
"1466-609X","Critical Care","BioMed Central","0","Medicine",11792,3340,3.53053892215569,0.908,2015,2164.5
"2090-1313","Critical Care Research and Practice","Hindawi Publishing Corporation","0","Medicine",436,157,2.77707006369427,0.671,2015,1000
"1572-9877","Critical Criminology","Springer","1","NULL",163,120,1.35833333333333,0.273,2015,3000
"2036-3176","Critical Ultrasound Journal","Springer","0","NULL",224,104,2.15384615384615,0.488,2015,0
"2036-7902","Critical Ultrasound Journal","Springer","0","Medicine",224,104,2.15384615384615,0.488,2015,1965
"1332-8166","Croatian Medical Journal","Medicinska Naklada","0","NULL",630,370,1.7027027027027,0.363,2015,0
"0011-1643","Croatica Chemica Acta","","0","NULL",236,254,0.929133858267717,0.169,2015,1845
"1334-417X","Croatica Chemica Acta","Croatian Chemical Society","0","Science",236,254,0.929133858267717,0.169,2015,0
"1984-7033","Crop Breeding and Applied Biotechnology","Brazilian Society of Plant Breeding","0","Agriculture",298,251,1.18725099601594,0.231,2015,0
"0011-2240","Cryobiology","Elsevier","1","Veterinary",1176,621,1.89371980676328,0.415,2015,2200
"0011-2240","Cryobiology","Elsevier","1","Veterinary",1176,621,1.89371980676328,0.415,2015,2400
"0011-2275","Cryogenics","Elsevier","1","Physics and Chemistry",682,517,1.31914893617021,0.263,2015,2200
"1936-2455","Cryptography and Communications","Springer","1","NULL",76,77,0.987012987012987,0.183,2015,3000
"2277-9086","Csi Transactions on Ict","Springer","1","NULL",27,37,0.72972972972973,0.125,2015,3000
"0886-7356","Cultural Anthropology","","0","NULL",501,164,3.05487804878049,0.757,2015,1845
"1548-1360","Cultural Anthropology","American Anthropological Association","0","Geography. Anthropology. Recreation",501,164,3.05487804878049,0.757,2015,0
"1871-1510","Cultural Studies of Science Education","Springer","1","NULL",316,263,1.20152091254753,0.234,2015,3000
"1534-6315","Current Allergy and Asthma Reports","Springer","1","NULL",1225,367,3.33787465940054,0.846,2015,3000
"1534-6242","Current Atherosclerosis Reports","Springer","1","NULL",1341,366,3.66393442622951,0.951,2015,3000
"1931-7220","Current Bladder Dysfunction Reports","Springer","1","NULL",71,98,0.724489795918367,0.124,2015,3000
"1943-4596","Current Breast Cancer Reports","Springer","1","NULL",102,89,1.14606741573034,0.221,2015,3000
"1534-3170","Current Cardiology Reports","Springer","0","nan",923,434,2.12672811059908,0.48,2015,3000
"1941-9074","Current Cardiovascular Imaging Reports","Springer","1","NULL",187,165,1.13333333333333,0.217,2015,3000
"1932-9563","Current Cardiovascular Risk Reports","Springer","1","NULL",289,212,1.36320754716981,0.274,2015,3000
"1556-3804","Current Colorectal Cancer Reports","Springer","1","NULL",159,111,1.43243243243243,0.292,2015,3000
"1539-0829","Current Diabetes Reports","Springer","1","NULL",1810,453,3.99558498896247,1.061,2015,3000
"1936-377X","Current Fungal Infection Reports","Springer","1","NULL",180,148,1.21621621621622,0.238,2015,3000
"1534-312X","Current Gastroenterology Reports","Springer","1","NULL",947,313,3.02555910543131,0.748,2015,3000
"1432-0983","Current Genetics","Springer","1","NULL",383,156,2.45512820512821,0.575,2015,3000
"1687-7071","Current Gerontology and Geriatrics Research","Hindawi Publishing Corporation","0","Medicine",291,119,2.4453781512605,0.572,2015,750
"1687-7071","Current Gerontology and Geriatrics Research","Hindawi Publishing Corporation","0","Medicine",291,119,2.4453781512605,0.572,2015,800
"1546-9549","Current Heart Failure Reports","Springer","1","NULL",587,215,2.73023255813954,0.657,2015,3000
"1558-822X","Current Hematologic Malignancy Reports","Springer","1","NULL",433,190,2.27894736842105,0.524,2015,3000
"1534-3111","Current Hypertension Reports","Springer","1","NULL",1480,375,3.94666666666667,1.045,2015,3000
"1534-3146","Current Infectious Disease Reports","Springer","0","nan",692,344,2.01162790697674,0.448,2015,3000
"1467-3037","Current Issues in Molecular Biology","HORIZON SCIENTIFIC PRESS","0","MOLECULAR AND CELL BIOLOGY",183,36,5.08333333333333,1.436,2015,1350
"1467-3037","Current Issues in Molecular Biology","HORIZON SCIENTIFIC PRESS","0","MOLECULAR AND CELL BIOLOGY",183,36,5.08333333333333,1.436,2015,1360
"1432-0991","Current Microbiology","Springer","1","NULL",2133,1093,1.95150960658737,0.431,2015,3000
"1534-6293","Current Neurology and Neuroscience Reports","Springer","1","NULL",1575,399,3.94736842105263,1.045,2015,3000
"1718-7729","Current Oncology","Multimed Inc","0","NULL",1144,532,2.15037593984962,0.487,2015,0
"1534-6269","Current Oncology Reports","Springer","1","NULL",925,316,2.92721518987342,0.717,2015,3000
"1544-2241","Current Osteoporosis Reports","Springer","0","nan",851,222,3.83333333333333,1.007,2015,3000
"1534-3081","Current Pain and Headache Reports","Springer","1","NULL",1048,350,2.99428571428571,0.738,2015,3000
"1535-1645","Current Psychiatry Reports","Springer","1","NULL",1896,432,4.38888888888889,1.194,2015,3000
"1936-4733","Current Psychology","Springer","1","NULL",204,143,1.42657342657343,0.29,2015,3000
"1994-5426","Current Research in Bacteriology","Asian Network for Scientific Information (ansinet)","0","NULL",35,28,1.25,0.246,2015,1845
"2077-2122","Current Research in Bacteriology","Asian Network for Scientific Information (ansinet)","0","NULL",35,28,1.25,0.246,2015,1845
"1935-9748","Current Reviews in Musculoskeletal Medicine","Springer","1","NULL",418,162,2.58024691358025,0.612,2015,3000
"1534-6307","Current Rheumatology Reports","Springer","1","NULL",1329,373,3.56300268096515,0.919,2015,3000
"1548-3592","Current Sexual Health Reports","Springer","1","NULL",46,20,2.3,0.53,2015,3000
"1534-3189","Current Treatment Options in Cardiovascular Medicine","Springer","1","NULL",358,266,1.34586466165414,0.27,2015,3000
"1534-309X","Current Treatment Options in Gastroenterology","Springer","1","NULL",59,28,2.10714285714286,0.474,2015,3000
"1534-3138","Current Treatment Options in Neurology","Springer","1","NULL",645,240,2.6875,0.644,2015,3000
"1534-6277","Current Treatment Options in Oncology","Springer","1","NULL",522,188,2.77659574468085,0.671,2015,3000
"1534-6285","Current Urology Reports","Springer","0","nan",740,362,2.04419889502762,0.457,2015,3000
"1674-5507","Current Zoology","CURRENT ZOOLOGY","0","ECOLOGY AND EVOLUTION",715,354,2.01977401129944,0.45,2015,0
"1674-5507","Current Zoology","CURRENT ZOOLOGY","0","ECOLOGY AND EVOLUTION",715,354,2.01977401129944,0.45,2015,1440
"0974-5963","CytoJournal","","0","NULL",159,117,1.35897435897436,0.273,2015,1845
"1742-6413","CytoJournal","Medknow Publications ","0","Science",159,117,1.35897435897436,0.273,2015,1625
"1742-6413","CytoJournal","Medknow Publications ","0","Science",159,117,1.35897435897436,0.273,2015,1500
"1043-4666","Cytokine","Elsevier","0","MOLECULAR AND CELL BIOLOGY",3769,1366,2.75915080527086,0.666,2015,3300
"1573-0778","Cytotechnology","Springer","1","NULL",724,368,1.96739130434783,0.435,2015,3000
"1465-3249","Cytotherapy","Elsevier","0","MOLECULAR AND CELL BIOLOGY",2560,729,3.5116598079561,0.902,2015,3000
"1465-3249","Cytotherapy","Elsevier","0","MOLECULAR AND CELL BIOLOGY",2560,729,3.5116598079561,0.902,2015,3300
"1212-1819","Czech Journal of Animal Science","INST AGRICULTURAL FOOD INFORMATION","0","VETERINARY",305,281,1.08540925266904,0.206,2015,0
"1212-1819","Czech Journal of Animal Science","INST AGRICULTURAL FOOD INFORMATION","0","VETERINARY",305,281,1.08540925266904,0.206,2015,225.13
"1212-1819","Czech Journal of Animal Science","INST AGRICULTURAL FOOD INFORMATION","0","VETERINARY",305,281,1.08540925266904,0.206,2015,223.4
"1805-9309","Czech Journal of Animal Science","Czech Academy of Agricultural Sciences","0","Agriculture",305,281,1.08540925266904,0.206,2015,224
"1212-1800","Czech Journal of Food Sciences","Self Owned - Non-Profit Society","0","FOOD SCIENCE",496,358,1.3854748603352,0.28,2015,0
"1212-1800","Czech Journal of Food Sciences","Self Owned - Non-Profit Society","0","FOOD SCIENCE",496,358,1.3854748603352,0.28,2015,225.13
"1212-1800","Czech Journal of Food Sciences","Self Owned - Non-Profit Society","0","FOOD SCIENCE",496,358,1.3854748603352,0.28,2015,223.4
"1805-9317","Czech Journal of Food Sciences","Czech Academy of Agricultural Sciences","0","Agriculture",496,358,1.3854748603352,0.28,2015,224
"1212-1975","Czech Journal of Genetics and Plant Breeding","","0","NULL",131,145,0.903448275862069,0.163,2015,1845
"1805-9325","Czech Journal of Genetics and Plant Breeding","Czech Academy of Agricultural Sciences","0","Agriculture",131,145,0.903448275862069,0.163,2015,224
"1958-5594","Dairy Science & Technology","Springer","1","NULL",507,222,2.28378378378378,0.525,2015,3000
"1603-9629","Danish Medical Bulletin","Danish Medical Assn","0","NULL",289,183,1.5792349726776,0.33,2015,0
"1603-9629","Danish Medical Bulletin","Danish Medical Assn","0","NULL",289,183,1.5792349726776,0.33,2015,1321
"2352-3409","Data in Brief","Elsevier","0","Medicine",22,16,1.375,0.277,2015,1845
"1573-756X","Data Mining and Knowledge Discovery","Springer","1","NULL",1034,195,5.3025641025641,1.515,2015,3000
"1683-1470","Data Science Journal","Ubiquity Press","0","Science",98,115,0.852173913043478,0.152,2015,322
"1683-1470","Data Science Journal","Ubiquity Press","0","Science",98,115,0.852173913043478,0.152,2015,455
"0976-464X","Defence Science Journal","Defence Scientific Information Documentation Centre","0","NULL",284,304,0.93421052631579,0.171,2015,0
"1435-9871","Demographic Research","Max Planck Inst","0","SOCIOLOGY",878,392,2.23979591836735,0.512,2015,0
"1533-7790","Demography","Springer","1","NULL",1973,409,4.8239608801956,1.345,2015,3000
"1641-1307","Dendrobiology","Polish Academy of Sciences","0","ECOLOGY AND EVOLUTION",68,91,0.747252747252747,0.129,2015,0
"1125-7865","Dendrochronologia","Elsevier","0","nan",409,169,2.42011834319527,0.565,2015,1500
"2090-133X","Depression Research and Treatment","Hindawi Publishing Corporation","0","Medicine",324,167,1.94011976047904,0.428,2015,750
"1861-969X","Der Gastroenterologe","Springer","1","NULL",15,58,0.258620689655172,0.034,2015,3000
"1432-1289","Der Internist","Springer","1","NULL",173,448,0.386160714285714,0.056,2015,3000
"1864-9726","Der Kardiologe","Springer","1","NULL",68,102,0.666666666666667,0.112,2015,3000
"1862-0418","Der Nephrologe","Springer","1","NULL",19,65,0.292307692307692,0.04,2015,3000
"1613-6055","Der Pneumologe","Springer","1","NULL",21,68,0.308823529411765,0.042,2015,3000
"1027-8117","Dermatologica Sinica","","0","NULL",106,137,0.773722627737226,0.135,2015,1845
"2036-7406","Dermatology Reports","PAGEPress Publications","0","Medicine",21,64,0.328125,0.046,2015,1845
"1687-6113","Dermatology Research and Practice","Hindawi Publishing Corporation","0","Medicine",327,153,2.13725490196078,0.483,2015,1000
"1687-6113","Dermatology Research and Practice","Hindawi Publishing Corporation","0","Medicine",327,153,2.13725490196078,0.483,2015,800
"0011-9164","Desalination","Elsevier","1","NULL",15452,2782,5.55427749820273,1.606,2015,3600
"1572-8080","Design Automation for Embedded Systems","Springer","1","NULL",99,72,1.375,0.277,2015,3000
"1435-1951","Deutsche Entomologische Zeitschrift","","0","NULL",35,72,0.486111111111111,0.075,2015,1845
"1860-1324","Deutsche Entomologische Zeitschrift","Pensoft Publishers","0","Science",35,72,0.486111111111111,0.075,2015,448
"1432-041X","Development Genes and Evolution","Springer","1","NULL",359,151,2.37748344370861,0.552,2015,3000
"1878-9293","Developmental Cognitive Neuroscience","","0","NULL",1311,225,5.82666666666667,1.705,2015,1845
"1878-9307","Developmental Cognitive Neuroscience","Elsevier","0","Science",1311,225,5.82666666666667,1.705,2015,1500
"1994-2672","Dhaulagiri Journal of Sociology and Anthropology","Tribhuvan University","0","Geography. Anthropology. Recreation",9,28,0.321428571428571,0.045,2015,1845
"1869-6953","Diabetes Therapy","","0","NULL",346,110,3.14545454545455,0.785,2015,1845
"1869-6961","Diabetes Therapy","Adis, Springer Healthcare","0","Medicine",346,110,3.14545454545455,0.785,2015,299
"2000-625X","Diabetic Foot & Ankle","Co-Action Publishing","0","Medicine",136,69,1.97101449275362,0.436,2015,1845
"1432-0428","Diabetologia","Springer","1","NULL",11194,1774,6.31003382187148,1.885,2015,3000
"1758-5996","Diabetology & Metabolic Syndrome","Biomed Central","0","MEDICINE",1064,367,2.8991825613079,0.709,2015,2220
"1758-5996","Diabetology & Metabolic Syndrome","Biomed Central","0","MEDICINE",1064,367,2.8991825613079,0.709,2015,1625
"1758-5996","Diabetology & Metabolic Syndrome","Biomed Central","0","MEDICINE",1064,367,2.8991825613079,0.709,2015,1730
"1758-5996","Diabetology & Metabolic Syndrome","Biomed Central","0","MEDICINE",1064,367,2.8991825613079,0.709,2015,1846
"1305-3825","Diagnostic and Interventional Radiology","Self Owned - Non-Profit Society","0","RADIOLOGY",551,281,1.96085409252669,0.433,2015,0
"1029-0516","Diagnostic and Therapeutic Endoscopy","Hindawi Publishing Corporation","0","Medicine",173,114,1.51754385964912,0.314,2015,750
"1029-0516","Diagnostic and Therapeutic Endoscopy","Hindawi Publishing Corporation","0","Medicine",173,114,1.51754385964912,0.314,2015,800
"1746-1596","Diagnostic Pathology","Biomed Central","0","ONCOLOGY",1866,891,2.09427609427609,0.471,2015,2145
"1746-1596","Diagnostic Pathology","Biomed Central","0","ONCOLOGY",1866,891,2.09427609427609,0.471,2015,1625
"1746-1596","Diagnostic Pathology","Biomed Central","0","ONCOLOGY",1866,891,2.09427609427609,0.471,2015,1730
"1746-1596","Diagnostic Pathology","Biomed Central","0","ONCOLOGY",1866,891,2.09427609427609,0.471,2015,1781
"1573-0786","Dialectical Anthropology","Springer","1","NULL",82,110,0.745454545454545,0.128,2015,3000
"1687-4102","Differential Equations and Nonlinear Mechanics","Hindawi Publishing Corporation","0","Technology",0,1,0,0,2015,1000
"0301-4681","Differentiation","Elsevier","0","MOLECULAR AND CELL BIOLOGY",925,280,3.30357142857143,0.835,2015,3000
"1573-2568","Digestive Diseases and Sciences","Springer","1","NULL",6121,2286,2.67760279965004,0.641,2015,3000
"2278-4543","Disaster Advances","e-journal","0","NULL",55,84,0.654761904761905,0.109,2015,1845
"1026-0226","Discrete Dynamics in Nature and Society","","0","NULL",832,779,1.06803594351733,0.202,2015,1845
"1607-887X","Discrete Dynamics in Nature and Society","Hindawi Publishing Corporation","0","Science",832,779,1.06803594351733,0.202,2015,800
"1607-887X","Discrete Dynamics in Nature and Society","Hindawi Publishing Corporation","0","Science",832,779,1.06803594351733,0.202,2015,1200
"1607-887X","Discrete Dynamics in Nature and Society","Hindawi Publishing Corporation","0","Science",832,779,1.06803594351733,0.202,2015,2000
"1607-887X","Discrete Dynamics in Nature and Society","Hindawi Publishing Corporation","0","Science",832,779,1.06803594351733,0.202,2015,1750
"1573-7594","Discrete Event Dynamic Systems","Springer","1","NULL",189,89,2.12359550561798,0.479,2015,3000
"0278-0240","Disease Markers","","0","NULL",1246,553,2.25316455696203,0.516,2015,1845
"1875-8630","Disease Markers","Hindawi Publishing Corporation","0","Medicine",1246,553,2.25316455696203,0.516,2015,1750
"1875-8630","Disease Markers","Hindawi Publishing Corporation","0","Medicine",1246,553,2.25316455696203,0.516,2015,1500
"1754-8403","Disease Models & Mechanisms","","0","NULL",2869,550,5.21636363636364,1.484,2015,1845
"1754-8411","Disease Models & Mechanisms","Company of Biologists","0","Medicine",2869,550,5.21636363636364,1.484,2015,2090
"1754-8411","Disease Models & Mechanisms","Company of Biologists","0","Medicine",2869,550,5.21636363636364,1.484,2015,3100
"1754-8411","Disease Models & Mechanisms","Company of Biologists","0","Medicine",2869,550,5.21636363636364,1.484,2015,3250
"0141-9382","Displays","Elsevier","0","PHYSICS AND CHEMISTRY",389,185,2.1027027027027,0.473,2015,2400
"2254-0601","Disputatio","Disputatio Editions-IAR","0","Philosophy. Psychology. Religion",10,30,0.333333333333333,0.047,2015,1845
"1573-7578","Distributed and Parallel Databases","Springer","1","NULL",189,81,2.33333333333333,0.539,2015,3000
"1432-0452","Distributed Computing","Springer","1","NULL",487,453,1.07505518763797,0.203,2015,3000
"1340-2838","Dna Research","","0","NULL",1296,216,6,1.77,2015,1845
"1756-1663","DNA Research","Oxford University Press","0","Science",1296,216,6,1.77,2015,500
"1431-0643","Documenta Mathematica","Self Owned - Non-Profit Society","0","MATHEMATICS",90,61,1.47540983606557,0.303,2015,0
"1573-2622","Documenta Ophthalmologica","Springer","1","NULL",467,232,2.01293103448276,0.448,2015,3000
"1854-2492","Documenta Praehistorica","Znanstvena založba Filozofske fakultete Univerze v Ljubljani (Ljubljana University Press, Faculty of Arts)","0","Auxiliary sciences of history",72,82,0.878048780487805,0.158,2015,0
"1996-9465","Drinking Water Engineering and Science","Copernicus Publications on behalf of the TU Delft","0","Technology",59,41,1.4390243902439,0.294,2015,1845
"1996-9481","Drinking Water Engineering and Science Discussions","Copernicus Publications","0","Technology",2,6,0.333333333333333,0.047,2015,1845
"1177-8881","Drug Design Development and Therapy","DOVE MEDICAL PRESS LTD","0","MEDICINE",1541,486,3.17078189300412,0.793,2015,2200
"1177-8881","Drug Design Development and Therapy","DOVE MEDICAL PRESS LTD","0","MEDICINE",1541,486,3.17078189300412,0.793,2015,2310
"1880-0920","Drug Metabolism and Pharmacokinetics","Self Owned - Non-Profit Society","0","NULL",800,355,2.25352112676056,0.516,2015,0
"1179-1942","Drug Safety","Springer","1","NULL",1869,550,3.39818181818182,0.865,2015,3000
"1177-3928","Drug Target Insights","Libertas Academica","0","Medicine",53,19,2.78947368421053,0.675,2015,1848
"1179-1950","Drugs","Springer","1","NULL",3723,759,4.90513833992095,1.373,2015,3000
"1179-1969","Drugs & Aging","Springer","1","NULL",1597,455,3.50989010989011,0.901,2015,3000
"1179-1977","Drugs & Therapy Perspectives","Springer","1","NULL",19,35,0.542857142857143,0.086,2015,3000
"2346-2183","Dyna","Universidad Nacional de Colombia ","0","Technology",395,639,0.618153364632238,0.101,2015,0
"2153-0793","Dynamic Games and Applications","Springer","1","NULL",191,91,2.0989010989011,0.472,2015,3000
"1056-2176","Dynamic Systems and Applications","Dynamic Publishers","0","NULL",7,8,0.875,0.157,2015,1845
"2163-7873","Dynamics of Partial Differential Equations","International Press","0","NULL",85,77,1.1038961038961,0.21,2015,0
"0211-9536","Dynamis","","0","NULL",27,40,0.675,0.113,2015,1845
"1432-0460","Dysphagia","Springer","1","NULL",877,299,2.93311036789298,0.719,2015,3000
"1573-1707","Early Childhood Education Journal","Springer","1","NULL",1039,471,2.20594479830149,0.503,2015,3000
"1880-5981","Earth Planets and Space","Springer","0","Geography. Anthropology. Recreation | Science",1737,666,2.60810810810811,0.62,2015,1105
"1880-5981","Earth Planets and Space","Springer","0","Geography. Anthropology. Recreation | Science",1737,666,2.60810810810811,0.62,2015,672
"1865-0481","Earth Science Informatics","Springer","1","NULL",125,95,1.31578947368421,0.262,2015,3000
"1794-6190","Earth Sciences Research Journal","Universidad Nacional de Colombia","0","nan",44,57,0.771929824561403,0.134,2015,0
"1866-3508","Earth System Science Data","","0","NULL",659,86,7.66279069767442,2.407,2015,1845
"1866-3516","Earth System Science Data","Copernicus Publications","0","Geography. Anthropology. Recreation",659,86,7.66279069767442,2.407,2015,0
"1874-6284","East Asia","Springer","1","NULL",49,69,0.710144927536232,0.121,2015,3000
"2352-3964","EBioMedicine","Elsevier","0","Medicine",45,23,1.95652173913043,0.432,2015,3000
"1754-6605","Ecancermedicalscience","Cancer Intelligence","0","Medicine",311,254,1.2244094488189,0.24,2015,1300
"1612-9210","Ecohealth","Springer","1","NULL",776,254,3.05511811023622,0.757,2015,3000
"1440-1703","Ecological Research","Springer","1","NULL",1101,545,2.02018348623853,0.45,2015,3000
"1442-8903","Ecology and Evolution","Wiley","0","NULL",3390,1112,3.04856115107914,0.755,2015,1950
"2045-7758","Ecology and Evolution","Wiley","0","ECOLOGY AND EVOLUTION",3390,1112,3.04856115107914,0.755,2015,1850
"2045-7758","Ecology and Evolution","Wiley","0","ECOLOGY AND EVOLUTION",3390,1112,3.04856115107914,0.755,2015,1950
"1708-3087","Ecology and Society","RESILIENCE ALLIANCE","0","nan",4996,872,5.72935779816514,1.67,2015,0
"1708-3087","Ecology and Society","RESILIENCE ALLIANCE","0","nan",4996,872,5.72935779816514,1.67,2015,1975
"1708-3087","Ecology and Society","RESILIENCE ALLIANCE","0","nan",4996,872,5.72935779816514,1.67,2015,950
"1708-3087","Ecology and Society","RESILIENCE ALLIANCE","0","nan",4996,872,5.72935779816514,1.67,2015,975
"0046-1121","Ecology Law Quarterly","Univ Calif Press","0","LAW",30,54,0.555555555555556,0.089,2015,0
"1933-527X","Econ Journal Watch","Self Owned - Non-Profit Society","0","ECONOMICS",38,96,0.395833333333333,0.058,2015,0
"1982-3533","Economia E Sociedade","Universidade Estadual de Campinas","0","Social Sciences",92,89,1.03370786516854,0.194,2015,1845
"1973-820X","Economia Politica","Springer","1","NULL",44,55,0.8,0.14,2015,3000
"1874-9364","Economic Botany","Springer","1","NULL",262,140,1.87142857142857,0.409,2015,3000
"1432-0479","Economic Theory","Springer","1","NULL",797,386,2.06476683937824,0.462,2015,3000
"1435-8131","Economics of Governance","Springer","1","NULL",77,71,1.08450704225352,0.206,2015,3000
"2090-2131","Economics Research International","Hindawi Publishing Corporation","0","Social Sciences",60,89,0.674157303370786,0.113,2015,500
"2150-8925","Ecosphere","Wiley","0","ECOLOGY AND EVOLUTION",2000,586,3.41296928327645,0.87,2015,1500
"1435-0629","Ecosystems","Springer","1","NULL",2463,506,4.86758893280632,1.36,2015,3000
"1573-3017","Ecotoxicology","Springer","1","NULL",2880,920,3.1304347826087,0.781,2015,3000
"1139-613X","Educacion XX1","","0","NULL",108,105,1.02857142857143,0.192,2015,1845
"1573-7608","Education and Information Technologies","Springer","1","NULL",300,157,1.91082802547771,0.419,2015,3000
"1682-3206","Education as Change","","0","NULL",104,134,0.776119402985075,0.135,2015,1845
"1947-9417","Education as Change","Unisa Press","0","Education",104,134,0.776119402985075,0.135,2015,0
"1068-2341","Education Policy Analysis Archives","Arizona State University","0","Education",318,243,1.30864197530864,0.261,2015,0
"1094-5296","Education Review","Arizona State University","0","Education",0,2,0,0,2015,0
"1573-336X","Educational Psychology Review","Springer","1","NULL",1071,144,7.4375,2.318,2015,3000
"1573-1723","Educational Research for Policy and Practice","Springer","1","NULL",110,59,1.86440677966102,0.407,2015,3000
"1573-0816","Educational Studies in Mathematics","Springer","1","NULL",814,320,2.54375,0.601,2015,3000
"1436-4522","Educational Technology & Society","IEEE","0","EDUCATION",1905,447,4.26174496644295,1.151,2015,0
"1556-6501","Educational Technology Research and Development","Springer","1","NULL",993,223,4.45291479820628,1.216,2015,3000
"1432-0487","Electrical Engineering","Springer","1","NULL",195,152,1.28289473684211,0.254,2015,3000
"1868-5994","Electrocatalysis","Springer","1","NULL",452,200,2.26,0.518,2015,3000
"2186-2451","Electrochemistry","Electrochemical Soc Japan","0","NULL",424,402,1.0547263681592,0.199,2015,0
"2186-2451","Electrochemistry","Electrochemical Soc Japan","0","NULL",424,402,1.0547263681592,0.199,2015,1685
"1572-9362","Electronic Commerce Research","Springer","1","NULL",392,114,3.43859649122807,0.878,2015,3000
"1083-589X","Electronic Communications in Probability","Self Owned - Non-Profit Society","0","MATHEMATICS",436,296,1.47297297297297,0.302,2015,0
"0717-3458","Electronic Journal of Biotechnology","UNIV CATOLICA DE VALPARAISO","0","nan",607,315,1.92698412698413,0.424,2015,1000
"0717-3458","Electronic Journal of Biotechnology","UNIV CATOLICA DE VALPARAISO","0","nan",607,315,1.92698412698413,0.424,2015,600
"0717-3458","Electronic Journal of Biotechnology","UNIV CATOLICA DE VALPARAISO","0","nan",607,315,1.92698412698413,0.424,2015,1100
"1077-8926","Electronic Journal of Combinatorics","Self Owned - Non-Profit Society","0","COMPUTER SCIENCE",1115,962,1.15904365904366,0.224,2015,0
"1072-6691","Electronic Journal of Differential Equations","","0","NULL",232,107,2.16822429906542,0.492,2015,1845
"1081-3810","Electronic Journal of Linear Algebra","Self Owned - Non-Profit Society","0","MATHEMATICS",230,257,0.894941634241245,0.162,2015,0
"1083-6489","Electronic Journal of Probability","Self Owned - Non-Profit Society","0","MATHEMATICS",796,452,1.76106194690266,0.379,2015,0
"1417-3875","Electronic Journal of Qualitative Theory of Differential Equations","Self Owned - Non-Profit Society","0","",24,11,2.18181818181818,0.496,2015,0
"1935-7524","Electronic Journal of Statistics","INST MATHEMATICAL STATISTICS","0","",931,411,2.26520681265207,0.52,2015,0
"1422-8890","Electronic Markets","Springer","1","NULL",295,134,2.20149253731343,0.501,2015,3000
"2075-2180","Electronic Proceedings in Theoretical Computer Science","Open Publishing Association","0","Science",900,927,0.970873786407767,0.179,2015,1845
"1079-6762","Electronic Research Announcements in Mathematical Sciences","Amer Mathematical Soc","0","NULL",49,51,0.96078431372549,0.177,2015,0
"1935-9179","Electronic Research Announcements in Mathematical Sciences","","0","NULL",49,51,0.96078431372549,0.177,2015,1845
"1068-9613","Electronic Transactions on Numerical Analysis","Kent State University","0","Mathematics",69,29,2.37931034482759,0.553,2015,0
"2050-084X","eLife","eLife Sciences Publications Ltd","0","Medicine | Science",7678,911,8.42810098792536,2.713,2015,1845
"1757-4676","EMBO Molecular Medicine","","0","NULL",4189,502,8.34462151394422,2.68,2015,1845
"1757-4684","EMBO Molecular Medicine","Wiley","0","Medicine",4189,502,8.34462151394422,2.68,2015,3304
"2090-2859","Emergency Medicine International","Hindawi Publishing Corporation","0","Medicine",220,111,1.98198198198198,0.439,2015,1000
"1438-1435","Emergency Radiology","Springer","1","NULL",607,333,1.82282282282282,0.395,2015,3000
"1080-6059","Emerging Infectious Diseases","Centers for Disease Control and Prevention","0","Medicine",12566,2564,4.9009360374415,1.372,2015,0
"1742-7622","Emerging Themes in Epidemiology","BioMed Central","0","Medicine",166,58,2.86206896551724,0.697,2015,2145
"1742-7622","Emerging Themes in Epidemiology","BioMed Central","0","Medicine",166,58,2.86206896551724,0.697,2015,1625
"1742-7622","Emerging Themes in Epidemiology","BioMed Central","0","Medicine",166,58,2.86206896551724,0.697,2015,1781
"1988-8384","Emerita","Consejo Superior de Investigaciones Científicas","0","Language and Literature",8,16,0.5,0.078,2015,0
"1573-6911","Empirica","Springer","1","NULL",141,126,1.11904761904762,0.214,2015,3000
"1435-8921","Empirical Economics","Springer","1","NULL",804,485,1.65773195876289,0.351,2015,3000
"1573-7616","Empirical Software Engineering","Springer","1","NULL",855,170,5.02941176470588,1.417,2015,3000
"1573-3378","Employee Responsibilities and Rights Journal","Springer","1","NULL",89,83,1.07228915662651,0.203,2015,3000
"1613-4796","Endangered Species Research","Inter-Research","0","Science",960,387,2.48062015503876,0.583,2015,1736
"1863-5407","Endangered Species Research","","0","NULL",960,387,2.48062015503876,0.583,2015,1845
"0160-9327","Endeavour","Elsevier","1","History and Philosophy of Science",51,78,0.653846153846154,0.109,2015,750
"1559-0100","Endocrine","Springer","1","NULL",2485,921,2.69815418023887,0.647,2015,3000
"1348-4540","Endocrine Journal","Japan Endocrine Society","0","NULL",1634,667,2.44977511244378,0.573,2015,0
"1348-4540","Endocrine Journal","Japan Endocrine Society","0","NULL",1634,667,2.44977511244378,0.573,2015,1080
"1559-0097","Endocrine Pathology","Springer","1","NULL",403,200,2.015,0.448,2015,3000
"2093-5978","Endocrinology and Metabolism","Academya Publishing Co.","0","Medicine",396,209,1.89473684210526,0.415,2015,1845
"0423-104X","Endokrynologia Polska","","0","NULL",444,327,1.35779816513761,0.273,2015,1845
"2299-8306","Endokrynologia Polska","Via Medica","0","Medicine",444,327,1.35779816513761,0.273,2015,0
"1996-1073","Energies","","0","NULL",4153,1259,3.29864972200159,0.834,2015,1845
"0360-5442","Energy","Elsevier","1","Energy",24349,4237,5.74675477932499,1.676,2015,2950
"1570-6478","Energy Efficiency","Springer","1","NULL",508,205,2.47804878048781,0.582,2015,3000
"1868-3975","Energy Systems","Springer","1","NULL",283,106,2.66981132075472,0.639,2015,3000
"0100-6916","Engenharia Agricola","","0","NULL",474,496,0.955645161290323,0.175,2015,1845
"1413-4152","Engenharia Sanitaria E Ambiental","","0","NULL",126,168,0.75,0.129,2015,1845
"1809-4457","Engenharia Sanitaria E Ambiental","Brazilian Association of Sanitary and Environmental Engineering","0","Technology",126,168,0.75,0.129,2015,0
"2096-0026","Engineering","Engineering Sciences Press","0","Technology",437,523,0.835564053537285,0.148,2015,1845
"1994-2060","Engineering Applications of Computational Fluid Mechanics","","0","NULL",283,210,1.34761904761905,0.27,2015,1845
"1997-003X","Engineering Applications of Computational Fluid Mechanics","Taylor & Francis Group","0","Technology",283,210,1.34761904761905,0.27,2015,0
"1816-0948","Engineering Letters","International Association of Engineers","0","Technology",9,13,0.692307692307692,0.117,2015,1845
"1435-5663","Engineering With Computers","Springer","1","NULL",363,173,2.09826589595376,0.472,2015,3000
"1099-4300","Entropy","MOLECULAR DIVERSITY PRESERVATION INTERNATIONAL","0","",2123,864,2.45717592592593,0.576,2015,1070
"1099-4300","Entropy","MOLECULAR DIVERSITY PRESERVATION INTERNATIONAL","0","",2123,864,2.45717592592593,0.576,2015,1290
"1099-4300","Entropy","MOLECULAR DIVERSITY PRESERVATION INTERNATIONAL","0","",2123,864,2.45717592592593,0.576,2015,1439.2
"1099-4300","Entropy","MOLECULAR DIVERSITY PRESERVATION INTERNATIONAL","0","",2123,864,2.45717592592593,0.576,2015,1629
"1573-3009","Environmental and Ecological Statistics","Springer","1","NULL",187,157,1.19108280254777,0.231,2015,3000
"1573-1502","Environmental and Resource Economics","Springer","1","NULL",1442,434,3.32258064516129,0.841,2015,3000
"1573-5133","Environmental Biology of Fishes","Springer","1","NULL",1135,631,1.79873217115689,0.389,2015,3000
"1610-3661","Environmental Chemistry Letters","Springer","1","NULL",925,277,3.33935018050542,0.847,2015,3000
"1866-6299","Environmental Earth Sciences","Springer","1","NULL",7453,2967,2.51196494775868,0.592,2015,3000
"1573-1510","Environmental Fluid Mechanics","Springer","1","NULL",298,190,1.56842105263158,0.327,2015,3000
"1573-2983","Environmental Geochemistry and Health","Springer","1","NULL",918,340,2.7,0.648,2015,3000
"1476-069X","Environmental Health","Biomed Central","0","",2733,547,4.9963436928702,1.406,2015,2220
"1476-069X","Environmental Health","Biomed Central","0","",2733,547,4.9963436928702,1.406,2015,1700
"1476-069X","Environmental Health","Biomed Central","0","",2733,547,4.9963436928702,1.406,2015,1745
"1476-069X","Environmental Health","Biomed Central","0","",2733,547,4.9963436928702,1.406,2015,1846
"1347-4715","Environmental Health and Preventive Medicine","Springer","1","NULL",538,263,2.04562737642586,0.457,2015,3000
"0091-6765","Environmental Health Perspectives","Us Dept Health Human Sciences Public Health Science","0","Environmental Health",12612,1686,7.48042704626334,2.335,2015,0
"1432-1009","Environmental Management","Springer","1","NULL",2741,960,2.85520833333333,0.695,2015,3000
"1573-2967","Environmental Modeling & Assessment","Springer","1","NULL",354,211,1.67772511848341,0.356,2015,3000
"1573-2959","Environmental Monitoring and Assessment","Springer","1","NULL",7577,3219,2.35383659521591,0.545,2015,3000
"1748-9326","Environmental Research Letters","IOP Publishing","0","Technology",6588,1191,5.53148614609572,1.597,2015,1600
"1748-9326","Environmental Research Letters","IOP Publishing","0","Technology",6588,1191,5.53148614609572,1.597,2015,1690
"1614-7499","Environmental Science and Pollution Research","Springer","1","NULL",8610,2847,3.02423603793467,0.747,2015,3000
"2190-4715","Environmental Sciences Europe","Springer","0","Geography. Anthropology. Recreation",466,141,3.30496453900709,0.836,2015,1070
"2190-4715","Environmental Sciences Europe","Springer","0","Geography. Anthropology. Recreation",466,141,3.30496453900709,0.836,2015,1085
"2090-0414","Enzyme Research","Hindawi Publishing Corporation","0","Science",644,195,3.3025641025641,0.835,2015,1000
"2090-0414","Enzyme Research","Hindawi Publishing Corporation","0","Science",644,195,3.3025641025641,0.835,2015,750
"1755-4365","Epidemics","Elsevier","0","",343,115,2.98260869565217,0.734,2015,1800
"1878-0067","Epidemics","Elsevier","0","Medicine",343,115,2.98260869565217,0.734,2015,1800
"1742-5573","Epidemiologic Perspectives & Innovations","Biomed Central Ltd","0","NULL",98,19,5.15789473684211,1.463,2015,1625
"2090-2980","Epidemiology Research International","Hindawi Publishing Corporation","0","Medicine",52,44,1.18181818181818,0.229,2015,600
"1756-8935","Epigenetics & Chromatin","Biomed Central","0","",776,173,4.48554913294798,1.227,2015,2450
"1756-8935","Epigenetics & Chromatin","Biomed Central","0","",776,173,4.48554913294798,1.227,2015,2190
"1756-8935","Epigenetics & Chromatin","Biomed Central","0","",776,173,4.48554913294798,1.227,2015,2285
"1756-8935","Epigenetics & Chromatin","Biomed Central","0","",776,173,4.48554913294798,1.227,2015,2034.5
"1535-7511","Epilepsy Currents","American Epilepsy Society","0","NULL",270,228,1.18421052631579,0.23,2015,0
"2090-1356","Epilepsy Research and Treatment","Hindawi Publishing Corporation","0","Medicine",185,83,2.2289156626506,0.509,2015,750
"2193-1127","EPJ Data Science","Springer","0","NULL",236,42,5.61904761904762,1.629,2015,1340
"2193-1127","EPJ Data Science","Springer","0","NULL",236,42,5.61904761904762,1.629,2015,1230
"2100-014X","EPJ Web of Conferences","EDP Sciences","0","Science",1267,1968,0.64380081300813,0.107,2015,1845
"1863-9038","Era Forum","Springer","1","NULL",59,79,0.746835443037975,0.129,2015,3000
"0013-9998","Erde","","0","NULL",0,1,0,0,2015,1845
"1572-8420","Erkenntnis","Springer","1","NULL",378,339,1.11504424778761,0.213,2015,3000
"1612-9067","Esophagus","Springer","1","NULL",172,123,1.39837398373984,0.283,2015,3000
"1736-4728","Estonian Journal of Earth Sciences","","0","NULL",128,108,1.18518518518519,0.23,2015,1845
"1736-7557","Estonian Journal of Earth Sciences","Estonian Academy Publishers","0","Science",128,108,1.18518518518519,0.23,2015,0
"1559-2731","Estuaries and Coasts","Springer","1","NULL",1709,548,3.11861313868613,0.777,2015,3000
"1982-0275","Estudos De Psicologia (Campinas)","Pontifícia Universidade Católica de Campinas","0","Philosophy. Psychology. Religion",215,211,1.01895734597156,0.19,2015,0
"1980-864X","Estudos Ibero Americanos","Editora da Pontifícia Universidade Católica do Rio Grande do Sul (EDIPUCRS)","0","History America",10,14,0.714285714285714,0.122,2015,0
"1572-8447","Ethical Theory and Moral Practice","Springer","1","NULL",199,193,1.03108808290155,0.193,2015,3000
"1654-4951","Ethics & Global Politics","","0","NULL",49,63,0.777777777777778,0.135,2015,1845
"1654-6369","Ethics & Global Politics","Co-Action Publishing","0","Political science",49,63,0.777777777777778,0.135,2015,106.4
"1572-8439","Ethics and Information Technology","Springer","1","NULL",430,125,3.44,0.879,2015,3000
"1437-1618","Ethik in Der Medizin","Springer","1","NULL",75,102,0.735294117647059,0.126,2015,3000
"1225-6463","Etri Journal","Electronics Telecommunications Research Inst","0","NULL",966,614,1.57328990228013,0.328,2015,0
"1573-5060","Euphytica","Springer","1","NULL",2451,1142,2.146234676007,0.486,2015,3000
"1687-6180","EURASIP Journal on Advances in Signal Processing","Springer","0","Technology",1870,1097,1.70464904284412,0.363,2015,1340
"1687-6180","EURASIP Journal on Advances in Signal Processing","Springer","0","Technology",1870,1097,1.70464904284412,0.363,2015,1400
"1687-6180","EURASIP Journal on Advances in Signal Processing","Springer","0","Technology",1870,1097,1.70464904284412,0.363,2015,1420
"1687-6180","EURASIP Journal on Advances in Signal Processing","Springer","0","Technology",1870,1097,1.70464904284412,0.363,2015,1176.5
"1687-4722","EURASIP Journal on Audio Speech and Music Processing","Springer","0","Science",226,124,1.82258064516129,0.395,2015,670
"1687-4722","EURASIP Journal on Audio Speech and Music Processing","Springer","0","Science",226,124,1.82258064516129,0.395,2015,1000
"1687-4722","EURASIP Journal on Audio Speech and Music Processing","Springer","0","Science",226,124,1.82258064516129,0.395,2015,1160
"1687-4153","EURASIP Journal on Bioinformatics and Systems Biology","Springer","0","Medicine",58,63,0.920634920634921,0.167,2015,670
"1687-4153","EURASIP Journal on Bioinformatics and Systems Biology","Springer","0","Medicine",58,63,0.920634920634921,0.167,2015,840
"1687-4153","EURASIP Journal on Bioinformatics and Systems Biology","Springer","0","Medicine",58,63,0.920634920634921,0.167,2015,702
"1687-3963","EURASIP Journal on Embedded Systems","Springer","0","Technology",75,53,1.41509433962264,0.287,2015,935
"1687-3963","EURASIP Journal on Embedded Systems","Springer","0","Technology",75,53,1.41509433962264,0.287,2015,980
"1687-3963","EURASIP Journal on Embedded Systems","Springer","0","Technology",75,53,1.41509433962264,0.287,2015,819
"1687-5281","EURASIP Journal on Image and Video Processing","Springer","0","Technology",491,207,2.3719806763285,0.551,2015,935
"1687-5281","EURASIP Journal on Image and Video Processing","Springer","0","Technology",491,207,2.3719806763285,0.551,2015,1100
"1687-5281","EURASIP Journal on Image and Video Processing","Springer","0","Technology",491,207,2.3719806763285,0.551,2015,1350
"1687-5281","EURASIP Journal on Image and Video Processing","Springer","0","Technology",491,207,2.3719806763285,0.551,2015,1124.5
"1687-417X","EURASIP Journal on Information Security","Springer","0","Science",158,39,4.05128205128205,1.08,2015,670
"1687-417X","EURASIP Journal on Information Security","Springer","0","Science",158,39,4.05128205128205,1.08,2015,775
"1687-1499","EURASIP Journal on Wireless Communications and Networking","Springer","0","Technology",2354,1293,1.82057231245166,0.395,2015,1340
"1687-1499","EURASIP Journal on Wireless Communications and Networking","Springer","0","Technology",2354,1293,1.82057231245166,0.395,2015,1465
"1687-1499","EURASIP Journal on Wireless Communications and Networking","Springer","0","Technology",2354,1293,1.82057231245166,0.395,2015,1420
"1687-1499","EURASIP Journal on Wireless Communications and Networking","Springer","0","Technology",2354,1293,1.82057231245166,0.395,2015,1176.5
"1433-8491","European Archives of Psychiatry and Clinical Neuroscience","Springer","1","NULL",1432,427,3.3536299765808,0.851,2015,3000
"1432-1017","European Biophysics Journal","Springer","1","NULL",993,479,2.07306889352818,0.465,2015,3000
"1741-6205","European Business Organization Law Review","Springer","1","NULL",48,73,0.657534246575342,0.11,2015,3000
"1473-2262","European Cells & Materials","Self Owned - Non-Profit Society","0","",1813,323,5.61300309597523,1.627,2015,0
"1473-2262","European Cells & Materials","Self Owned - Non-Profit Society","0","",1813,323,5.61300309597523,1.627,2015,100
"1435-165X","European Child & Adolescent Psychiatry","Springer","1","NULL",1901,461,4.1236442516269,1.104,2015,3000
"1438-2385","European Food Research and Technology","Springer","1","NULL",2271,1069,2.1244153414406,0.479,2015,3000
"1613-9380","European Journal of Ageing","Springer","1","NULL",416,162,2.5679012345679,0.608,2015,3000
"1439-6327","European Journal of Applied Physiology","Springer","1","NULL",5491,1715,3.20174927113703,0.803,2015,3000
"2153-2249","European Journal of Chemistry","nan","0","NULL",364,347,1.04899135446686,0.197,2015,1845
"2153-2257","European Journal of Chemistry","nan","0","NULL",364,347,1.04899135446686,0.197,2015,1845
"3816-1907","European Journal of Chemistry","nan","0","NULL",364,347,1.04899135446686,0.197,2015,1845
"1435-4373","European Journal of Clinical Microbiology & Infectious Diseases","Springer","1","NULL",3904,1337,2.91997008227375,0.715,2015,3000
"1432-1041","European Journal of Clinical Pharmacology","Springer","1","NULL",2846,974,2.92197125256674,0.716,2015,3000
"2107-0180","European Journal of Drug Metabolism and Pharmacokinetics","Springer","1","NULL",204,148,1.37837837837838,0.278,2015,3000
"1573-7284","European Journal of Epidemiology","Springer","1","NULL",2834,521,5.43953934740883,1.564,2015,3000
"1612-4677","European Journal of Forest Research","Springer","1","NULL",1351,521,2.59309021113244,0.616,2015,3000
"1121-760X","European Journal of Histochemistry","","0","NULL",467,271,1.72324723247232,0.368,2015,1845
"1572-9990","European Journal of Law and Economics","Springer","1","NULL",217,195,1.11282051282051,0.212,2015,3000
"0949-2321","European Journal of Medical Research","","0","NULL",731,380,1.92368421052632,0.423,2015,1845
"2047-783X","European Journal of Medical Research","BioMed Central","0","Medicine",731,380,1.92368421052632,0.423,2015,2450
"1619-7089","European Journal of Nuclear Medicine and Molecular Imaging","Springer","1","NULL",6281,1415,4.43886925795053,1.211,2015,3000
"1436-6215","European Journal of Nutrition","Springer","1","NULL",2266,596,3.80201342281879,0.997,2015,3000
"1432-1076","European Journal of Pediatrics","Springer","1","NULL",2857,1216,2.34950657894737,0.544,2015,3000
"1573-8469","European Journal of Plant Pathology","Springer","1","NULL",1844,952,1.93697478991597,0.427,2015,3000
"1435-0130","European Journal of Plastic Surgery","Springer","1","NULL",186,294,0.63265306122449,0.104,2015,3000
"0213-6163","European Journal of Psychiatry","Universidad De Zaragoza","0","Psychiatry",109,90,1.21111111111111,0.236,2015,0
"1878-5174","European Journal of Psychology of Education","Springer","1","NULL",427,208,2.05288461538462,0.459,2015,3000
"2279-7254","European Journal of Remote Sensing","Associazione Italiana di Telerilevamento (AIT) ","0","Geography. Anthropology. Recreation",252,187,1.3475935828877,0.27,2015,1845
"1567-7133","European Journal of Transport and Infrastructure Research","","0","NULL",149,89,1.67415730337079,0.355,2015,1845
"1567-7141","European Journal of Transport and Infrastructure Research","Delft University of Technology","0","Technology",149,89,1.67415730337079,0.355,2015,0
"1863-9941","European Journal of Trauma and Emergency Surgery","Springer","1","NULL",255,328,0.777439024390244,0.135,2015,3000
"1439-0574","European Journal of Wildlife Research","Springer","1","NULL",1047,552,1.89673913043478,0.416,2015,3000
"1436-736X","European Journal of Wood and Wood Products","Springer","1","NULL",570,457,1.2472647702407,0.245,2015,3000
"1572-9869","European Journal on Criminal Policy and Research","Springer","1","NULL",132,92,1.43478260869565,0.293,2015,3000
"1434-6044","European Physical Journal C","","0","NULL",8051,2006,4.01345962113659,1.067,2015,1845
"1432-1084","European Radiology","Springer","1","NULL",8052,1773,4.5414551607445,1.246,2015,3000
"1600-0617","European Respiratory Review","European Respiratory Society","0","Medicine",1275,285,4.47368421052632,1.223,2015,0
"1813-7253","European Review of Aging and Physical Activity","","0","NULL",152,68,2.23529411764706,0.511,2015,1845
"1861-6909","European Review of Aging and Physical Activity","BioMed Central","0","Medicine",152,68,2.23529411764706,0.511,2015,2145
"1861-6909","European Review of Aging and Physical Activity","BioMed Central","0","Medicine",152,68,2.23529411764706,0.511,2015,1768
"1432-0932","European Spine Journal","Springer","1","NULL",5996,1979,3.02981303688732,0.749,2015,3000
"1866-8887","European Transport Research Review","Springer","0","Technology",165,106,1.55660377358491,0.324,2015,1176
"1867-0717","European Transport Research Review","Springer","0","NULL",165,106,1.55660377358491,0.324,2015,0
"1560-7917","Eurosurveillance","European Centre for Disease Prevention and Control","0","Medicine",5205,1383,3.76355748373102,0.984,2015,0
"2041-9139","EvoDevo","BioMed Central Ltd","0","",588,146,4.02739726027397,1.072,2015,2450
"2041-9139","EvoDevo","BioMed Central Ltd","0","",588,146,4.02739726027397,1.072,2015,1970
"1520-6505","Evolutionary Applications","Wiley","0","NULL",1882,376,5.00531914893617,1.409,2015,2356
"1752-4571","Evolutionary Applications","Wiley","0","Science",1882,376,5.00531914893617,1.409,2015,2356
"1176-9343","Evolutionary Bioinformatics","Libertas Academica","0","",244,124,1.96774193548387,0.435,2015,1980
"1176-9343","Evolutionary Bioinformatics","Libertas Academica","0","",244,124,1.96774193548387,0.435,2015,1848
"1573-8477","Evolutionary Ecology","Springer","1","NULL",1093,434,2.5184331797235,0.594,2015,3000
"1864-5917","Evolutionary Intelligence","Springer","1","NULL",138,71,1.94366197183099,0.429,2015,3000
"1474-7049","Evolutionary Psychology","Human Nature Review","0","",540,251,2.15139442231076,0.487,2015,0
"1474-7049","Evolutionary Psychology","Human Nature Review","0","",540,251,2.15139442231076,0.487,2015,195
"1474-7049","Evolutionary Psychology","Human Nature Review","0","",540,251,2.15139442231076,0.487,2015,395
"1868-6486","Evolving Systems","Springer","1","NULL",236,87,2.71264367816092,0.652,2015,3000
"1611-2156","EXCLI Journal","IfADo - Leibniz Research Centre for Working Environment and Human Factors, Dortmund","0","Medicine",360,262,1.37404580152672,0.277,2015,0
"2040-7378","Experimental & Translational Stroke Medicine","Biomed Central Ltd","0","NULL",210,84,2.5,0.588,2015,2145
"2040-7378","Experimental & Translational Stroke Medicine","Biomed Central Ltd","0","NULL",210,84,2.5,0.588,2015,1625
"1572-9702","Experimental and Applied Acarology","Springer","1","NULL",1092,538,2.02973977695167,0.453,2015,3000
"2092-6413","Experimental and Molecular Medicine","Korean Soc Med Biochemistry Molecular Biology","0","NULL",1455,370,3.93243243243243,1.04,2015,0
"2092-6413","Experimental and Molecular Medicine","Korean Soc Med Biochemistry Molecular Biology","0","NULL",1455,370,3.93243243243243,1.04,2015,3975
"1341-1357","Experimental Animals","Int Press Editing Centre Inc","0","Molecular and Cell Biology",337,216,1.56018518518519,0.325,2015,0
"1341-1357","Experimental Animals","Int Press Editing Centre Inc","0","Molecular and Cell Biology",337,216,1.56018518518519,0.325,2015,1600
"1341-1357","Experimental Animals","Int Press Editing Centre Inc","0","Molecular and Cell Biology",337,216,1.56018518518519,0.325,2015,3000
"1572-9508","Experimental Astronomy","Springer","1","NULL",489,213,2.29577464788732,0.528,2015,3000
"1432-1106","Experimental Brain Research","Springer","1","NULL",5655,1996,2.83316633266533,0.688,2015,3000
"1687-5303","Experimental Diabetes Research","Hindawi Publishing Corporation","0","Medicine",1840,525,3.5047619047619,0.9,2015,1500
"1573-6938","Experimental Economics","Springer","1","NULL",915,158,5.79113924050633,1.692,2015,3000
"1741-2765","Experimental Mechanics","Springer","1","NULL",1537,645,2.38294573643411,0.554,2015,3000
"1747-1567","Experimental Techniques","Springer","1","NULL",242,223,1.08520179372197,0.206,2015,3000
"1432-1114","Experiments in Fluids","Springer","1","NULL",2742,1090,2.51559633027523,0.593,2015,3000
"1788-618X","Express Polymer Letters","Self Owned - Non-Profit Society","0","",1643,479,3.43006263048017,0.876,2015,0
"1572-915X","Extremes","Springer","1","NULL",210,101,2.07920792079208,0.467,2015,3000
"1433-4909","Extremophiles","Springer","1","NULL",1085,384,2.82552083333333,0.686,2015,3000
"1612-4820","Facies","Springer","1","NULL",360,209,1.72248803827751,0.368,2015,3000
"1573-7292","Familial Cancer","Springer","1","NULL",963,437,2.20366132723112,0.502,2015,3000
"0742-3225","Family Medicine","Soc Teachers Family Medicine","0","Medicine",519,423,1.22695035460993,0.24,2015,0
"2171-8695","Farmacia Hospitalaria","Grupo Aula Médica","0","Medicine",196,309,0.634304207119741,0.105,2015,0
"1572-8455","Feminist Legal Studies","Springer","1","NULL",91,67,1.35820895522388,0.273,2015,3000
"1230-3666","Fibres & Textiles in Eastern Europe","Inst Chemical Fibres","0","Physics and Chemistry",315,327,0.963302752293578,0.177,2015,0
"1230-3666","Fibres & Textiles in Eastern Europe","Inst Chemical Fibres","0","Physics and Chemistry",315,327,0.963302752293578,0.177,2015,1188
"1230-3666","Fibres & Textiles in Eastern Europe","Inst Chemical Fibres","0","Physics and Chemistry",315,327,0.963302752293578,0.177,2015,1006.56
"1755-1536","Fibrogenesis & Tissue Repair","Biomed Central Ltd","0","NULL",809,134,6.03731343283582,1.783,2015,2450
"1755-1536","Fibrogenesis & Tissue Repair","Biomed Central Ltd","0","NULL",809,134,6.03731343283582,1.783,2015,2190
"1867-8521","Field Actions Science Reports","Institut Veolia Environnement","0","Social Sciences",2,6,0.333333333333333,0.047,2015,0
"0354-5180","Filomat","KoBSON","0","",452,394,1.14720812182741,0.221,2015,0
"1432-1122","Finance and Stochastics","Springer","1","NULL",463,138,3.35507246376812,0.852,2015,3000
"2373-8529","Financial Markets and Portfolio Management","Springer","1","NULL",100,79,1.26582278481013,0.25,2015,3000
"1572-8099","Fire Technology","Springer","1","NULL",359,242,1.48347107438017,0.305,2015,3000
"1881-7335","Fish Pathology","J-Stage","0","NULL",96,104,0.923076923076923,0.168,2015,0
"1573-5168","Fish Physiology and Biochemistry","Springer","1","NULL",1409,669,2.10612855007474,0.474,2015,3000
"1444-2906","Fisheries Science","Springer","1","NULL",657,635,1.03464566929134,0.194,2015,3000
"0090-0656","Fishery Bulletin","Self Owned - Non-Profit Society","0","Ecology and Evolution",104,63,1.65079365079365,0.349,2015,0
"0211-5638","Fisioterapia","Elsevier","1","NULL",56,115,0.486956521739131,0.075,2015,3000
"0367-326X","Fitoterapia","Elsevier","1","Food Science",3562,1188,2.9983164983165,0.739,2015,1800
"1687-1812","Fixed Point Theory and Applications","Springer","0","Technology",1570,1014,1.54832347140039,0.322,2015,805
"1687-1812","Fixed Point Theory and Applications","Springer","0","Technology",1570,1014,1.54832347140039,0.322,2015,900
"1687-1812","Fixed Point Theory and Applications","Springer","0","Technology",1570,1014,1.54832347140039,0.322,2015,1140
"1687-1812","Fixed Point Theory and Applications","Springer","0","Technology",1570,1014,1.54832347140039,0.322,2015,949
"1936-6590","Flexible Services and Manufacturing Journal","Springer","1","NULL",334,103,3.24271844660194,0.816,2015,3000
"0367-2530","Flora","Elsevier","1","Ecology and Evolution",906,483,1.87577639751553,0.41,2015,1500
"0015-4040","Florida Entomologist","","0","NULL",820,772,1.06217616580311,0.2,2015,1845
"1938-5102","Florida Entomologist","Florida Entomological Soc","0","NULL",820,772,1.06217616580311,0.2,2015,0
"1938-5102","Florida Entomologist","Florida Entomological Soc","0","NULL",820,772,1.06217616580311,0.2,2015,870
"2045-8118","Fluids and Barriers of the Cns","Biomed Central Ltd","0","NULL",650,108,6.01851851851852,1.776,2015,2145
"2045-8118","Fluids and Barriers of the Cns","Biomed Central Ltd","0","NULL",650,108,6.01851851851852,1.776,2015,1625
"0015-4725","Fluoride","","0","NULL",15,17,0.882352941176471,0.159,2015,1845
"2253-4083","Fluoride","The International Society for Fluoride Research","0","Technology",15,17,0.882352941176471,0.159,2015,1845
"1874-9348","Folia Geobotanica","Springer","1","NULL",225,126,1.78571428571429,0.385,2015,3000
"0239-8508","Folia Histochemica Et Cytobiologica","","0","NULL",448,398,1.12562814070352,0.216,2015,1845
"1897-5631","Folia Histochemica Et Cytobiologica","Polish Histochemical and Cytochemical Society","0","Science",448,398,1.12562814070352,0.216,2015,300
"1897-5631","Folia Histochemica Et Cytobiologica","Polish Histochemical and Cytochemical Society","0","Science",448,398,1.12562814070352,0.216,2015,357
"1874-9356","Folia Microbiologica","Springer","1","NULL",565,396,1.42676767676768,0.29,2015,3000
"1509-572x","Folia Neuropathologica","Termedia Publishing House","0","Medicine",320,181,1.76795580110497,0.38,2015,0
"1641-4640","Folia Neuropathologica","","0","NULL",320,181,1.76795580110497,0.38,2015,1845
"1898-0198","Folia Oeconomica Stetinensia","De Gruyter Open","0","Social Sciences",16,40,0.4,0.059,2015,1845
"1654-661X","Food & Nutrition Research","Co-Action Publishing","0","Technology",504,151,3.33774834437086,0.846,2015,2020
"1654-6628","Food & Nutrition Research","","0","NULL",504,151,3.33774834437086,0.846,2015,1845
"1936-976X","Food Analytical Methods","Springer","1","NULL",1580,751,2.10386151797603,0.473,2015,3000
"1935-5149","Food and Bioprocess Technology","Springer","1","NULL",4643,1248,3.72035256410256,0.97,2015,3000
"1867-0342","Food and Environmental Virology","Springer","1","NULL",409,138,2.96376811594203,0.729,2015,3000
"1557-1866","Food Biophysics","Springer","1","NULL",498,206,2.41747572815534,0.564,2015,3000
"1866-7929","Food Engineering Reviews","Springer","1","NULL",424,69,6.14492753623188,1.823,2015,3000
"1876-4525","Food Security","Springer","1","NULL",744,245,3.03673469387755,0.751,2015,3000
"1330-9862","Food Technology and Biotechnology","Faculty Food Technology Biotechnology","0","Food Science",596,291,2.04810996563574,0.458,2015,0
"1334-2606","Food Technology and Biotechnology","University of Zagreb","0","Technology",596,291,2.04810996563574,0.458,2015,0
"0015-704X","Fordham Law Review","Fordham Univ School Law","0","Law",105,178,0.589887640449438,0.096,2015,0
"1860-8973","Forensic Toxicology","Springer","1","NULL",523,156,3.3525641025641,0.851,2015,3000
"2082-8926","Forest Research Papers","De Gruyter Open","0","Science",26,55,0.472727272727273,0.072,2015,1845
"2171-5068","Forest Systems","","0","NULL",314,251,1.25099601593625,0.246,2015,1845
"2171-9845","Forest Systems","Instituto Nacional de Investigación y Tecnología Agraria y Alimentaria","0","Agriculture",314,251,1.25099601593625,0.246,2015,1845
"1999-4907","Forests","","0","NULL",801,351,2.28205128205128,0.524,2015,1845
"1433-299X","Formal Aspects of Computing","Springer","1","NULL",286,160,1.7875,0.386,2015,3000
"1572-8102","Formal Methods in System Design","Springer","1","NULL",22,8,2.75,0.663,2015,3000
"1898-9934","Formalized Mathematics","De Gruyter Open","0","Science",26,76,0.342105263157895,0.048,2015,0
"1437-0751","Forum Der Psychoanalyse","Springer","1","NULL",31,75,0.413333333333333,0.061,2015,3000
"2193-0066","Fossil Record","","0","NULL",86,49,1.75510204081633,0.377,2015,1845
"2193-0074","Fossil Record","Copernicus Publications","0","Science",86,49,1.75510204081633,0.377,2015,1845
"1572-8463","Foundations of Chemistry","Springer","0","",76,75,1.01333333333333,0.189,2015,3000
"1615-3383","Foundations of Computational Mathematics","Springer","1","NULL",684,142,4.8169014084507,1.342,2015,3000
"1572-9516","Foundations of Physics","Springer","1","NULL",612,418,1.46411483253589,0.3,2015,3000
"1572-8471","Foundations of Science","Springer","1","NULL",122,152,0.802631578947368,0.141,2015,3000
"1663-4365","Frontiers in Aging Neuroscience","Frontiers Media S.A.","0","Medicine",2669,529,5.04536862003781,1.423,2015,2490
"2296-987X","Frontiers in Astronomy and Space Sciences","Frontiers Media S.A.","0","Science",7,4,1.75,0.376,2015,1845
"1662-5153","Frontiers in Behavioral Neuroscience","FRONTIERS RES FOUND","0","",3605,948,3.80274261603376,0.997,2015,2129
"1662-5153","Frontiers in Behavioral Neuroscience","FRONTIERS RES FOUND","0","",3605,948,3.80274261603376,0.997,2015,2490
"2296-4185","Frontiers in Bioengineering and Biotechnology","Frontiers Media S.A.","0","Technology",300,90,3.33333333333333,0.845,2015,1845
"2297-055X","Frontiers in Cardiovascular Medicine","Frontiers Media S.A.","0","Medicine",4,7,0.571428571428571,0.092,2015,1845
"2296-634X","Frontiers in Cell and Developmental Biology","Frontiers Media S.A.","0","Science",214,71,3.01408450704225,0.744,2015,1845
"2235-2988","Frontiers in Cellular and Infection Microbiology","Frontiers Media S.A.","0","Science",2491,474,5.25527426160338,1.498,2015,1845
"1662-5102","Frontiers in Cellular Neuroscience","Frontiers Research Foundation","0","",3813,817,4.66707466340269,1.29,2015,2086
"1662-5102","Frontiers in Cellular Neuroscience","Frontiers Research Foundation","0","",3813,817,4.66707466340269,1.29,2015,2112
"1662-5102","Frontiers in Cellular Neuroscience","Frontiers Research Foundation","0","",3813,817,4.66707466340269,1.29,2015,2490
"1662-5188","Frontiers in Computational Neuroscience","Frontiers Research Foundation","0","",1726,627,2.75279106858054,0.664,2015,2086
"1662-5188","Frontiers in Computational Neuroscience","Frontiers Research Foundation","0","",1726,627,2.75279106858054,0.664,2015,2113
"1662-5188","Frontiers in Computational Neuroscience","Frontiers Research Foundation","0","",1726,627,2.75279106858054,0.664,2015,2490
"2296-6463","Frontiers in Earth Science","Frontiers Media S.A.","0","Science",4,2,2,0.444,2015,1845
"2296-701X","Frontiers in Ecology and Evolution","Frontiers Media S.A.","0","Science",212,82,2.58536585365854,0.614,2015,1845
"1664-2392","Frontiers in Endocrinology","Frontiers Media S.A.","0","Medicine",2910,730,3.98630136986301,1.058,2015,2086
"1664-2392","Frontiers in Endocrinology","Frontiers Media S.A.","0","Medicine",2910,730,3.98630136986301,1.058,2015,1900
"2296-598X","Frontiers in Energy Research","Frontiers Media S.A.","0","General Works",130,59,2.20338983050847,0.502,2015,1845
"2296-665X","Frontiers in Environmental Science","Frontiers Media S.A.","0","Geography. Anthropology. Recreation",110,54,2.03703703703704,0.455,2015,1845
"1663-070X","Frontiers in Evolutionary Neuroscience","Frontiers Media S.A.","0","Medicine",135,29,4.6551724137931,1.286,2015,1900
"1664-8021","Frontiers in Genetics","Frontiers Media S.A.","0","Science",4351,1127,3.86069210292813,1.016,2015,2086
"1664-8021","Frontiers in Genetics","Frontiers Media S.A.","0","Science",4351,1127,3.86069210292813,1.016,2015,1900
"2151-8629","Frontiers in Heat and Mass Transfer","Global Digital Central","0","Science",102,82,1.24390243902439,0.244,2015,1845
"1662-5161","Frontiers in Human Neuroscience","Self Owned - Mid Sized - Unknown Profit Status","0","",12084,2657,4.54798645088446,1.249,2015,2584
"1662-5161","Frontiers in Human Neuroscience","Self Owned - Mid Sized - Unknown Profit Status","0","",12084,2657,4.54798645088446,1.249,2015,2114
"1662-5161","Frontiers in Human Neuroscience","Self Owned - Mid Sized - Unknown Profit Status","0","",12084,2657,4.54798645088446,1.249,2015,2490
"2297-198X","Frontiers in ICT","Frontiers Media S.A.","0","Science",6,3,2,0.444,2015,1845
"1664-3224","Frontiers in Immunology","Frontiers Media S.A.","0","Medicine",8824,1649,5.35112189205579,1.532,2015,2086
"1664-3224","Frontiers in Immunology","Frontiers Media S.A.","0","Medicine",8824,1649,5.35112189205579,1.532,2015,2490
"1662-5145","Frontiers in Integrative Neuroscience","Frontiers Media S.A.","0","Medicine",1784,439,4.06378132118451,1.084,2015,1900
"2296-7745","Frontiers in Marine Science","Frontiers Media S.A.","0","Science",189,85,2.22352941176471,0.508,2015,1845
"2296-8016","Frontiers in Materials","Frontiers Media S.A.","0","Technology",47,31,1.51612903225806,0.314,2015,1845
"2297-3079","Frontiers in Mechanical Engineering","Frontiers Media S.A.","0","Technology",164,141,1.16312056737589,0.225,2015,1845
"1664-302X","Frontiers in Microbiology","Frontiers","0","",8985,1864,4.82027896995708,1.344,2015,2086
"1664-302X","Frontiers in Microbiology","Frontiers","0","",8985,1864,4.82027896995708,1.344,2015,2490
"2296-889X","Frontiers in Molecular Biosciences","Frontiers Media S.A.","0","Science",37,25,1.48,0.304,2015,1845
"1662-5099","Frontiers in Molecular Neuroscience","Frontiers Media S.A.","0","Medicine",1646,325,5.06461538461538,1.43,2015,2490
"1662-5110","Frontiers in Neural Circuits","Self Owned - Non-Profit Society","0","",2180,505,4.31683168316832,1.169,2015,2086
"1662-5110","Frontiers in Neural Circuits","Self Owned - Non-Profit Society","0","",2180,505,4.31683168316832,1.169,2015,2114
"1662-5110","Frontiers in Neural Circuits","Self Owned - Non-Profit Society","0","",2180,505,4.31683168316832,1.169,2015,2490
"1662-5129","Frontiers in Neuroanatomy","Frontiers Media S.A.","0","Medicine",1521,360,4.225,1.138,2015,2490
"1662-6427","Frontiers in Neuroenergetics","Frontiers Media S.A.","0","Medicine",307,62,4.95161290322581,1.39,2015,1900
"1662-6443","Frontiers in Neuroengineering","Frontiers Media S.A.","0","Medicine",536,116,4.62068965517241,1.274,2015,1900
"1662-5196","Frontiers in Neuroinformatics","Frontiers Media S.A.","0","Medicine",1065,285,3.73684210526316,0.975,2015,2490
"1664-2295","Frontiers in Neurology","Frontiers Media S.A.","0","Medicine",2698,763,3.53604193971166,0.91,2015,2086
"1664-2295","Frontiers in Neurology","Frontiers Media S.A.","0","Medicine",2698,763,3.53604193971166,0.91,2015,1900
"1662-5218","Frontiers in Neurorobotics","Frontiers Media S.A.","0","Medicine",249,79,3.15189873417722,0.787,2015,2490
"1662-453X","Frontiers in Neuroscience","Frontiers Media S.A.","0","Medicine",5285,1243,4.25181013676589,1.147,2015,2086
"1662-453X","Frontiers in Neuroscience","Frontiers Media S.A.","0","Medicine",5285,1243,4.25181013676589,1.147,2015,2490
"2296-861X","Frontiers in Nutrition","Frontiers Media S.A.","0","Technology",47,23,2.04347826086957,0.456,2015,1845
"2234-943X","Frontiers in Oncology","Frontiers Media S.A.","0","Medicine",4100,919,4.4613710554951,1.219,2015,2086
"2296-2360","Frontiers in Pediatrics","Frontiers Media S.A.","0","Medicine",414,158,2.62025316455696,0.624,2015,1845
"1663-9812","Frontiers in Pharmacology","Frontiers","0","",3468,776,4.46907216494845,1.222,2015,2086
"1663-9812","Frontiers in Pharmacology","Frontiers","0","",3468,776,4.46907216494845,1.222,2015,2490
"2296-424X","Frontiers in Physics","Frontiers Media S.A.","0","Science",6,11,0.545454545454545,0.087,2015,1845
"1664-042X","Frontiers in Physiology","Frontiers","0","",6749,1544,4.37111398963731,1.188,2015,2086
"1664-042X","Frontiers in Physiology","Frontiers","0","",6749,1544,4.37111398963731,1.188,2015,2490
"1664-462X","Frontiers in Plant Science","Frontiers","0","",8346,1676,4.97971360381862,1.4,2015,2086
"1664-462X","Frontiers in Plant Science","Frontiers","0","",8346,1676,4.97971360381862,1.4,2015,2490
"1664-0640","Frontiers in Psychiatry","Frontiers Media S.A.","0","Medicine",2655,581,4.5697074010327,1.256,2015,2086
"1664-0640","Frontiers in Psychiatry","Frontiers Media S.A.","0","Medicine",2655,581,4.5697074010327,1.256,2015,1900
"1664-1078","Frontiers in Psychology","Frontiers","0","",11953,3493,3.42198683080447,0.873,2015,2086
"1664-1078","Frontiers in Psychology","Frontiers","0","",11953,3493,3.42198683080447,0.873,2015,2490
"2296-2565","Frontiers in Public Health","Frontiers Media S.A.","0","Medicine",677,308,2.19805194805195,0.5,2015,1845
"2296-9144","Frontiers in Robotics and AI","Frontiers Media S.A.","0","Technology",44,15,2.93333333333333,0.719,2015,1845
"2296-875X","Frontiers in Surgery","Frontiers Media S.A.","0","Medicine",52,38,1.36842105263158,0.276,2015,1845
"1663-3563","Frontiers in Synaptic Neuroscience","Frontiers Media S.A.","0","Medicine",486,104,4.67307692307692,1.292,2015,1900
"1662-5137","Frontiers in Systems Neuroscience","Frontiers Media S.A.","0","Medicine",3387,590,5.7406779661017,1.674,2015,2490
"2297-1769","Frontiers in Veterinary Science","Frontiers Media S.A.","0","Agriculture",19,10,1.9,0.416,2015,1845
"1742-9994","Frontiers in Zoology","Biomed Central","0","",1200,270,4.44444444444445,1.213,2015,2365
"1742-9994","Frontiers in Zoology","Biomed Central","0","",1200,270,4.44444444444445,1.213,2015,1780
"1742-9994","Frontiers in Zoology","Biomed Central","0","",1200,270,4.44444444444445,1.213,2015,2155
"0016-2361","Fuel","Elsevier","1","NULL",19357,3942,4.91045154743785,1.375,2015,3600
"1438-7948","Functional & Integrative Genomics","Springer","1","NULL",858,263,3.26235741444867,0.822,2015,3000
"1878-9129","Fungal Diversity","Springer","1","NULL",1601,281,5.69750889679715,1.658,2015,3000
"1999-5903","Future Internet","Mdpi","0","NULL",580,213,2.72300469483568,0.655,2015,268
"0016-3287","Futures","Elsevier","1","NULL",1116,486,2.2962962962963,0.529,2015,1100
"0016-3287","Futures","Elsevier","1","NULL",1116,486,2.2962962962963,0.529,2015,0
"1573-2908","Fuzzy Optimization and Decision Making","Springer","1","NULL",438,111,3.94594594594595,1.044,2015,3000
"0213-9111","Gaceta Sanitaria","","0","NULL",955,841,1.13555291319857,0.218,2015,1845
"1578-1283","Gaceta Sanitaria","Elsevier","0","Medicine",955,841,1.13555291319857,0.218,2015,504
"2073-4336","Games","Mdpi","0","NULL",109,91,1.1978021978022,0.233,2015,320
"1436-3305","Gastric Cancer","Springer","1","NULL",1237,355,3.48450704225352,0.893,2015,3000
"0016-5085","Gastroenterology","Elsevier","1","Gastroenterology",25590,5454,4.69196919691969,1.299,2015,3000
"2036-7422","Gastroenterology Insights","PAGEPress Publications","0","Medicine",12,20,0.6,0.098,2015,1845
"1918-2813","Gastroenterology Research","Elmer Press","0","Medicine",65,121,0.537190082644628,0.085,2015,1845
"1687-6121","Gastroenterology Research and Practice","","0","NULL",1422,571,2.49036777583187,0.585,2015,1845
"1687-630X","Gastroenterology Research and Practice","Hindawi Publishing Corporation","0","Medicine",1422,571,2.49036777583187,0.585,2015,1200
"1687-630X","Gastroenterology Research and Practice","Hindawi Publishing Corporation","0","Medicine",1422,571,2.49036777583187,0.585,2015,1500
"1687-630X","Gastroenterology Research and Practice","Hindawi Publishing Corporation","0","Medicine",1422,571,2.49036777583187,0.585,2015,2000
"1757-1707","GCB Bioenergy","Wiley","0","Technology",1795,290,6.18965517241379,1.84,2015,2450
"1757-1707","GCB Bioenergy","Wiley","0","Technology",1795,290,6.18965517241379,1.84,2015,2500
"1936-4717","Gender Issues","Springer","1","NULL",66,34,1.94117647058824,0.428,2015,3000
"0378-1119","Gene","Elsevier","1","Molecular and Cell Biology",7972,3187,2.50141198619391,0.589,2015,3300
"1572-9532","General Relativity and Gravitation","Springer","1","NULL",1356,795,1.70566037735849,0.364,2015,3000
"2073-4425","Genes","MDPI","0","",638,215,2.96744186046512,0.73,2015,320
"2073-4425","Genes","MDPI","0","",638,215,2.96744186046512,0.73,2015,1245.2
"1947-6027","Genes & Cancer","nan","0","NULL",2036,365,5.57808219178082,1.614,2015,1845
"1880-5779","Genes & Genetic Systems","Genetics Soc Japan","0","NULL",254,167,1.52095808383234,0.315,2015,0
"1880-5779","Genes & Genetic Systems","Genetics Soc Japan","0","NULL",254,167,1.52095808383234,0.315,2015,918
"2092-9293","Genes & Genomics","Springer","1","NULL",320,323,0.990712074303406,0.184,2015,3000
"1880-7062","Genes and Environment","BioMed Central","0","Science",29,76,0.381578947368421,0.055,2015,0
"1865-3499","Genes and Nutrition","BioMed Central","0","Technology",947,260,3.64230769230769,0.944,2015,2145
"1865-3499","Genes and Nutrition","BioMed Central","0","Technology",947,260,3.64230769230769,0.944,2015,1781
"1573-7632","Genetic Programming and Evolvable Machines","Springer","1","NULL",259,94,2.75531914893617,0.665,2015,3000
"1573-5109","Genetic Resources and Crop Evolution","Springer","1","NULL",1107,643,1.72161741835148,0.368,2015,3000
"1479-0556","Genetic Vaccines and Therapy","Biomed Central Ltd","0","NULL",45,30,1.5,0.309,2015,1625
"1573-6857","Genetica","Springer","1","NULL",762,389,1.95886889460154,0.433,2015,3000
"0100-8455","Genetics and Molecular Biology","Soc Brasil Genetica","0","NULL",831,509,1.63261296660118,0.344,2015,0
"1415-4757","Genetics and Molecular Biology","","0","NULL",831,509,1.63261296660118,0.344,2015,1845
"1678-4685","Genetics and Molecular Biology","Sociedade Brasileira de Genética","0","Science",831,509,1.63261296660118,0.344,2015,600
"1676-5680","Genetics and Molecular Research","Self Owned - Non-Profit Society","0","Molecular and Cell Biology",3014,2531,1.19083366258396,0.231,2015,750
"1676-5680","Genetics and Molecular Research","Self Owned - Non-Profit Society","0","Molecular and Cell Biology",3014,2531,1.19083366258396,0.231,2015,960
"1676-5680","Genetics and Molecular Research","Self Owned - Non-Profit Society","0","Molecular and Cell Biology",3014,2531,1.19083366258396,0.231,2015,785
"3056-3069","Genetics and Molecular Research","nan","0","NULL",3014,2531,1.19083366258396,0.231,2015,1845
"3620-1251","Genetics and Molecular Research","nan","0","NULL",3014,2531,1.19083366258396,0.231,2015,1845
"3621-1991","Genetics and Molecular Research","nan","0","NULL",3014,2531,1.19083366258396,0.231,2015,1845
"7258-7266","Genetics and Molecular Research","nan","0","NULL",3014,2531,1.19083366258396,0.231,2015,1845
"0999-193X","Genetics Selection Evolution","","0","NULL",948,246,3.85365853658537,1.014,2015,1845
"1297-9686","Genetics Selection Evolution","BioMed Central","0","Agriculture",948,246,3.85365853658537,1.014,2015,1800
"1297-9686","Genetics Selection Evolution","BioMed Central","0","Agriculture",948,246,3.85365853658537,1.014,2015,1410
"1297-9686","Genetics Selection Evolution","BioMed Central","0","Agriculture",948,246,3.85365853658537,1.014,2015,1550
"1297-9686","Genetics Selection Evolution","BioMed Central","0","Agriculture",948,246,3.85365853658537,1.014,2015,1527.5
"1465-6906","Genome Biology","Biomed Central Ltd","0","NULL",13563,1123,12.0774710596616,4.266,2015,2470
"1474-760X","Genome Biology","BioMed Central","0","Science",13563,1123,12.0774710596616,4.266,2015,2975
"1474-760X","Genome Biology","BioMed Central","0","Science",13563,1123,12.0774710596616,4.266,2015,2470
"1759-6653","Genome Biology and Evolution","Oxford","0","",3923,839,4.67580452920143,1.293,2015,1450
"1759-6653","Genome Biology and Evolution","Oxford","0","",3923,839,4.67580452920143,1.293,2015,1800
"2041-9414","Genome Integrity","Biomed Central Ltd","0","NULL",136,42,3.23809523809524,0.814,2015,1625
"1756-994X","Genome Medicine","BioMed Central Ltd","0","",2089,479,4.36116910229645,1.185,2015,2785
"1756-994X","Genome Medicine","BioMed Central Ltd","0","",2089,479,4.36116910229645,1.185,2015,2470
"1756-994X","Genome Medicine","BioMed Central Ltd","0","",2089,479,4.36116910229645,1.185,2015,2301
"0888-7543","Genomics","Elsevier","1","Molecular and Cell Biology",1719,512,3.357421875,0.852,2015,2150
"0888-7543","Genomics","Elsevier","1","Molecular and Cell Biology",1719,512,3.357421875,0.852,2015,2200
"0016-6995","Geobios","Elsevier","1","NULL",319,225,1.41777777777778,0.288,2015,3000
"1467-4866","Geochemical Transactions","Springer","0","Geography. Anthropology. Recreation",104,40,2.6,0.618,2015,1625
"1467-4866","Geochemical Transactions","Springer","0","Geography. Anthropology. Recreation",104,40,2.6,0.618,2015,900
"1467-4866","Geochemical Transactions","Springer","0","Geography. Anthropology. Recreation",104,40,2.6,0.618,2015,1140
"1467-4866","Geochemical Transactions","Springer","0","Geography. Anthropology. Recreation",104,40,2.6,0.618,2015,949
"1897-1695","Geochronometria","Versita","0","NULL",363,166,2.18674698795181,0.497,2015,0
"0016-7061","Geoderma","Elsevier","1","Plant Biology",5295,1457,3.63417982155113,0.942,2015,3000
"2300-2581","Geodesy and Cartography","De Gruyter Open","0","Geography. Anthropology. Recreation",87,120,0.725,0.124,2015,1845
"1280-9659","Geodiversitas","Self Owned - Non-Profit Society","0","NULL",178,133,1.33834586466165,0.268,2015,0
"0016-7169","Geofisica Internacional","Self Owned - Non-Profit Society","0","",211,419,0.503579952267303,0.078,2015,0
"1468-8123","Geofluids","Hindawi","0","NULL",419,160,2.61875,0.624,2015,1500
"0016-7185","Geoforum","Elsevier","1","NULL",2595,679,3.82179675994109,1.003,2015,1800
"1867-2485","Geoheritage","Springer","1","NULL",239,101,2.36633663366337,0.549,2015,3000
"1573-7624","Geoinformatica","Springer","1","NULL",337,164,2.05487804878049,0.46,2015,3000
"1572-9893","Geojournal","Springer","1","NULL",624,248,2.51612903225806,0.593,2015,3000
"1330-030X","Geologia Croatica","","0","NULL",132,219,0.602739726027397,0.098,2015,1845
"1333-4875","Geologia Croatica","Institute of Geology Zagreb","0","Science",132,219,0.602739726027397,0.098,2015,1845
"1695-6133","Geologica Acta","Self Owned - Non-Profit Society","0","NULL",231,134,1.72388059701493,0.369,2015,0
"1696-5728","Geologica Acta","Universitat de Barcelona","0","Science",231,134,1.72388059701493,0.369,2015,0
"1374-8505","Geologica Belgica","Self Owned - Non-Profit Society","0","NULL",122,127,0.960629921259842,0.177,2015,0
"1335-0552","Geologica Carpathica","","0","NULL",216,159,1.35849056603774,0.273,2015,1845
"1336-8052","Geologica Carpathica","De Gruyter Open","0","Science",216,159,1.35849056603774,0.273,2015,0
"1641-7291","Geological Quarterly","Self Owned - Non-Profit Society","0","NULL",728,816,0.892156862745098,0.161,2015,0
"1604-8156","Geological Survey of Denmark and Greenland Bulletin","","0","NULL",36,18,2,0.444,2015,1845
"1904-4666","Geological Survey of Denmark and Greenland Bulletin","Geoloical Survey of Denmark and Greenland","0","Science",36,18,2,0.444,2015,0
"2080-6574","Geologos","De Gruyter Open","0","Science",91,67,1.35820895522388,0.273,2015,1845
"1572-9168","Geometriae Dedicata","Springer","1","NULL",438,436,1.0045871559633,0.187,2015,3000
"1420-8970","Geometric and Functional Analysis","Springer","1","NULL",774,267,2.89887640449438,0.709,2015,3000
"0169-555X","Geomorphology","Elsevier","1","NULL",6523,1803,3.61785912368275,0.936,2015,3300
"0016-8092","Georgetown Law Journal","Georgetown Law Journal Assn","0","Law",107,69,1.55072463768116,0.323,2015,0
"1991-959X","Geoscientific Model Development","","0","NULL",2580,523,4.93307839388145,1.383,2015,1845
"1991-9603","Geoscientific Model Development","Copernicus Publications","0","Science",2580,523,4.93307839388145,1.383,2015,0
"1991-962X","Geoscientific Model Development Discussions","Copernicus Publications","0","Geography. Anthropology. Recreation",95,92,1.03260869565217,0.193,2015,1845
"1827-1987","Geospatial Health","","0","NULL",394,201,1.96019900497512,0.433,2015,1845
"1970-7096","Geospatial Health","PAGEPress Publications","0","Geography. Anthropology. Recreation",394,201,1.96019900497512,0.433,2015,560
"1573-1529","Geotechnical and Geological Engineering","Springer","1","NULL",563,445,1.26516853932584,0.25,2015,3000
"0375-6505","Geothermics","Elsevier","1","Energy",1042,217,4.80184331797235,1.337,2015,2650
"1578-164X","Gerokomos","Ediciones SPA S.L.","0","Medicine",43,65,0.661538461538462,0.11,2015,0
"1439-0345","Gesunde Pflanzen","Springer","1","NULL",42,65,0.646153846153846,0.107,2015,3000
"0017-0011","Ginekologia Polska","Self Owned - Non-Profit Society","0","",325,440,0.738636363636364,0.127,2015,0
"0017-0011","Ginekologia Polska","Self Owned - Non-Profit Society","0","",325,440,0.738636363636364,0.127,2015,449
"1988-4168","Gladius","Consejo Superior de Investigaciones Científicas","0","History (General) and history of Europe",5,18,0.277777777777778,0.037,2015,0
"1654-9880","Global Health Action","Co-Action Publishing","0","Medicine",1566,553,2.83182640144665,0.688,2015,1456
"1744-8603","Globalization and Health","London School of Economics","0","",999,250,3.996,1.061,2015,2145
"1744-8603","Globalization and Health","London School of Economics","0","",999,250,3.996,1.061,2015,1625
"1744-8603","Globalization and Health","London School of Economics","0","",999,250,3.996,1.061,2015,2000
"1573-4986","Glycoconjugate Journal","Springer","1","NULL",606,281,2.15658362989324,0.488,2015,3000
"2190-7579","Gold Bulletin","Springer","1","NULL",445,135,3.2962962962963,0.833,2015,0
"2190-7579","Gold Bulletin","Springer","1","NULL",445,135,3.2962962962963,0.833,2015,3000
"1521-1886","Gps Solutions","Springer","1","NULL",690,230,3,0.74,2015,3000
"1989-953X","Graellsia","Consejo Superior de Investigaciones Científicas","0","Science",31,57,0.543859649122807,0.086,2015,0
"1434-7636","Granular Matter","Springer","1","Geotechnology",760,355,2.14084507042254,0.484,2015,3000
"1435-5914","Graphs and Combinatorics","Springer","1","NULL",329,354,0.929378531073446,0.169,2015,3000
"0017-3495","Grasas Y Aceites","","0","NULL",388,240,1.61666666666667,0.34,2015,1845
"1988-4214","Grasas Y Aceites","Consejo Superior de Investigaciones Científicas","0","Technology",388,240,1.61666666666667,0.34,2015,0
"1751-7192","Green Chemistry Letters and Reviews","Taylor & Francis Group","0","Science",400,234,1.70940170940171,0.365,2015,600
"1751-8253","Green Chemistry Letters and Reviews","","0","NULL",400,234,1.70940170940171,0.365,2015,1845
"1572-9907","Group Decision and Negotiation","Springer","1","NULL",440,210,2.0952380952381,0.471,2015,3000
"1432-1165","Grundwasser","Springer","1","NULL",54,72,0.75,0.129,2015,3000
"1757-4749","Gut Pathogens","Biomed Central","0","",547,156,3.50641025641026,0.9,2015,2410
"1757-4749","Gut Pathogens","Biomed Central","0","",547,156,3.50641025641026,0.9,2015,1860
"1757-4749","Gut Pathogens","Biomed Central","0","",547,156,3.50641025641026,0.9,2015,2000
"1613-2084","Gynecological Surgery","Springer","1","NULL",206,212,0.971698113207547,0.179,2015,3000
"1854-9829","Hacquetia","De Gruyter Open","0","Science",38,39,0.974358974358974,0.18,2015,0
"1876-4053","Hague Journal on the Rule of Law","Springer","1","NULL",68,63,1.07936507936508,0.204,2015,3000
"1477-7517","Harm Reduction Journal","Biomed Central","0","",574,170,3.37647058823529,0.859,2015,2450
"1477-7517","Harm Reduction Journal","Biomed Central","0","",574,170,3.37647058823529,0.859,2015,1625
"1477-7517","Harm Reduction Journal","Biomed Central","0","",574,170,3.37647058823529,0.859,2015,2000
"1477-7517","Harm Reduction Journal","Biomed Central","0","",574,170,3.37647058823529,0.859,2015,2034.5
"0017-808X","Harvard Journal on Legislation","Harvard Law School","0","Law",8,16,0.5,0.078,2015,0
"0017-8322","Hastings Law Journal","Univ Calif","0","Law",41,51,0.803921568627451,0.141,2015,0
"2086-4094","HAYATI Journal of Biosciences","The Indonesian Biological Society & Bogor Agricultural University","0","Science",62,95,0.652631578947368,0.109,2015,200
"1746-160X","Head & Face Medicine","BioMed Central Ltd","0","",333,188,1.77127659574468,0.381,2015,2145
"1746-160X","Head & Face Medicine","BioMed Central Ltd","0","",333,188,1.77127659574468,0.381,2015,1900
"1758-3284","Head & Neck Oncology","BioMed Central Ltd","0","",451,193,2.33678756476684,0.54,2015,1625
"1936-0568","Head and Neck Pathology","Springer","1","NULL",1013,350,2.89428571428571,0.707,2015,3000
"1079-0969","Health and Human Rights","","0","NULL",171,101,1.69306930693069,0.36,2015,1845
"2150-4113","Health and Human Rights","Harvard School of Public Health","0","Medicine",171,101,1.69306930693069,0.36,2015,1845
"1477-7525","Health and Quality of Life Outcomes","Biomed Central","0","Medicine",3186,823,3.87120291616039,1.02,2015,2145
"1477-7525","Health and Quality of Life Outcomes","Biomed Central","0","Medicine",3186,823,3.87120291616039,1.02,2015,1900
"1477-7525","Health and Quality of Life Outcomes","Biomed Central","0","Medicine",3186,823,3.87120291616039,1.02,2015,2000
"1573-3394","Health Care Analysis","Springer","1","NULL",199,129,1.54263565891473,0.32,2015,3000
"1572-9389","Health Care Management Science","Springer","1","NULL",365,150,2.43333333333333,0.569,2015,3000
"1099-1050","Health Expectations","Wiley","0","NULL",1082,346,3.1271676300578,0.78,2015,2025
"1369-6513","Health Expectations","","0","NULL",1082,346,3.1271676300578,0.78,2015,1845
"1369-7625","Health Expectations","Wiley","0","Medicine",1082,346,3.1271676300578,0.78,2015,2430
"1478-4505","Health Research Policy and Systems","BioMed Central Ltd","0","",747,243,3.07407407407407,0.763,2015,2300
"1478-4505","Health Research Policy and Systems","BioMed Central Ltd","0","",747,243,3.07407407407407,0.763,2015,1625
"1572-9400","Health Services and Outcomes Research Methodology","Springer","1","NULL",61,54,1.12962962962963,0.217,2015,3000
"1615-2573","Heart and Vessels","Springer","1","NULL",935,487,1.91991786447639,0.422,2015,3000
"1573-7322","Heart Failure Reviews","Springer","1","NULL",1279,304,4.20723684210526,1.132,2015,3000
"2036-2579","Heart International","Wichtig","0","Medicine",77,48,1.60416666666667,0.337,2015,840
"1432-1181","Heat and Mass Transfer","Springer","1","NULL",934,687,1.35953420669578,0.273,2015,3000
"1572-8498","Hec Forum","Springer","1","NULL",167,101,1.65346534653465,0.35,2015,3000
"2190-2100","Heilberufescience","Springer","1","NULL",9,63,0.142857142857143,0.016,2015,3000
"1438-3888","Helgoland Marine Research","Biomed Central","0","NULL",370,238,1.5546218487395,0.324,2015,0
"0367-598X","Hemijska Industrija","","0","NULL",210,278,0.755395683453237,0.131,2015,1845
"1735-3408","Hepatitis Monthly","Tehran Iran Hepatitis Group","0","NULL",1034,609,1.69786535303777,0.362,2015,0
"2090-1372","Hepatitis Research and Treatment","Hindawi Publishing Corporation","0","Medicine",100,71,1.40845070422535,0.286,2015,800
"1936-0541","Hepatology International","Springer","1","NULL",676,335,2.01791044776119,0.449,2015,3000
"1731-2302","Hereditary Cancer in Clinical Practice","","0","NULL",177,127,1.39370078740157,0.282,2015,1845
"1897-4287","Hereditary Cancer in Clinical Practice","BioMed Central","0","Medicine",177,127,1.39370078740157,0.282,2015,2145
"1897-4287","Hereditary Cancer in Clinical Practice","BioMed Central","0","Medicine",177,127,1.39370078740157,0.282,2015,1625
"1897-4287","Hereditary Cancer in Clinical Practice","BioMed Central","0","Medicine",177,127,1.39370078740157,0.282,2015,1730
"1897-4287","Hereditary Cancer in Clinical Practice","BioMed Central","0","Medicine",177,127,1.39370078740157,0.282,2015,1781
"0018-0661","Hereditas","","0","NULL",631,1420,0.444366197183099,0.067,2015,1845
"1601-5223","Hereditas","BioMed Central","0","Science",631,1420,0.444366197183099,0.067,2015,2145
"1601-5223","Hereditas","BioMed Central","0","Science",631,1420,0.444366197183099,0.067,2015,0
"1601-5223","Hereditas","BioMed Central","0","Science",631,1420,0.444366197183099,0.067,2015,2516
"1601-5223","Hereditas","BioMed Central","0","Science",631,1420,0.444366197183099,0.067,2015,1781
"1248-9204","Hernia","Springer","1","NULL",1329,611,2.17512274959083,0.494,2015,3000
"2042-4280","Herpesviridae","Biomed Central Ltd","0","NULL",99,27,3.66666666666667,0.952,2015,1625
"1931-7603","Herpetological Conservation and Biology","Self Owned - Non-Profit Society","0","",77,72,1.06944444444444,0.202,2015,0
"1615-6692","Herz","Springer","1","NULL",502,554,0.906137184115524,0.164,2015,3000
"0188-8897","Hidrobiologica","","0","NULL",71,107,0.663551401869159,0.111,2015,1845
"1573-174X","Higher Education","Springer","1","NULL",1816,481,3.77546777546778,0.988,2015,3000
"0971-8966","Himalayan Geology","Wadia Institute of Himalayan Geology","0","",7,6,1.16666666666667,0.226,2015,0
"0018-2079","Hiroshima Mathematical Journal","Self Owned - Non-Profit Society","0","",31,53,0.584905660377358,0.095,2015,0
"1988-4265","Hispania Sacra","Consejo Superior de Investigaciones Científicas","0","History (General) and history of Europe",13,38,0.342105263157895,0.048,2015,0
"1432-119X","Histochemistry and Cell Biology","Springer","1","NULL",1515,593,2.55480607082631,0.604,2015,3000
"0121-1617","Historia Critica","","0","NULL",26,52,0.5,0.078,2015,1845
"1742-6316","History and Philosophy of the Life Sciences","Springer","0","",82,73,1.12328767123288,0.215,2015,3000
"1091-1774","Hmong Studies Journal","Hmong Studies Journal","0","Social Sciences",19,21,0.904761904761905,0.164,2015,0
"1433-0458","Hno","Springer","1","NULL",607,765,0.793464052287582,0.139,2015,3000
"1475-4916","Homeopathy","Elsevier","1","Medicine",316,172,1.83720930232558,0.399,2015,2500
"2366-6161","Homo Oeconomicus","Springer","1","NULL",3,11,0.272727272727273,0.036,2015,3000
"1569-1861","Hong Kong Journal of Occupational Therapy","","0","NULL",51,47,1.08510638297872,0.206,2015,1845
"1868-8500","Hormones and Cancer","Springer","1","NULL",519,147,3.53061224489796,0.908,2015,3000
"0102-0536","Horticultura Brasileira","","0","NULL",440,417,1.05515587529976,0.199,2015,1845
"1806-9991","Horticultura Brasileira","Self Owned - Non-Profit Society","0","NULL",440,417,1.05515587529976,0.199,2015,0
"0862-867X","Horticultural Science","","0","NULL",87,101,0.861386138613861,0.154,2015,1845
"1805-9333","Horticultural Science","Czech Academy of Agricultural Sciences","0","Agriculture",87,101,0.861386138613861,0.154,2015,224
"1365-182X","Hpb","Elsevier","0","",2205,619,3.56219709208401,0.918,2015,3000
"1607-8462","HPB Surgery","Hindawi Publishing Corporation","0","Medicine",162,86,1.88372093023256,0.412,2015,750
"1607-8462","HPB Surgery","Hindawi Publishing Corporation","0","Medicine",162,86,1.88372093023256,0.412,2015,800
"1749-0774","Human Cell","Springer","0","",161,99,1.62626262626263,0.342,2015,3000
"1572-9915","Human Ecology","Springer","1","NULL",744,335,2.22089552238806,0.507,2015,3000
"1432-1203","Human Genetics","Springer","1","NULL",3269,700,4.67,1.291,2015,3000
"1757-4242","Human Genomics and Proteomics","Sage","0","NULL",16,7,2.28571428571429,0.526,2015,1500
"1899-1955","Human Movement","De Gruyter Open","0","Medicine",127,143,0.888111888111888,0.16,2015,1845
"1936-4776","Human Nature","Springer","1","NULL",459,124,3.70161290322581,0.964,2015,3000
"1478-4491","Human Resources for Health","Biomed Central","0","",1035,257,4.0272373540856,1.072,2015,2450
"1478-4491","Human Resources for Health","Biomed Central","0","",1035,257,4.0272373540856,1.072,2015,1625
"1478-4491","Human Resources for Health","Biomed Central","0","",1035,257,4.0272373540856,1.072,2015,2285
"1874-6306","Human Rights Review","Springer","1","NULL",80,95,0.842105263157895,0.15,2015,3000
"1572-851X","Human Studies","Springer","1","NULL",118,105,1.12380952380952,0.215,2015,3000
"2183-1718","Humanitas","Coimbra University Press","0","History (General) and history of Europe",8,22,0.363636363636364,0.052,2015,0
"1572-8501","Husserl Studies","Springer","1","NULL",18,30,0.6,0.098,2015,3000
"1573-5117","Hydrobiologia","Springer","1","NULL",4772,1899,2.51290152711954,0.592,2015,3000
"1435-0157","Hydrogeology Journal","Springer","1","NULL",1660,622,2.66881028938907,0.639,2015,3000
"1027-5606","Hydrology and Earth System Sciences","","0","NULL",6616,1470,4.50068027210884,1.232,2015,1845
"1607-7938","Hydrology and Earth System Sciences","Copernicus Publications","0","Technology",6616,1470,4.50068027210884,1.232,2015,0
"1607-7938","Hydrology and Earth System Sciences","Copernicus Publications","0","Technology",6616,1470,4.50068027210884,1.232,2015,1120
"1812-2116","Hydrology and Earth System Sciences Discussions","Copernicus Publications","0","Geography. Anthropology. Recreation",459,437,1.05034324942792,0.198,2015,1120
"0304-386X","Hydrometallurgy","Elsevier","1","NULL",3014,1027,2.93476144109056,0.72,2015,3300
"1572-9540","Hyperfine Interactions","Springer","1","NULL",388,622,0.62379421221865,0.103,2015,3000
"1139-7241","Iberica","","0","NULL",99,76,1.30263157894737,0.259,2015,1845
"1886-7995","Iberica","Self Owned - Non-Profit Society","0","NULL",99,76,1.30263157894737,0.259,2015,0
"0019-1035","Icarus","Elsevier","1","NULL",7726,2053,3.76327325864588,0.984,2015,2750
"1616-3915","Ichthyological Research","Springer","1","NULL",209,236,0.885593220338983,0.159,2015,3000
"2169-3536","IEEE Access","IEEE","0","Technology",1045,169,6.18343195266272,1.838,2015,1845
"2168-6734","IEEE Journal of the Electron Devices Society","Institute of Electrical and Electronics Engineers (IEEE)","0","Technology",145,46,3.15217391304348,0.787,2015,1845
"1943-0655","IEEE Photonics Journal","IEEE","0","Science",2661,1022,2.60371819960861,0.619,2015,1350
"1349-2543","Ieice Electronics Express","Ieice","0","Circuits",624,901,0.692563817980022,0.117,2015,270
"1349-2543","Ieice Electronics Express","Ieice","0","Circuits",624,901,0.692563817980022,0.117,2015,1080
"1349-2543","Ieice Electronics Express","Ieice","0","Circuits",624,901,0.692563817980022,0.117,2015,930.93
"0377-2063","Iete Journal of Research","Medknow","0","NULL",170,204,0.833333333333333,0.148,2015,0
"0974-5971","Iete Technical Review","Inst Electronics Telecommunication Engineers","0","NULL",472,250,1.888,0.413,2015,0
"0073-4705","Iheringia Serie Botanica","","0","NULL",44,58,0.758620689655172,0.131,2015,1845
"0073-4721","Iheringia Serie Zoologia","","0","NULL",172,192,0.895833333333333,0.162,2015,1845
"1580-3139","Image Analysis & Stereology","","0","NULL",274,286,0.958041958041958,0.176,2015,1845
"1074-7613","Immunity","Elsevier","1","Molecular and Cell Biology",19029,1042,18.2619961612284,7.177,2015,5000
"1742-4933","Immunity & Ageing","BioMed Central Ltd","0","",420,127,3.30708661417323,0.836,2015,2145
"1742-4933","Immunity & Ageing","BioMed Central Ltd","0","",420,127,3.30708661417323,0.836,2015,1625
"1742-4933","Immunity & Ageing","BioMed Central Ltd","0","",420,127,3.30708661417323,0.836,2015,1781
"0171-2985","Immunobiology","Elsevier","1","Molecular and Cell Biology",2151,722,2.9792243767313,0.733,2015,2050
"1432-1211","Immunogenetics","Springer","1","NULL",971,372,2.61021505376344,0.621,2015,3000
"1559-0755","Immunologic Research","Springer","1","NULL",1590,437,3.63844393592677,0.943,2015,3000
"1745-7580","Immunome Research","Biomed Central Ltd","0","NULL",124,62,2,0.444,2015,1625
"1748-5908","Implementation Science","Biomed Central","0","",4488,681,6.59030837004405,1.991,2015,2365
"1748-5908","Implementation Science","Biomed Central","0","",4488,681,6.59030837004405,1.991,2015,1970
"1748-5908","Implementation Science","Biomed Central","0","",4488,681,6.59030837004405,1.991,2015,2075
"0976-2817","Indian Journal of Anaesthesia","Medknow Publications","0","Medicine",531,540,0.983333333333333,0.182,2015,0
"0975-0959","Indian Journal of Biochemistry & Biophysics","Natl Inst Science Communication","0","NULL",422,266,1.58646616541353,0.332,2015,0
"0972-5849","Indian Journal of Biotechnology","National Institute of Science Communication and Information Resources","0","",79,63,1.25396825396825,0.247,2015,0
"0019-509X","Indian Journal of Cancer","","0","NULL",511,458,1.11572052401747,0.213,2015,1845
"1998-4774","Indian Journal of Cancer","Medknow Publications","0","Medicine",511,458,1.11572052401747,0.213,2015,1845
"0975-0991","Indian Journal of Chemical Technology","Natl Inst Science Communication","0","NULL",65,63,1.03174603174603,0.193,2015,0
"1998-3581","Indian Journal of Community Medicine","Indian Association of Preventive and Social Medicine","0","Medicine",493,343,1.43731778425656,0.293,2015,1845
"1998-359X","Indian Journal of Critical Care Medicine","Medknow Publications","0","Medicine",363,318,1.14150943396226,0.219,2015,1845
"1998-3603","Indian Journal of Dental Research","Medknow Publications","0","Medicine",855,729,1.17283950617284,0.227,2015,1845
"0019-5154","Indian Journal of Dermatology","","0","NULL",735,781,0.941101152368758,0.172,2015,1845
"1998-3611","Indian Journal of Dermatology","Medknow Publications","0","Medicine",735,781,0.941101152368758,0.172,2015,1845
"0975-1017","Indian Journal of Engineering and Materials Sciences","Natl Inst Science Communication","0","NULL",4,7,0.571428571428571,0.092,2015,0
"0975-1009","Indian Journal of Experimental Biology","Natl Inst Science Communication","0","NULL",1054,593,1.77740303541315,0.383,2015,0
"1998-362X","Indian Journal of Human Genetics","Medknow Publications","0","Science",209,226,0.924778761061947,0.168,2015,1845
"0975-1033","Indian Journal of Marine Sciences","Natl Inst Science Communication","0","NULL",38,38,1,0.186,2015,0
"0975-2129","Indian Journal of Medical and Paediatric Oncology","Medknow Publications","0","Medicine",202,220,0.918181818181818,0.167,2015,0
"0255-0857","Indian Journal of Medical Microbiology","Medknow Publications","0","",622,475,1.30947368421053,0.261,2015,0
"0255-0857","Indian Journal of Medical Microbiology","Medknow Publications","0","",622,475,1.30947368421053,0.261,2015,100
"0255-0857","Indian Journal of Medical Microbiology","Medknow Publications","0","",622,475,1.30947368421053,0.261,2015,150
"1998-3646","Indian Journal of Medical Microbiology","Medknow Publications","0","Science",622,475,1.30947368421053,0.261,2015,1845
"0971-5916","Indian Journal of Medical Research","Indian Council Medical Res","0","Medicine",2710,1220,2.22131147540984,0.507,2015,0
"1998-3670","Indian Journal of Occupational and Environmental Medicine","Medknow Publications","0","Medicine",104,113,0.920353982300885,0.167,2015,1845
"0301-4738","Indian Journal of Ophthalmology","Medknow Publications","0","",967,767,1.26075619295958,0.249,2015,0
"1998-3689","Indian Journal of Ophthalmology","Medknow Publications","0","Medicine",967,767,1.26075619295958,0.249,2015,1845
"0019-5413","Indian Journal of Orthopaedics","Medknow Publications","0","",554,462,1.1991341991342,0.233,2015,0
"1998-3727","Indian Journal of Orthopaedics","Medknow Publications","0","Medicine",554,462,1.1991341991342,0.233,2015,1845
"0973-7707","Indian Journal of Otolaryngology and Head & Neck Surgery","Springer","1","NULL",432,522,0.827586206896552,0.146,2015,3000
"1998-3735","Indian Journal of Palliative Care","Medknow Publications","0","Medicine",215,200,1.075,0.203,2015,1845
"0250-474X","Indian Journal of Pharmaceutical Sciences","Medknow Publications","0","",734,522,1.40613026819923,0.285,2015,0
"0253-7613","Indian Journal of Pharmacology","Medknow","0","",1027,675,1.52148148148148,0.315,2015,0
"1998-3751","Indian Journal of Pharmacology","Medknow Publications","0","Medicine",1027,675,1.52148148148148,0.315,2015,1845
"1998-376X","Indian Journal of Plastic Surgery","Medknow Publications","0","Medicine",321,319,1.00626959247649,0.187,2015,1845
"0975-1564","Indian Journal of Psychological Medicine","Medknow Publications","0","Philosophy. Psychology. Religion",371,284,1.30633802816901,0.26,2015,1845
"0975-1041","Indian Journal of Pure & Applied Physics","Natl Inst Science Communication","0","NULL",154,121,1.27272727272727,0.252,2015,0
"1998-3808","Indian Journal of Radiology and Imaging","Medknow Publications","0","Medicine",285,264,1.07954545454545,0.205,2015,1845
"1998-3824","Indian Journal of Urology","Wolters Kluwer Medknow Publications","0","Medicine",413,416,0.992788461538462,0.184,2015,0
"0974-7559","Indian Pediatrics","Springer","0","NULL",1131,927,1.22006472491909,0.239,2015,0
"1880-8026","Industrial Health","Natl Inst Occupational Safety & Health, Japan","0","NULL",637,368,1.73097826086957,0.37,2015,0
"0976-2795","Industrial Psychiatry Journal","Medknow Publications","0","Medicine",128,126,1.01587301587302,0.189,2015,60
"1439-0973","Infection","Springer","1","NULL",1430,627,2.28070175438596,0.524,2015,3000
"1750-9378","Infectious Agents and Cancer","BioMed Central Ltd","0","",480,245,1.95918367346939,0.433,2015,2145
"1750-9378","Infectious Agents and Cancer","BioMed Central Ltd","0","",480,245,1.95918367346939,0.433,2015,1625
"1750-9378","Infectious Agents and Cancer","BioMed Central Ltd","0","",480,245,1.95918367346939,0.433,2015,1781
"2036-7449","Infectious Disease Reports","PAGEPress Publications","0","Medicine",116,83,1.39759036144578,0.283,2015,1845
"1573-2576","Inflammation","Springer","1","NULL",1992,759,2.62450592885375,0.625,2015,3000
"1880-8190","Inflammation and Regeneration","BioMed Central","0","Medicine",51,103,0.495145631067961,0.077,2015,0
"1420-908X","Inflammation Research","Springer","1","NULL",1524,633,2.40758293838863,0.561,2015,3000
"1568-5608","Inflammopharmacology","Springer","1","NULL",530,170,3.11764705882353,0.777,2015,3000
"1097-0355","Influenza and Other Respiratory Viruses","Wiley","0","NULL",1272,524,2.42748091603053,0.567,2015,2700
"1750-2640","Influenza and Other Respiratory Viruses","","0","NULL",1272,524,2.42748091603053,0.567,2015,1845
"1750-2659","Influenza and Other Respiratory Viruses","Wiley","0","Medicine",1272,524,2.42748091603053,0.567,2015,2500
"2090-1399","Influenza Research and Treatment","Hindawi","0","NULL",54,35,1.54285714285714,0.321,2015,800
"0824-2577","Informal Logic","University of Windsor","0","Philosophy. Psychology. Religion",125,79,1.58227848101266,0.331,2015,0
"1572-9419","Information Systems Frontiers","Springer","1","NULL",914,282,3.24113475177305,0.815,2015,3000
"1544-7537","Information Technologies and International Development","University of Southern California","0","Technology",222,95,2.33684210526316,0.54,2015,0
"1943-4294","Information Technology & Tourism","Springer","1","NULL",116,55,2.10909090909091,0.475,2015,3000
"0730-9295","Information Technology and Libraries","","0","NULL",198,94,2.1063829787234,0.474,2015,1845
"1812-5638","Information Technology Journal","Asian Network for Scientific Information (ansinet)","0","NULL",478,1007,0.4746772591857,0.073,2015,1845
"1812-5646","Information Technology Journal","Asian Network for Scientific Information (ansinet)","0","NULL",478,1007,0.4746772591857,0.073,2015,1845
"0020-0883","Informes De La Construccion","","0","NULL",116,166,0.698795180722892,0.118,2015,1845
"1988-3234","Informes De La Construccion","Consejo Superior de Investigaciones Científicas","0","Fine Arts",116,166,0.698795180722892,0.118,2015,0
"1532-0545","INFORMS Transactions on Education","Institute for Operations Research and the Management Sciences (INFORMS)","0","Education",58,58,1,0.186,2015,0
"1614-5054","Innovations in Systems and Software Engineering","Springer","1","NULL",178,168,1.05952380952381,0.2,2015,3000
"1573-1758","Innovative Higher Education","Springer","1","NULL",296,140,2.11428571428571,0.476,2015,3000
"1420-9098","Insectes Sociaux","Springer","1","NULL",467,294,1.58843537414966,0.332,2015,3000
"1869-4101","Insights Into Imaging","Springer","0","NULL",778,278,2.79856115107914,0.678,2015,0
"1573-1952","Instructional Science","Springer","1","NULL",952,237,4.0168776371308,1.068,2015,3000
"1697-9818","Intangible Capital","OmniaScience","0","General Works",91,111,0.81981981981982,0.145,2015,1845
"1420-8989","Integral Equations and Operator Theory","Springer","1","NULL",429,358,1.19832402234637,0.233,2015,3000
"1534-7354","Integrative Cancer Therapies","","0","NULL",565,219,2.57990867579909,0.612,2015,1845
"1552-695X","Integrative Cancer Therapies","SAGE Publishing","0","Medicine",565,219,2.57990867579909,0.612,2015,1350
"1936-3567","Integrative Psychological and Behavioral Science","Springer","1","NULL",207,148,1.39864864864865,0.283,2015,3000
"0160-2896","Intelligence","Elsevier","1","Psychology",1510,383,3.94255874673629,1.043,2015,2150
"0160-2896","Intelligence","Elsevier","1","Psychology",1510,383,3.94255874673629,1.043,2015,2300
"1861-2784","Intelligent Service Robotics","Springer","1","NULL",183,100,1.83,0.397,2015,3000
"1432-1238","Intensive Care Medicine","Springer","1","NULL",7876,1629,4.83486801718846,1.349,2015,3000
"1573-1790","Interchange","Springer","1","NULL",45,65,0.692307692307692,0.117,2015,3000
"1334-4676","Interdisciplinary Description of Complex Systems","Croatian Interdisciplinary Society","0","Geography. Anthropology. Recreation",23,41,0.560975609756098,0.09,2015,1845
"1687-7098","Interdisciplinary Perspectives on Infectious Diseases","Hindawi Publishing Corporation","0","Medicine",326,121,2.69421487603306,0.646,2015,750
"1687-7098","Interdisciplinary Perspectives on Infectious Diseases","Hindawi Publishing Corporation","0","Medicine",326,121,2.69421487603306,0.646,2015,800
"1337-6853","Interdisciplinary Toxicology","nan","0","NULL",296,137,2.16058394160584,0.49,2015,1845
"1337-9569","Interdisciplinary Toxicology","De Gruyter Open","0","Medicine",296,137,2.16058394160584,0.49,2015,0
"1613-964X","Intereconomics","Springer","1","NULL",121,135,0.896296296296296,0.162,2015,3000
"0966-9795","Intermetallics","Elsevier","1","Physics and Chemistry",3663,1448,2.52969613259669,0.597,2015,1000
"1970-9366","Internal and Emergency Medicine","Springer","1","NULL",1004,567,1.77072310405644,0.381,2015,3000
"1349-7235","Internal Medicine","Japan Soc Internal Medicine","0","NULL",3057,2526,1.21021377672209,0.236,2015,0
"1891-1757","Internasjonal Politikk","Cappelen Damm Akademisk, Nordic Open Acc","0","Political science",4,12,0.333333333333333,0.047,2015,1845
"1573-966X","International Advances in Economic Research","Springer","1","NULL",117,152,0.769736842105263,0.134,2015,3000
"0236-8722","International Agrophysics","Polish Academy of Sciences","0","",398,274,1.45255474452555,0.297,2015,0
"0236-8722","International Agrophysics","Polish Academy of Sciences","0","",398,274,1.45255474452555,0.297,2015,447
"2300-8725","International Agrophysics","Institute of Agrophysics","0","Agriculture",398,274,1.45255474452555,0.297,2015,1845
"1755-7682","International Archives of Medicine","Biomed Central Ltd","0","NULL",386,186,2.0752688172043,0.465,2015,1625
"1432-1246","International Archives of Occupational and Environmental Health","Springer","1","NULL",1225,474,2.58438818565401,0.613,2015,3000
"1677-5538","International Braz J Urol","","0","NULL",653,466,1.40128755364807,0.284,2015,1845
"1746-4358","International Breastfeeding Journal","Biomed Central Ltd","0","NULL",351,102,3.44117647058824,0.879,2015,1940
"1746-4358","International Breastfeeding Journal","Biomed Central Ltd","0","NULL",351,102,3.44117647058824,0.879,2015,1625
"1612-4812","International Economics and Economic Policy","Springer","1","NULL",165,115,1.43478260869565,0.293,2015,3000
"1555-1938","International Entrepreneurship and Management Journal","Springer","1","NULL",504,171,2.94736842105263,0.724,2015,3000
"1573-1782","International Journal for Educational and Vocational Guidance","Springer","1","NULL",79,68,1.16176470588235,0.224,2015,3000
"1475-9276","International Journal for Equity in Health","Biomed Central","0","",1420,396,3.58585858585859,0.926,2015,2220
"1475-9276","International Journal for Equity in Health","Biomed Central","0","",1420,396,3.58585858585859,0.926,2015,1700
"1475-9276","International Journal for Equity in Health","Biomed Central","0","",1420,396,3.58585858585859,0.926,2015,1805
"1865-4584","International Journal for Ion Mobility Spectrometry","Springer","1","NULL",220,111,1.98198198198198,0.439,2015,3000
"1572-8684","International Journal for Philosophy of Religion","Springer","1","NULL",34,84,0.404761904761905,0.06,2015,3000
"1779-6288","International Journal for Simulation and Multidisciplinary Design Optimization","EDP Sciences","0","Technology",13,22,0.590909090909091,0.096,2015,1008
"1573-3246","International Journal for the Advancement of Counselling","Springer","1","NULL",144,121,1.1900826446281,0.231,2015,3000
"8619-2016","International Journal of Advanced Networking and Applications","nan","0","NULL",4,2,2,0.444,2015,1845
"1729-8806","International Journal of Advanced Robotic Systems","Vienna University of Technology","0","",1307,852,1.53403755868545,0.318,2015,1171
"1729-8806","International Journal of Advanced Robotic Systems","Vienna University of Technology","0","",1307,852,1.53403755868545,0.318,2015,0
"1729-8806","International Journal of Advanced Robotic Systems","Vienna University of Technology","0","",1307,852,1.53403755868545,0.318,2015,1200
"1729-8814","International Journal of Advanced Robotic Systems","SAGE Publishing","0","Technology",1307,852,1.53403755868545,0.318,2015,1100
"2005-8039","International Journal of Advancements in Computing Technology","Convergence Information Society","0","NULL",396,1216,0.325657894736842,0.045,2015,1845
"2233-9337","International Journal of Advancements in Computing Technology","Convergence Information Society","0","NULL",396,1216,0.325657894736842,0.045,2015,1845
"1687-5966","International Journal of Aerospace Engineering","","0","NULL",102,88,1.15909090909091,0.224,2015,1845
"1687-5974","International Journal of Aerospace Engineering","Hindawi","0","",102,88,1.15909090909091,0.224,2015,1500
"1687-5974","International Journal of Aerospace Engineering","Hindawi","0","",102,88,1.15909090909091,0.224,2015,1250
"1687-5974","International Journal of Aerospace Engineering","Hindawi","0","",102,88,1.15909090909091,0.224,2015,1750
"1652-8670","International Journal of Ageing and Later Life","Linköping University Electronic Press","0","Social Sciences",69,38,1.81578947368421,0.393,2015,0
"1814-9596","International Journal of Agriculture and Biology","Friends Science Publ","0","NULL",930,805,1.15527950310559,0.223,2015,250
"1687-8167","International Journal of Agronomy","Hindawi Publishing Corporation","0","Agriculture",152,146,1.04109589041096,0.195,2015,1250
"1687-8167","International Journal of Agronomy","Hindawi Publishing Corporation","0","Agriculture",152,146,1.04109589041096,0.195,2015,600
"1687-8760","International Journal of Analytical Chemistry","","0","NULL",206,91,2.26373626373626,0.519,2015,1845
"1687-8779","International Journal of Analytical Chemistry","Hindawi Publishing Corporation","0","Science",206,91,2.26373626373626,0.519,2015,1500
"1687-8779","International Journal of Analytical Chemistry","Hindawi Publishing Corporation","0","Science",206,91,2.26373626373626,0.519,2015,1200
"1687-5869","International Journal of Antennas and Propagation","","0","NULL",1047,769,1.36150845253576,0.274,2015,1845
"1687-5877","International Journal of Antennas and Propagation","Hindawi Publishing Corporation","0","Technology",1047,769,1.36150845253576,0.274,2015,800
"1687-5877","International Journal of Antennas and Propagation","Hindawi Publishing Corporation","0","Technology",1047,769,1.36150845253576,0.274,2015,1200
"1687-5877","International Journal of Antennas and Propagation","Hindawi Publishing Corporation","0","Technology",1047,769,1.36150845253576,0.274,2015,1750
"2083-8492","International Journal of Applied Mathematics and Computer Science","De Gruyter Open","0","Science",660,316,2.08860759493671,0.469,2015,0
"1559-470X","International Journal of Applied Research in Veterinary Medicine","Veterinary Solutions, Llc","0","NULL",29,33,0.878787878787879,0.158,2015,0
"1559-470X","International Journal of Applied Research in Veterinary Medicine","Veterinary Solutions, Llc","0","NULL",29,33,0.878787878787879,0.158,2015,6000
"1532-7558","International Journal of Behavioral Medicine","Springer","1","NULL",969,333,2.90990990990991,0.712,2015,3000
"1479-5868","International Journal of Behavioral Nutrition and Physical Activity","Biomed Central","0","",5338,684,7.80409356725146,2.463,2015,2580
"1479-5868","International Journal of Behavioral Nutrition and Physical Activity","Biomed Central","0","",5338,684,7.80409356725146,2.463,2015,1625
"1479-5868","International Journal of Behavioral Nutrition and Physical Activity","Biomed Central","0","",5338,684,7.80409356725146,2.463,2015,2280
"1449-2288","International Journal of Biological Sciences","Self Owned - Non-Profit Society","0","",2572,551,4.66787658802178,1.29,2015,1350
"1449-2288","International Journal of Biological Sciences","Self Owned - Non-Profit Society","0","",2572,551,4.66787658802178,1.29,2015,1300
"1449-2288","International Journal of Biological Sciences","Self Owned - Non-Profit Society","0","",2572,551,4.66787658802178,1.29,2015,1485
"1687-8795","International Journal of Biomaterials","Hindawi Publishing Corporation","0","Science",264,103,2.56310679611651,0.607,2015,1000
"1687-8795","International Journal of Biomaterials","Hindawi Publishing Corporation","0","Science",264,103,2.56310679611651,0.607,2015,800
"1687-4196","International Journal of Biomedical Imaging","Hindawi Publishing Corporation","0","Medicine",460,193,2.38341968911917,0.554,2015,1000
"1687-4196","International Journal of Biomedical Imaging","Hindawi Publishing Corporation","0","Medicine",460,193,2.38341968911917,0.554,2015,800
"1432-1254","International Journal of Biometeorology","Springer","1","NULL",1635,532,3.07330827067669,0.763,2015,3000
"1811-9700","International Journal of Botany","Asian Network for Scientific Information (ansinet)","0","NULL",128,130,0.984615384615385,0.182,2015,1845
"1811-9719","International Journal of Botany","Asian Network for Scientific Information (ansinet)","0","NULL",128,130,0.984615384615385,0.182,2015,1845
"1687-935X","International Journal of Carbohydrate Chemistry","Hindawi Publishing Corporation","0","Science",113,44,2.56818181818182,0.608,2015,600
"1687-8884","International Journal of Cell Biology","Hindawi Publishing Corporation","0","Science",1303,232,5.61637931034483,1.628,2015,750
"1687-8884","International Journal of Cell Biology","Hindawi Publishing Corporation","0","Science",1303,232,5.61637931034483,1.628,2015,800
"1178-2005","International Journal of Chronic Obstructive Pulmonary Disease","Dove Medical Press","0","Medicine",1452,402,3.61194029850746,0.934,2015,2310
"1239-9736","International Journal of Circumpolar Health","Self Owned - Non-Profit Society","0","",544,356,1.52808988764045,0.317,2015,0
"1239-9736","International Journal of Circumpolar Health","Self Owned - Non-Profit Society","0","",544,356,1.52808988764045,0.317,2015,660
"1239-9736","International Journal of Circumpolar Health","Self Owned - Non-Profit Society","0","",544,356,1.52808988764045,0.317,2015,678
"2242-3982","International Journal of Circumpolar Health","Co-Action Publishing","0","Medicine",544,356,1.52808988764045,0.317,2015,1845
"2383-3874","International Journal of Civil Engineering","Springer","1","NULL",145,178,0.814606741573034,0.144,2015,3000
"1697-2600","International Journal of Clinical and Health Psychology","","0","NULL",385,153,2.51633986928105,0.593,2015,1845
"2174-0852","International Journal of Clinical and Health Psychology","Self Owned - Non-Profit Society","0","NULL",385,153,2.51633986928105,0.593,2015,0
"2174-0852","International Journal of Clinical and Health Psychology","Self Owned - Non-Profit Society","0","NULL",385,153,2.51633986928105,0.593,2015,600
"1437-7772","International Journal of Clinical Oncology","Springer","1","NULL",1231,614,2.00488599348534,0.446,2015,3000
"2210-7711","International Journal of Clinical Pharmacy","Springer","1","NULL",977,527,1.853889943074,0.404,2015,3000
"1432-1262","International Journal of Colorectal Disease","Springer","1","NULL",2618,1079,2.42632066728452,0.567,2015,3000
"1687-9171","International Journal of Combinatorics","Hindawi Publishing Corporation","0","Science",41,41,1,0.186,2015,600
"0975-8887","International Journal of Computer Applications","nan","0","NULL",8360,8604,0.97164109716411,0.179,2015,1845
"3994-5656","International Journal of Computer Applications","nan","0","NULL",8360,8604,0.97164109716411,0.179,2015,1845
"4092-5420","International Journal of Computer Applications","nan","0","NULL",8360,8604,0.97164109716411,0.179,2015,1845
"4398-6106","International Journal of Computer Applications","nan","0","NULL",8360,8604,0.97164109716411,0.179,2015,1845
"4570-6535","International Journal of Computer Applications","nan","0","NULL",8360,8604,0.97164109716411,0.179,2015,1845
"6776-9071","International Journal of Computer Applications","nan","0","NULL",8360,8604,0.97164109716411,0.179,2015,1845
"1861-6429","International Journal of Computer Assisted Radiology and Surgery","Springer","1","NULL",4,9,0.444444444444444,0.067,2015,3000
"1694-2310","International Journal of Computer Science and Information Technology","Athal Press & Media","0","NULL",409,301,1.35880398671096,0.273,2015,1845
"1694-2329","International Journal of Computer Science and Information Technology","Athal Press & Media","0","NULL",409,301,1.35880398671096,0.273,2015,1845
"1694-2345","International Journal of Computer Science and Information Technology","Athal Press & Media","0","NULL",409,301,1.35880398671096,0.273,2015,1845
"1694-2426","International Journal of Computer Science and Information Technology","Athal Press & Media","0","NULL",409,301,1.35880398671096,0.273,2015,1845
"1573-1405","International Journal of Computer Vision","Springer","1","NULL",4766,459,10.3834422657952,3.528,2015,3000
"1841-9836","International Journal of Computers Communications & Control","Self Owned - Non-Profit Society","0","",292,314,0.929936305732484,0.17,2015,0
"1841-9836","International Journal of Computers Communications & Control","Self Owned - Non-Profit Society","0","",292,314,0.929936305732484,0.17,2015,112
"1841-9844","International Journal of Computers Communications & Control","Agora University Editing House","0","NULL",292,314,0.929936305732484,0.17,2015,0
"2249-054X","International Journal of Computing and Corporate Research","nan","0","NULL",1,3,0.333333333333333,0.047,2015,1845
"1976-0485","International Journal of Concrete Structures and Materials","","0","NULL",196,110,1.78181818181818,0.384,2015,1845
"2234-1315","International Journal of Concrete Structures and Materials","Springer","0","Technology",196,110,1.78181818181818,0.384,2015,1845
"1864-1385","International Journal of Conflict and Violence","Self Owned - Non-Profit Society","0","",158,99,1.5959595959596,0.334,2015,0
"1687-9333","International Journal of Corrosion","Hindawi Publishing Corporation","0","Technology",140,106,1.32075471698113,0.264,2015,600
"1687-8736","International Journal of Dentistry","Hindawi Publishing Corporation","0","Medicine",797,417,1.91127098321343,0.42,2015,750
"1687-8736","International Journal of Dentistry","Hindawi Publishing Corporation","0","Medicine",797,417,1.91127098321343,0.42,2015,800
"1998-3832","International Journal of Diabetes in Developing Countries","Medknow Publications","0","NULL",141,154,0.915584415584416,0.166,2015,0
"1687-9651","International Journal of Differential Equations","Hindawi Publishing Corporation","0","Science",166,149,1.11409395973154,0.213,2015,1000
"1975-9339","International Journal of Digital Content Technology and Its Applications","Convergence Information Society","0","NULL",482,1520,0.317105263157895,0.044,2015,1845
"2233-9310","International Journal of Digital Content Technology and Its Applications","Convergence Information Society","0","NULL",482,1520,0.317105263157895,0.044,2015,1845
"1687-7586","International Journal of Digital Multimedia Broadcasting","Hindawi Publishing Corporation","0","Technology",121,101,1.1980198019802,0.233,2015,1000
"1687-7586","International Journal of Digital Multimedia Broadcasting","Hindawi Publishing Corporation","0","Technology",121,101,1.1980198019802,0.233,2015,600
"1550-1477","International Journal of Distributed Sensor Networks","SAGE Publishing","0","Science",2146,1257,1.70723945902943,0.364,2015,1000
"1550-1477","International Journal of Distributed Sensor Networks","SAGE Publishing","0","Science",2146,1257,1.70723945902943,0.364,2015,1200
"1550-1477","International Journal of Distributed Sensor Networks","SAGE Publishing","0","Science",2146,1257,1.70723945902943,0.364,2015,2000
"1878-4658","International Journal of Early Childhood","Springer","1","NULL",115,84,1.36904761904762,0.276,2015,3000
"1437-3262","International Journal of Earth Sciences","Springer","1","NULL",1385,607,2.28171334431631,0.524,2015,3000
"1687-9716","International Journal of Ecology","Hindawi Publishing Corporation","0","Science",189,107,1.76635514018692,0.38,2015,750
"1687-9716","International Journal of Ecology","Hindawi Publishing Corporation","0","Science",189,107,1.76635514018692,0.38,2015,600
"0972-9984","International Journal of Ecology & Development","CESER Publications","0","NULL",14,41,0.341463414634146,0.048,2015,1845
"0973-7308","International Journal of Ecology & Development","CESER Publications","0","NULL",14,41,0.341463414634146,0.048,2015,1845
"2365-9440","International Journal of Educational Technology in Higher Education","Springer","0","Education",169,147,1.14965986394558,0.221,2015,0
"2158-7566","International Journal of Electrical and Power Engineering","Association of Computer Electronics and Electrical Engineers (ACEEE)","0","NULL",17,32,0.53125,0.084,2015,1845
"2158-7574","International Journal of Electrical and Power Engineering","Association of Computer Electronics and Electrical Engineers (ACEEE)","0","NULL",17,32,0.53125,0.084,2015,1845
"1452-3981","International Journal of Electrochemical Science","nan","0","NULL",496,276,1.79710144927536,0.388,2015,652
"1452-3981","International Journal of Electrochemical Science","nan","0","NULL",496,276,1.79710144927536,0.388,2015,661
"1452-3981","International Journal of Electrochemical Science","nan","0","NULL",496,276,1.79710144927536,0.388,2015,559
"2300-1933","International Journal of Electronics and Telecommunications","Polish Academy of Sciences","0","Technology",112,187,0.598930481283422,0.097,2015,1845
"1865-1380","International Journal of Emergency Medicine","Springer","0","Medicine",474,289,1.6401384083045,0.346,2015,1340
"1865-1380","International Journal of Emergency Medicine","Springer","0","Medicine",474,289,1.6401384083045,0.346,2015,1600
"1865-1380","International Journal of Emergency Medicine","Springer","0","Medicine",474,289,1.6401384083045,0.346,2015,1326
"1687-8337","International Journal of Endocrinology","","0","NULL",1947,641,3.03744149765991,0.752,2015,1845
"1687-8345","International Journal of Endocrinology","Hindawi Publishing Corporation","0","Medicine",1947,641,3.03744149765991,0.752,2015,1200
"1687-8345","International Journal of Endocrinology","Hindawi Publishing Corporation","0","Medicine",1947,641,3.03744149765991,0.752,2015,1500
"1687-8345","International Journal of Endocrinology","Hindawi Publishing Corporation","0","Medicine",1947,641,3.03744149765991,0.752,2015,1750
"2008-2304","International Journal of Environmental Research","Univ Tehran","0","NULL",764,535,1.42803738317757,0.291,2015,0
"1660-4601","International Journal of Environmental Research and Public Health","Mdpi","0","NULL",6651,2005,3.31720698254364,0.84,2015,1066
"1735-2630","International Journal of Environmental Science and Technology","Springer","1","NULL",1704,584,2.91780821917808,0.714,2015,0
"1735-2630","International Journal of Environmental Science and Technology","Springer","1","NULL",1704,584,2.91780821917808,0.714,2015,3000
"2090-052X","International Journal of Evolutionary Biology","Hindawi Publishing Corporation","0","Science",311,142,2.19014084507042,0.498,2015,800
"2090-2050","International Journal of Family Medicine","Hindawi Publishing Corporation","0","Medicine",154,91,1.69230769230769,0.36,2015,750
"1687-9376","International Journal of Forestry Research","Hindawi Publishing Corporation","0","Agriculture",206,129,1.5968992248062,0.335,2015,750
"1687-9376","International Journal of Forestry Research","Hindawi Publishing Corporation","0","Agriculture",206,129,1.5968992248062,0.335,2015,600
"1573-2673","International Journal of Fracture","Springer","1","NULL",1164,526,2.21292775665399,0.505,2015,3000
"2199-3211","International Journal of Fuzzy Systems","Springer","1","NULL",209,141,1.4822695035461,0.305,2015,3000
"1432-1270","International Journal of Game Theory","Springer","1","NULL",261,203,1.28571428571429,0.255,2015,3000
"1687-8868","International Journal of Geophysics","Hindawi Publishing Corporation","0","Science",169,147,1.14965986394558,0.221,2015,1000
"1687-8868","International Journal of Geophysics","Hindawi Publishing Corporation","0","Science",169,147,1.14965986394558,0.221,2015,600
"1873-9598","International Journal of Gerontology","","0","NULL",140,170,0.823529411764706,0.146,2015,1845
"1998-4103","International Journal of Green Pharmacy","Medknow Publications","0","Medicine",164,206,0.796116504854369,0.139,2015,1845
"1476-072X","International Journal of Health Geographics","Biomed Central","0","",1197,298,4.01677852348993,1.068,2015,2145
"1476-072X","International Journal of Health Geographics","Biomed Central","0","",1197,298,4.01677852348993,1.068,2015,1625
"1476-072X","International Journal of Health Geographics","Biomed Central","0","",1197,298,4.01677852348993,1.068,2015,1730
"1574-9282","International Journal of Hindu Studies","Springer","1","NULL",17,31,0.548387096774194,0.087,2015,3000
"1573-7748","International Journal of Historical Archaeology","Springer","1","NULL",114,156,0.730769230769231,0.125,2015,3000
"0972-3757","International Journal of Human Genetics","KAMLA-RAJ ENTERPRISES","0","",5,3,1.66666666666667,0.353,2015,75
"2090-0392","International Journal of Hypertension","Hindawi Publishing Corporation","0","Medicine",776,275,2.82181818181818,0.685,2015,1000
"1923-2934","International Journal of Industrial Engineering Computations","Growing Science","0","Technology",394,232,1.69827586206897,0.362,2015,0
"1201-9712","International Journal of Infectious Diseases","","0","NULL",3455,1517,2.27752142386289,0.523,2015,1845
"1878-3511","International Journal of Infectious Diseases","Elsevier","0","Medicine",3455,1517,2.27752142386289,0.523,2015,1750
"2042-0099","International Journal of Inflammation","Hindawi Publishing Corporation","0","Medicine",554,154,3.5974025974026,0.93,2015,750
"2074-9031","International Journal of Information Engineering and Electronic Business","MECS Publisher","0","Science",310,323,0.959752321981424,0.176,2015,1845
"2093-4009","International Journal of Information Processing and Management","Convergence Information Society","0","NULL",46,103,0.446601941747573,0.067,2015,1845
"2233-940X","International Journal of Information Processing and Management","Convergence Information Society","0","NULL",46,103,0.446601941747573,0.067,2015,1845
"1615-5270","International Journal of Information Security","Springer","1","NULL",291,136,2.13970588235294,0.484,2015,3000
"1179-5433","International Journal of Insect Science","Libertas Academica","0","Science",4,17,0.235294117647059,0.03,2015,1699
"1568-4156","International Journal of Integrated Care","Ubiquity Press","0","Medicine",482,344,1.40116279069767,0.284,2015,1625
"2074-9058","International Journal of Intelligent Systems and Applications","MECS Publisher","0","Science",400,311,1.28617363344051,0.255,2015,1845
"1868-8659","International Journal of Intelligent Transportation Systems Research","Springer","1","NULL",74,56,1.32142857142857,0.264,2015,3000
"1437-1596","International Journal of Legal Medicine","Springer","1","NULL",1814,633,2.86571879936809,0.698,2015,3000
"1960-6214","International Journal of Material Forming","Springer","1","NULL",501,422,1.18720379146919,0.231,2015,3000
"1687-0425","International Journal of Mathematics and Mathematical Sciences","Hindawi Publishing Corporation","0","Science",233,327,0.712538226299694,0.121,2015,750
"1687-0425","International Journal of Mathematics and Mathematical Sciences","Hindawi Publishing Corporation","0","Science",233,327,0.712538226299694,0.121,2015,600
"1573-8841","International Journal of Mechanics and Materials in Design","Springer","1","NULL",228,136,1.67647058823529,0.356,2015,3000
"0974-5343","International Journal of Medical Sciences","Ivyspring Int Publ","0","NULL",1817,675,2.69185185185185,0.646,2015,1405
"1449-1907","International Journal of Medical Sciences","","0","NULL",1817,675,2.69185185185185,0.646,2015,1845
"1557-1882","International Journal of Mental Health and Addiction","Springer","1","NULL",647,276,2.34420289855072,0.542,2015,3000
"1752-4458","International Journal of Mental Health Systems","BioMed Central Ltd","0","",432,163,2.65030674846626,0.633,2015,2145
"1752-4458","International Journal of Mental Health Systems","BioMed Central Ltd","0","",432,163,2.65030674846626,0.633,2015,1625
"2163-3193","International Journal of Metalcasting","Springer","1","NULL",49,83,0.590361445783133,0.096,2015,3000
"1756-8293","International Journal of Micro Air Vehicles","","0","NULL",77,67,1.14925373134328,0.221,2015,1845
"1756-8307","International Journal of Micro Air Vehicles","SAGE Publishing","0","Technology",77,67,1.14925373134328,0.221,2015,1200
"1687-5834","International Journal of Microwave Science and Technology","Hindawi Publishing Corporation","0","Technology",61,55,1.10909090909091,0.212,2015,750
"1687-5834","International Journal of Microwave Science and Technology","Hindawi Publishing Corporation","0","Technology",61,55,1.10909090909091,0.212,2015,600
"2075-017X","International Journal of Modern Education and Computer Science","MECS Publisher","0","Science",281,215,1.30697674418605,0.26,2015,1845
"2090-1720","International Journal of Molecular Imaging","Hindawi Publishing Corporation","0","Medicine",132,78,1.69230769230769,0.36,2015,800
"1422-0067","International Journal of Molecular Sciences","Molecular Diversity Preservation International","0","Molecular and Cell Biology",17021,4740,3.59092827004219,0.928,2015,1493
"1422-0067","International Journal of Molecular Sciences","Molecular Diversity Preservation International","0","Molecular and Cell Biology",17021,4740,3.59092827004219,0.928,2015,1718
"1422-0067","International Journal of Molecular Sciences","Molecular Diversity Preservation International","0","Molecular and Cell Biology",17021,4740,3.59092827004219,0.928,2015,1846.53
"0717-9502","International Journal of Morphology","SciELO","0","",545,960,0.567708333333333,0.091,2015,0
"0717-9502","International Journal of Morphology","SciELO","0","",545,960,0.567708333333333,0.091,2015,4500
"2192-662X","International Journal of Multimedia Information Retrieval","Springer","1","NULL",135,47,2.87234042553191,0.7,2015,3000
"1178-2013","International Journal of Nanomedicine","Dove Medical Press","0","Medicine",9163,1862,4.92105263157895,1.379,2015,2200
"2092-6782","International Journal of Naval Architecture and Ocean Engineering","","0","NULL",186,192,0.96875,0.178,2015,1845
"1687-6008","International Journal of Navigation and Observation","Hindawi Publishing Corporation","0","Geography. Anthropology. Recreation",99,60,1.65,0.349,2015,600
"2090-2158","International Journal of Nephrology","Hindawi Publishing Corporation","0","Medicine",514,260,1.97692307692308,0.438,2015,1000
"1178-7058","International Journal of Nephrology and Renovascular Disease","Dove Medical Press","0","Medicine",270,132,2.04545454545455,0.457,2015,1958
"1816-353X","International Journal of Network Security","nan","0","NULL",434,217,2,0.444,2015,1845
"1816-3548","International Journal of Network Security","nan","0","NULL",434,217,2,0.444,2015,1845
"2152-5064","International Journal of Network Security","Association of Computer Electronics and Electrical Engineers (ACEEE)","0","NULL",434,217,2,0.444,2015,1845
"2152-5072","International Journal of Network Security","Association of Computer Electronics and Electrical Engineers (ACEEE)","0","NULL",434,217,2,0.444,2015,1845
"1232-1087","International Journal of Occupational Medicine and Environmental Health","","0","NULL",429,298,1.43959731543624,0.294,2015,1845
"1896-494X","International Journal of Occupational Medicine and Environmental Health","Nofer Institute of Occupational Medicine","0","Medicine",429,298,1.43959731543624,0.294,2015,0
"1896-494X","International Journal of Occupational Medicine and Environmental Health","Nofer Institute of Occupational Medicine","0","Medicine",429,298,1.43959731543624,0.294,2015,582.4
"1687-9414","International Journal of Oceanography","Hindawi Publishing Corporation","0","Geography. Anthropology. Recreation",55,44,1.25,0.246,2015,600
"2222-3959","International Journal of Ophthalmology","","0","NULL",688,623,1.10433386837881,0.21,2015,1845
"2227-4898","International Journal of Ophthalmology","Press of International Journal of Ophthalmology (IJO PRESS)","0","Medicine",688,623,1.10433386837881,0.21,2015,1845
"1687-9392","International Journal of Optics","Hindawi Publishing Corporation","0","Science",82,98,0.836734693877551,0.148,2015,1000
"1687-9392","International Journal of Optics","Hindawi Publishing Corporation","0","Science",82,98,0.836734693877551,0.148,2015,600
"1674-2818","International Journal of Oral Science","","0","NULL",657,179,3.67039106145251,0.954,2015,1845
"2049-3169","International Journal of Oral Science","Nature Publishing Group","0","nan",657,179,3.67039106145251,0.954,2015,3445
"1994-5442","International Journal of Osteoporosis and Metabolic Disorders","Asian Network for Scientific Information (ansinet)","0","NULL",4,7,0.571428571428571,0.092,2015,1845
"2077-2157","International Journal of Osteoporosis and Metabolic Disorders","Asian Network for Scientific Information (ansinet)","0","NULL",4,7,0.571428571428571,0.092,2015,1845
"1687-921X","International Journal of Otolaryngology","Hindawi Publishing Corporation","0","Medicine",316,160,1.975,0.437,2015,750
"1573-7640","International Journal of Parallel Programming","Springer","1","NULL",238,153,1.55555555555556,0.324,2015,3000
"1195-1286","International Journal of Pediatrics","nan","0","NULL",636,364,1.74725274725275,0.375,2015,1845
"1305-1438","International Journal of Pediatrics","nan","0","NULL",636,364,1.74725274725275,0.375,2015,1845
"1439-1581","International Journal of Pediatrics","nan","0","NULL",636,364,1.74725274725275,0.375,2015,1845
"1583-1670","International Journal of Pediatrics","nan","0","NULL",636,364,1.74725274725275,0.375,2015,1845
"1671-1828","International Journal of Pediatrics","nan","0","NULL",636,364,1.74725274725275,0.375,2015,1845
"1687-9759","International Journal of Pediatrics","Hindawi Publishing Corporation","0","Medicine",636,364,1.74725274725275,0.375,2015,1000
"1687-9759","International Journal of Pediatrics","Hindawi Publishing Corporation","0","Medicine",636,364,1.74725274725275,0.375,2015,800
"1829-2025","International Journal of Pediatrics","nan","0","NULL",636,364,1.74725274725275,0.375,2015,1845
"2027-2279","International Journal of Pediatrics","nan","0","NULL",636,364,1.74725274725275,0.375,2015,1845
"2281-3361","International Journal of Pediatrics","nan","0","NULL",636,364,1.74725274725275,0.375,2015,1845
"2345-5047","International Journal of Pediatrics","nan","0","NULL",636,364,1.74725274725275,0.375,2015,1845
"2345-5055","International Journal of Pediatrics","nan","0","NULL",636,364,1.74725274725275,0.375,2015,1845
"3363-3577","International Journal of Pediatrics","nan","0","NULL",636,364,1.74725274725275,0.375,2015,1845
"3579-3733","International Journal of Pediatrics","nan","0","NULL",636,364,1.74725274725275,0.375,2015,1845
"3735-3740","International Journal of Pediatrics","nan","0","NULL",636,364,1.74725274725275,0.375,2015,1845
"3735-3956","International Journal of Pediatrics","nan","0","NULL",636,364,1.74725274725275,0.375,2015,1845
"3741-3749","International Journal of Pediatrics","nan","0","NULL",636,364,1.74725274725275,0.375,2015,1845
"3751-3758","International Journal of Pediatrics","nan","0","NULL",636,364,1.74725274725275,0.375,2015,1845
"3759-3767","International Journal of Pediatrics","nan","0","NULL",636,364,1.74725274725275,0.375,2015,1845
"3769-3775","International Journal of Pediatrics","nan","0","NULL",636,364,1.74725274725275,0.375,2015,1845
"3777-3785","International Journal of Pediatrics","nan","0","NULL",636,364,1.74725274725275,0.375,2015,1845
"3787-3814","International Journal of Pediatrics","nan","0","NULL",636,364,1.74725274725275,0.375,2015,1845
"3815-3836","International Journal of Pediatrics","nan","0","NULL",636,364,1.74725274725275,0.375,2015,1845
"3837-3846","International Journal of Pediatrics","nan","0","NULL",636,364,1.74725274725275,0.375,2015,1845
"3847-3857","International Journal of Pediatrics","nan","0","NULL",636,364,1.74725274725275,0.375,2015,1845
"3859-3874","International Journal of Pediatrics","nan","0","NULL",636,364,1.74725274725275,0.375,2015,1845
"3875-3895","International Journal of Pediatrics","nan","0","NULL",636,364,1.74725274725275,0.375,2015,1845
"3897-3906","International Journal of Pediatrics","nan","0","NULL",636,364,1.74725274725275,0.375,2015,1845
"3907-3916","International Journal of Pediatrics","nan","0","NULL",636,364,1.74725274725275,0.375,2015,1845
"3917-3924","International Journal of Pediatrics","nan","0","NULL",636,364,1.74725274725275,0.375,2015,1845
"3925-3939","International Journal of Pediatrics","nan","0","NULL",636,364,1.74725274725275,0.375,2015,1845
"3941-3948","International Journal of Pediatrics","nan","0","NULL",636,364,1.74725274725275,0.375,2015,1845
"3949-3956","International Journal of Pediatrics","nan","0","NULL",636,364,1.74725274725275,0.375,2015,1845
"1573-3904","International Journal of Peptide Research and Therapeutics","Springer","1","NULL",229,187,1.22459893048128,0.24,2015,3000
"1687-9775","International Journal of Peptides","Hindawi Publishing Corporation","0","Science",208,84,2.47619047619048,0.581,2015,800
"1811-7775","International Journal of Pharmacology","Asian Network for Scientific Information (ansinet)","0","NULL",494,410,1.20487804878049,0.235,2015,1845
"1812-5700","International Journal of Pharmacology","Asian Network for Scientific Information (ansinet)","0","NULL",494,410,1.20487804878049,0.235,2015,1845
"1110-662X","International Journal of Photoenergy","","0","NULL",1393,907,1.53583241455347,0.319,2015,1845
"1687-529X","International Journal of Photoenergy","Hindawi","0","",1393,907,1.53583241455347,0.319,2015,800
"1687-529X","International Journal of Photoenergy","Hindawi","0","",1393,907,1.53583241455347,0.319,2015,1200
"1687-529X","International Journal of Photoenergy","Hindawi","0","",1393,907,1.53583241455347,0.319,2015,1500
"1687-529X","International Journal of Photoenergy","Hindawi","0","",1393,907,1.53583241455347,0.319,2015,1250
"1992-1950","International Journal of Physical Sciences","Academic Journals","0","NULL",656,649,1.01078582434515,0.188,2015,550
"2331-1827","International Journal of Physical Sciences","Academe Research Journals","0","NULL",656,649,1.01078582434515,0.188,2015,1845
"1687-5389","International Journal of Plant Genomics","Hindawi","0","NULL",129,36,3.58333333333333,0.925,2015,800
"1687-9422","International Journal of Polymer Science","","0","NULL",465,239,1.94560669456067,0.429,2015,1845
"1687-9430","International Journal of Polymer Science","Hindawi Publishing Corporation","0","Technology",465,239,1.94560669456067,0.429,2015,1750
"1687-9430","International Journal of Polymer Science","Hindawi Publishing Corporation","0","Technology",465,239,1.94560669456067,0.429,2015,1250
"1682-8356","International Journal of Poultry Science","Asian Network for Scientific Information (ansinet)","0","NULL",506,588,0.860544217687075,0.154,2015,1845
"1994-7992","International Journal of Poultry Science","Asian Network for Scientific Information (ansinet)","0","NULL",506,588,0.860544217687075,0.154,2015,1845
"1573-8604","International Journal of Primatology","Springer","1","NULL",836,382,2.18848167539267,0.498,2015,3000
"2090-2174","International Journal of Proteomics","Hindawi Publishing Corporation","0","Science",227,89,2.55056179775281,0.603,2015,800
"1661-8564","International Journal of Public Health","Springer","1","NULL",1453,505,2.87722772277228,0.702,2015,3000
"1687-7209","International Journal of Reconfigurable Computing","Hindawi Publishing Corporation","0","Technology",79,80,0.9875,0.183,2015,1000
"1687-7209","International Journal of Reconfigurable Computing","Hindawi Publishing Corporation","0","Technology",79,80,0.9875,0.183,2015,600
"1687-9279","International Journal of Rheumatology","Hindawi Publishing Corporation","0","Medicine",459,140,3.27857142857143,0.827,2015,800
"1542-3034","International Journal of Rotating Machinery","Hindawi Publishing Corporation","0","Technology",126,111,1.13513513513514,0.218,2015,1000
"1542-3034","International Journal of Rotating Machinery","Hindawi Publishing Corporation","0","Technology",126,111,1.13513513513514,0.218,2015,600
"1573-1774","International Journal of Science and Mathematics Education","Springer","1","NULL",606,292,2.07534246575342,0.465,2015,3000
"0973-6042","International Journal of Shoulder Surgery","Medknow Publications","0","Medicine",170,107,1.58878504672897,0.333,2015,0
"1947-542X","International Journal of Smart and Nano Materials","Taylor & Francis Group","0","Technology",158,94,1.68085106382979,0.357,2015,1500
"1875-4805","International Journal of Social Robotics","Springer","0","",667,196,3.4030612244898,0.867,2015,3000
"1687-9457","International Journal of Spectroscopy","Hindawi Publishing Corporation","0","Science",123,110,1.11818181818182,0.214,2015,1000
"1687-9457","International Journal of Spectroscopy","Hindawi Publishing Corporation","0","Science",123,110,1.11818181818182,0.214,2015,600
"1572-8110","International Journal of Speech Technology","Springer","1","NULL",232,137,1.69343065693431,0.36,2015,3000
"0392-6672","International Journal of Speleology","","0","NULL",200,112,1.78571428571429,0.385,2015,1845
"1827-806X","International Journal of Speleology","Società Speleologica Italiana","0","Science",200,112,1.78571428571429,0.385,2015,0
"1756-8277","International Journal of Spray and Combustion Dynamics","","0","NULL",83,69,1.20289855072464,0.234,2015,1845
"1756-8285","International Journal of Spray and Combustion Dynamics","SAGE Publishing","0","Technology",83,69,1.20289855072464,0.234,2015,1200
"1867-223X","International Journal of Stomatology & Occlusion Medicine","Springer","1","NULL",32,59,0.542372881355932,0.086,2015,3000
"2210-2612","International Journal of Surgery Case Reports","Elsevier","0","Medicine",777,796,0.976130653266332,0.18,2015,1845
"2090-1410","International Journal of Surgical Oncology","Hindawi Publishing Corporation","0","Medicine",345,157,2.19745222929936,0.5,2015,750
"1573-1804","International Journal of Technology and Design Education","Springer","1","NULL",302,174,1.73563218390805,0.372,2015,3000
"1687-6423","International Journal of Telemedicine and Applications","Hindawi Publishing Corporation","0","Medicine",213,93,2.29032258064516,0.527,2015,1000
"1687-6423","International Journal of Telemedicine and Applications","Hindawi Publishing Corporation","0","Medicine",213,93,2.29032258064516,0.527,2015,800
"1945-2020","International Journal of Telerehabilitation","University Library System, University of Pittsburgh","0","Medicine",50,40,1.25,0.246,2015,0
"1874-6292","International Journal of the Classical Tradition","Springer","1","NULL",8,19,0.421052631578947,0.063,2015,3000
"1572-9575","International Journal of Theoretical Physics","Springer","1","NULL",1751,1509,1.16037110669317,0.224,2015,3000
"1572-9567","International Journal of Thermophysics","Springer","1","NULL",1019,856,1.19042056074766,0.231,2015,3000
"1687-5710","International Journal of Vehicular Technology","Hindawi Publishing Corporation","0","Technology",105,67,1.56716417910448,0.327,2015,750
"1572-8129","International Journal of Wireless Information Networks","Springer","1","NULL",187,102,1.83333333333333,0.398,2015,3000
"2231-2714","International Journal of Yoga","Medknow Publications","0","Medicine",176,102,1.72549019607843,0.369,2015,1845
"1811-9786","International Journal of Zoological Research","Academic Journals Inc. ","0","Science",51,61,0.836065573770492,0.148,2015,1845
"1687-8485","International Journal of Zoology","Hindawi Publishing Corporation","0","Science",98,81,1.20987654320988,0.236,2015,750
"1687-8485","International Journal of Zoology","Hindawi Publishing Corporation","0","Science",98,81,1.20987654320988,0.236,2015,600
"1432-1300","International Journal on Digital Libraries","Springer","1","NULL",71,51,1.3921568627451,0.282,2015,3000
"1955-2505","International Journal on Interactive Design and Manufacturing (Ijidem)","Springer","1","NULL",135,121,1.11570247933884,0.213,2015,3000
"1433-2787","International Journal on Software Tools for Technology Transfer","Springer","1","NULL",316,159,1.9874213836478,0.441,2015,3000
"1618-1905","International Microbiology","Spanish Society Microbiology","0","NULL",258,118,2.1864406779661,0.497,2015,885
"1618-1905","International Microbiology","Spanish Society Microbiology","0","NULL",258,118,2.1864406779661,0.497,2015,0
"1573-2630","International Ophthalmology","Springer","1","NULL",648,559,1.15921288014311,0.224,2015,3000
"1432-5195","International Orthopaedics","Springer","1","NULL",4792,1574,3.04447268106734,0.754,2015,3000
"1931-2393","International Perspectives on Sexual and Reproductive Health","Alan Guttmacher Inst","0","NULL",325,117,2.77777777777778,0.672,2015,0
"2283-9887","International Political Anthropology","Ficino Press","0","Geography. Anthropology. Recreation",0,1,0,0,2015,1845
"1863-4613","International Review of Economics","Springer","1","NULL",94,91,1.03296703296703,0.193,2015,3000
"1573-0638","International Review of Education","Springer","1","NULL",247,179,1.37988826815642,0.279,2015,3000
"1865-1992","International Review on Public and Nonprofit Marketing","Springer","1","NULL",78,68,1.14705882352941,0.221,2015,3000
"1477-7800","International Seminars in Surgical Oncology","Biomed Central Ltd","0","NULL",2,1,2,0.444,2015,1625
"1573-6970","International Tax and Public Finance","Springer","1","NULL",401,189,2.12169312169312,0.479,2015,3000
"1433-3023","International Urogynecology Journal","Springer","1","NULL",2804,1284,2.18380062305296,0.496,2015,3000
"1573-2584","International Urology and Nephrology","Springer","1","NULL",1736,1109,1.5653742110009,0.326,2015,3000
"1363-5387","Internet Archaeology","University of York","0","Auxiliary sciences of history",47,52,0.903846153846154,0.164,2015,845
"2214-7829","Internet Interventions","Elsevier","0","Technology",116,29,4,1.063,2015,1845
"1432-1297","Inventiones Mathematicae","Springer","1","NULL",1257,294,4.27551020408163,1.155,2015,3000
"1439-1104","Invertebrate Neuroscience","Springer","1","NULL",88,62,1.41935483870968,0.289,2015,3000
"0187-358X","Investigacion Bibliotecologica","","0","NULL",36,68,0.529411764705882,0.083,2015,1845
"0185-1667","Investigacion Economica","Univ Nacional Autonoma Mexico","0","Economics",56,64,0.875,0.157,2015,0
"1573-0646","Investigational New Drugs","Springer","1","NULL",2675,874,3.06064073226545,0.759,2015,3000
"2041-2223","Investigative Genetics","Biomed Central Ltd","0","NULL",255,79,3.22784810126582,0.811,2015,1970
"1862-0760","Ionics","Springer","1","NULL",1469,738,1.99051490514905,0.442,2015,3000
"1882-6695","Ipsj Transactions on Computer Vision and Applications","Springer","0","NULL",84,83,1.01204819277108,0.189,2015,800
"2008-3866","Iranian Journal of Basic Medical Sciences","","0","NULL",708,438,1.61643835616438,0.34,2015,1845
"1735-3688","Iranian Journal of Medical Sciences","Shiraz University of Medical Sciences","0","Medicine",245,227,1.07929515418502,0.204,2015,0
"2345-2714","Iranian Journal of Ophthalmology","Iranian Society of Ophthalmology","0","Medicine",23,44,0.522727272727273,0.082,2015,1845
"1735-7020","Iranian Journal of Parasitology","","0","NULL",389,272,1.43014705882353,0.291,2015,1845
"2008-2150","Iranian Journal of Pediatrics","Tehran University of Medical Sciences (Tums) Publications","0","NULL",446,454,0.982378854625551,0.182,2015,0
"1735-0328","Iranian Journal of Pharmaceutical Research","Self Owned - Non-Profit Society","0","",1405,864,1.62615740740741,0.342,2015,0
"1735-0328","Iranian Journal of Pharmaceutical Research","Self Owned - Non-Profit Society","0","",1405,864,1.62615740740741,0.342,2015,150
"2251-6093","Iranian Journal of Public Health","Iranian Public Health Association","0","NULL",814,636,1.27987421383648,0.253,2015,0
"1680-6433","Iranian Journal of Reproductive Medicine","Self Owned - Non-Profit Society","0","",324,326,0.993865030674847,0.184,2015,0
"2008-2177","Iranian Journal of Reproductive Medicine","Shahid Sadoghi University of Medical Sciences of Yazd","0","Medicine",324,326,0.993865030674847,0.184,2015,1845
"1735-5265","Iranian Polymer Journal","Springer","1","NULL",501,272,1.84191176470588,0.401,2015,3000
"1735-6265","Iranian Polymer Journal","Iran Polymer and Petrochemical Institute","0","NULL",501,272,1.84191176470588,0.401,2015,0
"2074-1812","Iranian Red Crescent Medical Journal","Self Owned - Non-Profit Society","0","NULL",1038,869,1.19447640966628,0.232,2015,0
"1959-0318","Irbm","Elsevier","0","",209,181,1.15469613259669,0.223,2015,3000
"2009-9029","Irish Journal of Agricultural and Food Research","De Gruyter Open","0","Agriculture",15,16,0.9375,0.171,2015,1845
"0368-0762","Irish Veterinary Journal","","0","NULL",159,94,1.69148936170213,0.36,2015,1845
"2046-0481","Irish Veterinary Journal","BioMed Central","0","Agriculture",159,94,1.69148936170213,0.36,2015,2145
"2046-0481","Irish Veterinary Journal","BioMed Central","0","Agriculture",159,94,1.69148936170213,0.36,2015,1625
"1432-1319","Irrigation Science","Springer","1","NULL",678,256,2.6484375,0.633,2015,3000
"1565-1088","Israel Medical Association Journal","Israel Medical Association","0","Medicine",950,819,1.15995115995116,0.224,2015,0
"1565-1088","Israel Medical Association Journal","Israel Medical Association","0","Medicine",950,819,1.15995115995116,0.224,2015,25
"1594-4077","Italian Journal of Animal Science","","0","NULL",644,907,0.710033076074972,0.121,2015,1845
"1828-051X","Italian Journal of Animal Science","PAGEPress Publications","0","Agriculture",644,907,0.710033076074972,0.121,2015,807
"1828-051X","Italian Journal of Animal Science","PAGEPress Publications","0","Agriculture",644,907,0.710033076074972,0.121,2015,793
"1120-1770","Italian Journal of Food Science","","0","NULL",68,74,0.918918918918919,0.167,2015,1845
"1877-9352","Italian Journal of Medicine","PAGEPress Publications","0","Medicine",51,110,0.463636363636364,0.071,2015,0
"1720-8424","Italian Journal of Pediatrics","","0","NULL",816,377,2.16445623342175,0.491,2015,1845
"2193-9039","IZA Journal of Migration","Springer","0","Political science",147,57,2.57894736842105,0.612,2015,0
"1868-937X","Japan Journal of Industrial and Applied Mathematics","Springer","1","NULL",91,109,0.834862385321101,0.148,2015,3000
"1884-2836","Japanese Journal of Infectious Diseases","Natl Inst Infectious Diseases","0","NULL",878,531,1.65348399246704,0.35,2015,0
"1572-8579","Jewish History","Springer","1","NULL",8,35,0.228571428571429,0.029,2015,3000
"1543-1851","Jom","Springer","1","NULL",2052,985,2.08324873096447,0.468,2015,3000
"1678-4774","Jornal Brasileiro De Patologia E Medicina Laboratorial","Sociedade Brasileira de Patologia Clínica","0","Medicine",111,168,0.660714285714286,0.11,2015,0
"1806-3713","Jornal Brasileiro De Pneumologia","","0","NULL",805,527,1.52751423149905,0.317,2015,1845
"1806-3756","Jornal Brasileiro De Pneumologia","Sociedade Brasileira de Pneumologia e Tisiologia","0","Medicine",805,527,1.52751423149905,0.317,2015,0
"1982-0208","Jornal Brasileiro De Psiquiatria","Universidade Federal do Rio de Janeiro","0","Medicine",239,190,1.25789473684211,0.248,2015,0
"0021-7557","Jornal De Pediatria","","0","NULL",1143,567,2.01587301587302,0.449,2015,1845
"1678-4782","Jornal De Pediatria","Sociedade Brasileira de Pediatria","0","Medicine",1143,567,2.01587301587302,0.449,2015,0
"1677-7301","Jornal Vascular Brasileiro","Sociedade Brasileira de Angiologia e de Cirurgia Vascular (SBACV)","0","Medicine",158,170,0.929411764705882,0.169,2015,0
"1572-8587","Journal for General Philosophy of Science","Springer","1","NULL",60,84,0.714285714285714,0.122,2015,3000
"1573-2835","Journal of Abnormal Child Psychology","Springer","1","NULL",2725,524,5.20038167938931,1.478,2015,3000
"1572-8544","Journal of Academic Ethics","Springer","1","NULL",134,101,1.32673267326733,0.265,2015,3000
"1573-3440","Journal of Adult Development","Springer","1","NULL",203,104,1.95192307692308,0.431,2015,3000
"2090-1224","Journal of Advanced Research","Elsevier","0","General Works",651,232,2.80603448275862,0.68,2015,1845
"2042-3195","Journal of Advanced Transportation","Hindawi","0","NULL",350,187,1.8716577540107,0.409,2015,1500
"1942-2466","Journal of Advances in Modeling Earth Systems","Wiley","0","Geography. Anthropology. Recreation",1192,185,6.44324324324324,1.935,2015,50
"2175-9146","Journal of Aerospace Technology and Management","Instituto de Aeronáutica e Espaço","0","Technology",114,147,0.775510204081633,0.135,2015,1845
"2000-4214","Journal of Aesthetics & Culture","Co-Action Publishing","0","Fine Arts",24,29,0.827586206896552,0.146,2015,1845
"1936-4741","Journal of African American Studies","Springer","1","NULL",127,126,1.00793650793651,0.188,2015,3000
"2090-2212","Journal of Aging Research","Hindawi Publishing Corporation","0","Medicine",1066,286,3.72727272727273,0.972,2015,750
"2161-6256","Journal of Agricultural Science and Technology","David Publishing","0","NULL",931,817,1.13953488372093,0.219,2015,1845
"2161-6264","Journal of Agricultural Science and Technology","David Publishing","0","NULL",931,817,1.13953488372093,0.219,2015,1845
"1612-9830","Journal of Agriculture and Rural Development in the Tropics and Subtropics","Kassel Univ Press Gmbh","0","NULL",37,28,1.32142857142857,0.264,2015,0
"2363-6033","Journal of Agriculture and Rural Development in the Tropics and Subtropics","Kassel University Press","0","Agriculture",37,28,1.32142857142857,0.264,2015,1845
"1812-5379","Journal of Agronomy","Asian Network for Scientific Information (ansinet)","0","NULL",68,69,0.985507246376812,0.182,2015,1845
"1812-5417","Journal of Agronomy","Asian Network for Scientific Information (ansinet)","0","NULL",68,69,0.985507246376812,0.182,2015,1845
"1572-9192","Journal of Algebraic Combinatorics","Springer","1","NULL",364,304,1.19736842105263,0.233,2015,3000
"1748-3026","Journal of Algorithms & Computational Technology","SAGE Publishing","0","Technology",52,85,0.611764705882353,0.1,2015,1200
"1687-9791","Journal of Allergy","Hindawi Publishing Corporation","0","Medicine",314,155,2.0258064516129,0.451,2015,750
"1687-9791","Journal of Allergy","Hindawi Publishing Corporation","0","Medicine",314,155,2.0258064516129,0.451,2015,800
"1868-5145","Journal of Ambient Intelligence and Humanized Computing","Springer","1","NULL",0,1,0,0,2015,3000
"2090-0112","Journal of Amino Acids","Hindawi Publishing Corporation","0","Science",262,74,3.54054054054054,0.911,2015,800
"1438-8359","Journal of Anesthesia","Springer","1","NULL",1169,830,1.40843373493976,0.286,2015,3000
"2071-7024","Journal of Animal and Plant Sciences","Elewa Bio Sciences","0","NULL",798,766,1.04177545691906,0.196,2015,1845
"1993-601X","Journal of Animal and Veterinary Advances","Medwell","0","NULL",738,1066,0.692307692307692,0.117,2015,0
"2055-0391","Journal of Animal Science and Technology","BioMed Central","0","Agriculture",101,183,0.551912568306011,0.088,2015,0
"1643-4439","Journal of Apicultural Science","","0","NULL",113,98,1.1530612244898,0.222,2015,1845
"2299-4831","Journal of Apicultural Science","De Gruyter Open","0","Science",113,98,1.1530612244898,0.222,2015,1845
"1214-0287","Journal of Applied Biomedicine","Versita","0","NULL",204,118,1.72881355932203,0.37,2015,0
"1526-9914","Journal of Applied Clinical Medical Physics","Self Owned - Non-Profit Society","0","",1198,616,1.94480519480519,0.429,2015,0
"1526-9914","Journal of Applied Clinical Medical Physics","Self Owned - Non-Profit Society","0","",1198,616,1.94480519480519,0.429,2015,500
"1572-8838","Journal of Applied Electrochemistry","Springer","1","NULL",1800,770,2.33766233766234,0.541,2015,3000
"1735-3645","Journal of Applied Fluid Mechanics","Regional Information Center for Science and Technology","0","Technology",43,29,1.48275862068966,0.305,2015,1845
"2190-3883","Journal of Applied Genetics","Springer","1","NULL",630,271,2.32472324723247,0.537,2015,0
"2190-3883","Journal of Applied Genetics","Springer","1","NULL",630,271,2.32472324723247,0.537,2015,3000
"1687-0042","Journal of Applied Mathematics","Hindawi Publishing Corporation","0","Science",1922,1943,0.98919197117859,0.183,2015,800
"1687-0042","Journal of Applied Mathematics","Hindawi Publishing Corporation","0","Science",1922,1943,0.98919197117859,0.183,2015,1200
"1687-0042","Journal of Applied Mathematics","Hindawi Publishing Corporation","0","Science",1922,1943,0.98919197117859,0.183,2015,750
"1865-2085","Journal of Applied Mathematics and Computing","Springer","1","NULL",404,406,0.995073891625616,0.185,2015,3000
"2423-6705","Journal of Applied Mechanics","University of Tehran","0","Technology",1125,698,1.61174785100287,0.339,2015,1845
"1678-7757","Journal of Applied Oral Science","","0","NULL",987,478,2.06485355648536,0.462,2015,1845
"1678-7765","Journal of Applied Oral Science","University of São Paulo","0","Medicine",987,478,2.06485355648536,0.462,2015,0
"1573-5176","Journal of Applied Phycology","Springer","1","NULL",2936,837,3.50776583034648,0.901,2015,3000
"1812-5654","Journal of Applied Sciences","Asian Network for Scientific Information (ansinet)","0","NULL",1239,1651,0.75045427013931,0.129,2015,1845
"1812-5662","Journal of Applied Sciences","Asian Network for Scientific Information (ansinet)","0","NULL",1239,1651,0.75045427013931,0.129,2015,1845
"1573-7764","Journal of Archaeological Method and Theory","Springer","1","NULL",341,111,3.07207207207207,0.762,2015,3000
"1573-7756","Journal of Archaeological Research","Springer","1","NULL",162,43,3.76744186046512,0.985,2015,3000
"1994-5450","Journal of Artificial Intelligence","Asian Network for Scientific Information (ansinet)","0","NULL",71,84,0.845238095238095,0.15,2015,1845
"2077-2173","Journal of Artificial Intelligence","Asian Network for Scientific Information (ansinet)","0","NULL",71,84,0.845238095238095,0.15,2015,1845
"2229-3965","Journal of Artificial Intelligence","BioInfo Publications","0","NULL",71,84,0.845238095238095,0.15,2015,1845
"2229-3973","Journal of Artificial Intelligence","BioInfo Publications","0","NULL",71,84,0.845238095238095,0.15,2015,1845
"1076-9757","Journal of Artificial Intelligence Research","","0","NULL",1569,282,5.56382978723404,1.609,2015,1845
"1347-2852","Journal of Asian Architecture and Building Engineering","J-Stage","0","NULL",246,233,1.05579399141631,0.199,2015,0
"1573-7330","Journal of Assisted Reproduction and Genetics","Springer","1","NULL",2053,847,2.42384887839433,0.566,2015,3000
"1178-6965","Journal of Asthma and Allergy","Dove Medical Press","0","Medicine",177,64,2.765625,0.668,2015,1958
"2093-1409","Journal of Astronomy and Space Sciences","Korean Space Science Society (KSSS)","0","Science",151,156,0.967948717948718,0.178,2015,1845
"0250-6335","Journal of Astrophysics and Astronomy","","0","NULL",69,121,0.570247933884298,0.092,2015,1845
"0973-7758","Journal of Astrophysics and Astronomy","Springer","0","NULL",69,121,0.570247933884298,0.092,2015,0
"1340-3478","Journal of Atherosclerosis and Thrombosis","","0","NULL",1762,628,2.80573248407643,0.68,2015,1845
"1880-3873","Journal of Atherosclerosis and Thrombosis","Japan Atherosclerosis Society","0","Medicine",1762,628,2.80573248407643,0.68,2015,385
"1880-3873","Journal of Atherosclerosis and Thrombosis","Japan Atherosclerosis Society","0","Medicine",1762,628,2.80573248407643,0.68,2015,308
"1062-6050","Journal of Athletic Training","Self Owned - Non-Profit Society","0","Sports Medicine",1828,440,4.15454545454545,1.114,2015,0
"1573-0662","Journal of Atmospheric Chemistry","Springer","1","NULL",169,100,1.69,0.359,2015,3000
"1573-3432","Journal of Autism and Developmental Disorders","Springer","1","NULL",6735,1189,5.66442388561817,1.646,2015,3000
"1573-0670","Journal of Automated Reasoning","Springer","1","NULL",410,159,2.57861635220126,0.612,2015,3000
"0976-2809","Journal of Ayurveda and Integrative Medicine","Elsevier","0","Medicine",264,208,1.26923076923077,0.251,2015,0
"1573-3513","Journal of Behavioral Education","Springer","1","NULL",254,106,2.39622641509434,0.558,2015,3000
"1573-3521","Journal of Behavioral Medicine","Springer","1","NULL",1207,333,3.62462462462462,0.939,2015,3000
"1573-6989","Journal of Bioeconomics","Springer","1","NULL",117,73,1.6027397260274,0.336,2015,3000
"1573-6881","Journal of Bioenergetics and Biomembranes","Springer","1","NULL",656,298,2.20134228187919,0.501,2015,3000
"1872-4353","Journal of Bioethical Inquiry","Springer","1","NULL",284,219,1.29680365296804,0.258,2015,3000
"1751-3758","Journal of Biological Dynamics","","0","NULL",329,174,1.89080459770115,0.414,2015,1845
"1751-3766","Journal of Biological Dynamics","Taylor & Francis Group","0","Geography. Anthropology. Recreation",329,174,1.89080459770115,0.414,2015,995
"1754-1611","Journal of Biological Engineering","BioMed Central Ltd","0","",470,112,4.19642857142857,1.129,2015,2240
"1754-1611","Journal of Biological Engineering","BioMed Central Ltd","0","",470,112,4.19642857142857,1.129,2015,1625
"1573-0689","Journal of Biological Physics","Springer","1","NULL",252,163,1.54601226993865,0.321,2015,3000
"1727-3048","Journal of Biological Sciences","Asian Network for Scientific Information (ansinet)","0","NULL",336,386,0.870466321243523,0.156,2015,1845
"1812-5719","Journal of Biological Sciences","Asian Network for Scientific Information (ansinet)","0","NULL",336,386,0.870466321243523,0.156,2015,1845
"1475-4924","Journal of Biology","BioMed Central","0","Science",45,70,0.642857142857143,0.107,2015,1625
"2157-9083","Journal of Biomaterials and Tissue Engineering","American Scientific Publishers","0","NULL",237,208,1.13942307692308,0.219,2015,1845
"2157-9091","Journal of Biomaterials and Tissue Engineering","American Scientific Publishers","0","NULL",237,208,1.13942307692308,0.219,2015,1845
"1747-5333","Journal of Biomedical Discovery and Collaboration","Biomed Central Ltd","0","NULL",25,8,3.125,0.779,2015,1625
"1550-7033","Journal of Biomedical Nanotechnology","American Scientific Publishers","0","NULL",2088,819,2.54945054945055,0.603,2015,1845
"1550-7041","Journal of Biomedical Nanotechnology","American Scientific Publishers","0","NULL",2088,819,2.54945054945055,0.603,2015,1845
"1021-7770","Journal of Biomedical Science","","0","NULL",1850,530,3.49056603773585,0.895,2015,1845
"1423-0127","Journal of Biomedical Science","BioMed Central","0","Medicine",1850,530,3.49056603773585,0.895,2015,0
"2041-1480","Journal of Biomedical Semantics","BioMed Central Ltd","0","",683,210,3.25238095238095,0.819,2015,2145
"2041-1480","Journal of Biomedical Semantics","BioMed Central Ltd","0","",683,210,3.25238095238095,0.819,2015,1625
"1573-5001","Journal of Biomolecular Nmr","Springer","1","NULL",1681,480,3.50208333333333,0.899,2015,3000
"1687-8019","Journal of Biophysics","Hindawi Publishing Corporation","0","Science",104,25,4.16,1.116,2015,750
"1687-8019","Journal of Biophysics","Hindawi Publishing Corporation","0","Science",104,25,4.16,1.116,2015,800
"0250-5991","Journal of Biosciences","","0","NULL",1009,422,2.39099526066351,0.556,2015,1845
"0973-7138","Journal of Biosciences","Springer","0","NULL",1009,422,2.39099526066351,0.556,2015,0
"2090-0139","Journal of Botany","Hindawi Publishing Corporation","0","Science",462,98,4.71428571428571,1.306,2015,750
"1749-7221","Journal of Brachial Plexus and Peripheral Nerve Injury","Biomed Central Ltd","0","NULL",186,124,1.5,0.309,2015,1625
"1573-353X","Journal of Business and Psychology","Springer","1","NULL",1330,216,6.15740740740741,1.828,2015,3000
"1573-0697","Journal of Business Ethics","Springer","1","NULL",9321,1650,5.64909090909091,1.64,2015,3000
"2190-5991","Journal of Cachexia Sarcopenia and Muscle","","0","NULL",998,139,7.17985611510791,2.218,2015,1845
"1837-9664","Journal of Cancer","Ivyspring International Publisher","0","Medicine",1097,308,3.56168831168831,0.918,2015,1845
"1543-0154","Journal of Cancer Education","Springer","1","NULL",910,572,1.59090909090909,0.333,2015,3000
"1687-8566","Journal of Cancer Epidemiology","Hindawi Publishing Corporation","0","Medicine",261,73,3.57534246575342,0.923,2015,800
"1432-1335","Journal of Cancer Research and Clinical Oncology","Springer","1","NULL",3363,1089,3.08815426997245,0.767,2015,3000
"0973-1482","Journal of Cancer Research and Therapeutics","Medknow Publications","0","",867,753,1.15139442231076,0.222,2015,0
"0973-1482","Journal of Cancer Research and Therapeutics","Medknow Publications","0","",867,753,1.15139442231076,0.222,2015,100
"1998-4138","Journal of Cancer Research and Therapeutics","Medknow Publications","0","Medicine",867,753,1.15139442231076,0.222,2015,1845
"1932-2267","Journal of Cancer Survivorship","Springer","1","NULL",1324,270,4.9037037037037,1.373,2015,3000
"1477-3163","Journal of Carcinogenesis","Medknow Publications","0","Medicine",351,103,3.40776699029126,0.869,2015,1625
"1749-8090","Journal of Cardiothoracic Surgery","BioMed Central","0","Medicine",1317,791,1.66498103666245,0.353,2015,2175
"1749-8090","Journal of Cardiothoracic Surgery","BioMed Central","0","Medicine",1317,791,1.66498103666245,0.353,2015,1720
"1749-8090","Journal of Cardiothoracic Surgery","BioMed Central","0","Medicine",1317,791,1.66498103666245,0.353,2015,2030
"1749-8090","Journal of Cardiothoracic Surgery","BioMed Central","0","Medicine",1317,791,1.66498103666245,0.353,2015,1807
"1097-6647","Journal of Cardiovascular Magnetic Resonance","","0","NULL",2898,1222,2.37152209492635,0.55,2015,1845
"1532-429X","Journal of Cardiovascular Magnetic Resonance","BioMed Central","0","Medicine",2898,1222,2.37152209492635,0.55,2015,2145
"1532-429X","Journal of Cardiovascular Magnetic Resonance","BioMed Central","0","Medicine",2898,1222,2.37152209492635,0.55,2015,1355
"1532-429X","Journal of Cardiovascular Magnetic Resonance","BioMed Central","0","Medicine",2898,1222,2.37152209492635,0.55,2015,1535
"1937-5395","Journal of Cardiovascular Translational Research","Springer","1","NULL",1542,433,3.56120092378753,0.918,2015,3000
"1090-6924","Journal of Cave and Karst Studies","Self Owned - Non-Profit Society","0","NULL",119,94,1.26595744680851,0.25,2015,0
"1873-961X","Journal of Cell Communication and Signaling","Springer","1","NULL",417,157,2.65605095541401,0.635,2015,3000
"1540-8167","Journal of Cellular and Molecular Medicine","Wiley","0","NULL",5312,1105,4.80723981900453,1.339,2015,2500
"1582-4934","Journal of Cellular and Molecular Medicine","Wiley","0","Medicine",5312,1105,4.80723981900453,1.339,2015,2500
"1332-9049","Journal of Central European Agriculture","University of Zagreb, Faculty of Agriculture","0","Agriculture",144,229,0.62882096069869,0.104,2015,0
"1864-6166","Journal of Chemical Biology","Springer","1","NULL",208,60,3.46666666666667,0.887,2015,3000
"1572-8854","Journal of Chemical Crystallography","Springer","1","NULL",468,699,0.669527896995708,0.112,2015,3000
"1573-1561","Journal of Chemical Ecology","Springer","1","NULL",2580,759,3.39920948616601,0.866,2015,3000
"0253-4134","Journal of Chemical Sciences","Springer","0","Physics and Chemistry",914,667,1.37031484257871,0.276,2015,0
"1758-2946","Journal of Cheminformatics","Springer","0","",1419,362,3.91988950276243,1.036,2015,810
"1758-2946","Journal of Cheminformatics","Springer","0","",1419,362,3.91988950276243,1.036,2015,1730
"1758-2946","Journal of Cheminformatics","Springer","0","",1419,362,3.91988950276243,1.036,2015,1890
"1758-2946","Journal of Cheminformatics","Springer","0","",1419,362,3.91988950276243,1.036,2015,1573
"2090-9063","Journal of Chemistry","","0","NULL",1489,1395,1.0673835125448,0.202,2015,1845
"2090-9071","Journal of Chemistry","Hindawi Publishing Corporation","0","Science",1489,1395,1.0673835125448,0.202,2015,1000
"2090-9071","Journal of Chemistry","Hindawi Publishing Corporation","0","Science",1489,1395,1.0673835125448,0.202,2015,1500
"1936-153X","Journal of Child & Adolescent Trauma","Springer","1","NULL",129,106,1.21698113207547,0.238,2015,3000
"1573-2843","Journal of Child and Family Studies","Springer","1","NULL",1576,501,3.14570858283433,0.785,2015,3000
"1874-6357","Journal of Chinese Political Science","Springer","1","NULL",114,95,1.2,0.234,2015,3000
"1740-3391","Journal of Circadian Rhythms","Ubiquity Press","0","Science",84,41,2.04878048780488,0.458,2015,1625
"1740-3391","Journal of Circadian Rhythms","Ubiquity Press","0","Science",84,41,2.04878048780488,0.458,2015,390
"1432-1343","Journal of Classification","Springer","1","NULL",146,84,1.73809523809524,0.372,2015,3000
"1880-5086","Journal of Clinical Biochemistry and Nutrition","Inst Applied Biochemistry","0","NULL",898,344,2.61046511627907,0.621,2015,0
"1880-5086","Journal of Clinical Biochemistry and Nutrition","Inst Applied Biochemistry","0","NULL",898,344,2.61046511627907,0.621,2015,1700
"2043-9113","Journal of Clinical Bioinformatics","Biomed Central Ltd","0","NULL",212,95,2.23157894736842,0.51,2015,1900
"1573-2592","Journal of Clinical Immunology","Springer","1","NULL",2403,714,3.36554621848739,0.855,2015,3000
"1558-8238","Journal of Clinical Investigation","American Society for Clinical Investigation","0","NULL",31328,2454,12.7660961695192,4.575,2015,0
"1918-3011","Journal of Clinical Medicine Research","Elmer Press","0","Medicine",520,312,1.66666666666667,0.353,2015,1845
"1573-2614","Journal of Clinical Monitoring and Computing","Springer","1","NULL",645,310,2.08064516129032,0.467,2015,3000
"1573-3572","Journal of Clinical Psychology in Medical Settings","Springer","1","NULL",449,221,2.0316742081448,0.453,2015,3000
"1572-8862","Journal of Cluster Science","Springer","1","NULL",585,396,1.47727272727273,0.303,2015,3000
"1874-7841","Journal of Coastal Conservation","Springer","1","NULL",453,245,1.84897959183673,0.402,2015,3000
"1935-3804","Journal of Coatings Technology and Research","Springer","1","NULL",668,421,1.58669833729216,0.332,2015,3000
"1573-2886","Journal of Combinatorial Optimization","Springer","1","NULL",540,377,1.43236074270557,0.292,2015,3000
"1868-6001","Journal of Community Genetics","Springer","1","NULL",379,177,2.14124293785311,0.484,2015,3000
"1573-3610","Journal of Community Health","Springer","1","NULL",1579,662,2.38519637462236,0.554,2015,3000
"1546-1955","Journal of Computational and Theoretical Nanoscience","American Scientific Publishers","0","NULL",1000,1024,0.9765625,0.18,2015,1845
"1546-1963","Journal of Computational and Theoretical Nanoscience","American Scientific Publishers","0","NULL",1000,1024,0.9765625,0.18,2015,1845
"1572-8137","Journal of Computational Electronics","Springer","1","NULL",402,272,1.47794117647059,0.304,2015,3000
"1573-6873","Journal of Computational Neuroscience","Springer","1","NULL",921,340,2.70882352941177,0.651,2015,3000
"2362-0110","Journal of Computer Science","University of Sri Jayewardenepura","0","Science",771,937,0.822838847385272,0.145,2015,1845
"1666-6038","Journal of Computer Science and Technology","Iberoamerican Science & Technology Education Consortium","0","Science",676,458,1.47598253275109,0.303,2015,1845
"1796-203X","Journal of Computers","Advanced Science and Engineering Technology Institute (ASET)","0","NULL",812,1302,0.623655913978495,0.103,2015,1845
"1867-1233","Journal of Computing in Higher Education","Springer","1","NULL",132,54,2.44444444444444,0.572,2015,3000
"0974-5203","Journal of Conservative Dentistry","Medknow Publications","0","Medicine",695,416,1.67067307692308,0.354,2015,1845
"1573-0700","Journal of Consumer Policy","Springer","1","NULL",329,121,2.71900826446281,0.654,2015,3000
"1689-832X","Journal of Contemporary Brachytherapy","","0","NULL",183,154,1.18831168831169,0.231,2015,1845
"2081-2841","Journal of Contemporary Brachytherapy","Termedia Publishing House","0","Medicine",183,154,1.18831168831169,0.231,2015,0
"1573-3564","Journal of Contemporary Psychotherapy","Springer","1","NULL",226,124,1.82258064516129,0.395,2015,3000
"1687-5257","Journal of Control Science and Engineering","Hindawi","0","NULL",104,116,0.896551724137931,0.162,2015,1250
"2328-2231","Journal of Control Science and Engineering","David Publishing","0","NULL",104,116,0.896551724137931,0.162,2015,1845
"1975-9320","Journal of Convergence Information Technology","Convergence Information Society","0","NULL",489,1594,0.306775407779172,0.042,2015,1845
"2233-9299","Journal of Convergence Information Technology","Convergence Information Society","0","NULL",489,1594,0.306775407779172,0.042,2015,1845
"0976-9285","Journal of Craniovertebral Junction and Spine","Medknow Publications","0","Medicine",131,98,1.33673469387755,0.268,2015,0
"1432-1378","Journal of Cryptology","Springer","1","NULL",886,197,4.49746192893401,1.231,2015,3000
"1573-6997","Journal of Cultural Economics","Springer","1","NULL",158,82,1.92682926829268,0.424,2015,3000
"1868-4874","Journal of Current Chinese Affairs","German Institute of Global and Area Studies (GIGA)","0","Political science",156,103,1.51456310679612,0.313,2015,0
"1868-4882","Journal of Current Southeast Asian Affairs","German Institute of Global and Area Studies, (GIGA)","0","Political science | Social Sciences",72,79,0.911392405063291,0.165,2015,0
"2410-3322","Journal of Curriculum Studies","Higher Education Foundation","0","Education",495,235,2.1063829787234,0.474,2015,0
"0970-9371","Journal of Cytology","Medknow Publications","0","",225,252,0.892857142857143,0.161,2015,0
"0974-5165","Journal of Cytology","Medknow Publications","0","Science",225,252,0.892857142857143,0.161,2015,1845
"1758-7360","Journal of Dental Biomechanics","Sage","0","NULL",69,30,2.3,0.53,2015,1500
"2008-0905","Journal of Dentistry","Shiraz University of Medical Sciences","0","Medicine",3741,1101,3.39782016348774,0.865,2015,1845
"1573-3580","Journal of Developmental and Physical Disabilities","Springer","1","NULL",441,215,2.05116279069767,0.459,2015,3000
"1556-6676","Journal of Diabetes Investigation","Wiley","0","NULL",1152,368,3.1304347826087,0.781,2015,3000
"2040-1116","Journal of Diabetes Investigation","","0","NULL",1152,368,3.1304347826087,0.781,2015,1845
"1618-727X","Journal of Digital Imaging","Springer","1","NULL",934,485,1.92577319587629,0.424,2015,3000
"0972-7272","Journal of Digital Information Management","Digital Information Research Foundation (DIRF)","0","NULL",50,110,0.454545454545454,0.069,2015,1845
"1365-4632","Journal of Drugs in Dermatology","Journal of Drugs in Dermatology","0","NULL",1615,996,1.6214859437751,0.341,2015,0
"1573-8698","Journal of Dynamical and Control Systems","Springer","1","NULL",111,113,0.982300884955752,0.182,2015,3000
"1572-9222","Journal of Dynamics and Differential Equations","Springer","1","NULL",270,181,1.49171270718232,0.307,2015,3000
"2279-7149","Journal of Early Modern Studies","Firenze University Press","0","History (General) and history of Europe",4,24,0.166666666666667,0.02,2015,1845
"0253-2143","Journal of Earth System Science","Springer","0","NULL",752,470,1.6,0.336,2015,0
"0253-4126","Journal of Earth System Science","","0","NULL",752,470,1.6,0.336,2015,1845
"0973-774X","Journal of Earth System Science","Indian Academy of Sciences","0","Science",752,470,1.6,0.336,2015,1845
"1572-8560","Journal of East Asian Linguistics","Springer","1","NULL",65,56,1.16071428571429,0.224,2015,3000
"1880-344X","Journal of Echocardiography","Springer","1","NULL",36,77,0.467532467532468,0.071,2015,3000
"1573-7020","Journal of Economic Growth","Springer","1","NULL",394,60,6.56666666666667,1.982,2015,3000
"1860-7128","Journal of Economic Interaction and Coordination","Springer","1","NULL",83,56,1.48214285714286,0.305,2015,3000
"1617-7134","Journal of Economics","Springer","1","NULL",230,210,1.0952380952381,0.208,2015,3000
"1938-9744","Journal of Economics and Finance","Springer","1","NULL",157,164,0.957317073170732,0.176,2015,3000
"1573-1812","Journal of Educational Change","Springer","1","NULL",264,106,2.49056603773585,0.585,2015,3000
"1975-5937","Journal of Educational Evaluation for Health Professions","National Health Personnel Licensing Examination Board of the Republic of Korea","0","Education",92,57,1.6140350877193,0.339,2015,0
"1940-0675","Journal of Educational Research","Taylor Francis","0","NULL",497,225,2.20888888888889,0.503,2015,0
"1573-2681","Journal of Elasticity","Springer","1","NULL",354,220,1.60909090909091,0.338,2015,3000
"2314-7172","Journal of Electrical Systems and Information Technology","Elsevier","0","Technology",12,17,0.705882352941177,0.12,2015,1845
"1573-8663","Journal of Electroceramics","Springer","1","NULL",640,376,1.70212765957447,0.363,2015,3000
"1543-186X","Journal of Electronic Materials","Springer","1","NULL",3886,2200,1.76636363636364,0.38,2015,3000
"1573-0727","Journal of Electronic Testing","Springer","1","NULL",293,247,1.18623481781377,0.23,2015,3000
"1720-8386","Journal of Endocrinological Investigation","Springer","1","NULL",1639,874,1.87528604118993,0.41,2015,3000
"2314-615X","Journal of Energy","Hindawi Publishing Corporation","0","Technology",46,43,1.06976744186047,0.202,2015,750
"1558-9250","Journal of Engineered Fibers and Fabrics","Self Owned - Non-Profit Society","0","",29,16,1.8125,0.393,2015,0
"1558-9250","Journal of Engineered Fibers and Fabrics","Self Owned - Non-Profit Society","0","",29,16,1.8125,0.393,2015,300
"1573-2703","Journal of Engineering Mathematics","Springer","1","NULL",345,330,1.04545454545455,0.196,2015,3000
"0747-9964","Journal of Engineering Technology","American Society for Engineering Education","0","Physics and Chemistry",30,49,0.612244897959184,0.1,2015,0
"1687-9813","Journal of Environmental and Public Health","Hindawi Publishing Corporation","0","Medicine",792,229,3.45851528384279,0.885,2015,750
"1687-9813","Journal of Environmental and Public Health","Hindawi Publishing Corporation","0","Medicine",792,229,3.45851528384279,0.885,2015,800
"1994-7887","Journal of Environmental Science and Technology","Asian Network for Scientific Information (ansinet)","0","NULL",225,140,1.60714285714286,0.337,2015,1845
"2077-2181","Journal of Environmental Science and Technology","Asian Network for Scientific Information (ansinet)","0","NULL",225,140,1.60714285714286,0.337,2015,1845
"0917-5040","Journal of Epidemiology","","0","NULL",1227,362,3.38950276243094,0.863,2015,1845
"1349-9092","Journal of Epidemiology","Japan Epidemiological Association","0","Medicine",1227,362,3.38950276243094,0.863,2015,0
"1349-9092","Journal of Epidemiology","Japan Epidemiological Association","0","Medicine",1227,362,3.38950276243094,0.863,2015,612
"1349-9092","Journal of Epidemiology","Japan Epidemiological Association","0","Medicine",1227,362,3.38950276243094,0.863,2015,1080
"1746-4269","Journal of Ethnobiology and Ethnomedicine","BioMed Central Ltd","0","",1183,284,4.16549295774648,1.118,2015,1940
"1746-4269","Journal of Ethnobiology and Ethnomedicine","BioMed Central Ltd","0","",1183,284,4.16549295774648,1.118,2015,1625
"1746-4269","Journal of Ethnobiology and Ethnomedicine","BioMed Central Ltd","0","",1183,284,4.16549295774648,1.118,2015,1781
"1746-4269","Journal of Ethnobiology and Ethnomedicine","BioMed Central Ltd","0","",1183,284,4.16549295774648,1.118,2015,2145
"1439-5444","Journal of Ethology","Springer","1","NULL",326,241,1.35269709543568,0.272,2015,3000
"1424-3202","Journal of Evolution Equations","Springer","1","NULL",212,183,1.15846994535519,0.224,2015,3000
"1432-1386","Journal of Evolutionary Economics","Springer","1","NULL",388,192,2.02083333333333,0.45,2015,3000
"1728-869X","Journal of Exercise Science & Fitness","","0","NULL",93,68,1.36764705882353,0.275,2015,1845
"1743-1050","Journal of Experimental & Clinical Assisted Reproduction","Biomed Central Ltd","0","NULL",7,7,1,0.186,2015,1625
"1756-9966","Journal of Experimental & Clinical Cancer Research","Biomed Central","0","Oncology",2549,601,4.24126455906822,1.144,2015,2220
"1756-9966","Journal of Experimental & Clinical Cancer Research","Biomed Central","0","Oncology",2549,601,4.24126455906822,1.144,2015,1720
"1756-9966","Journal of Experimental & Clinical Cancer Research","Biomed Central","0","Oncology",2549,601,4.24126455906822,1.144,2015,1805
"1572-8315","Journal of Experimental Criminology","Springer","1","NULL",473,109,4.3394495412844,1.177,2015,3000
"1864-1245","Journal of Failure Analysis and Prevention","Springer","1","NULL",149,244,0.610655737704918,0.1,2015,3000
"1573-2851","Journal of Family Violence","Springer","1","NULL",828,357,2.31932773109244,0.535,2015,3000
"1573-0735","Journal of Financial Services Research","Springer","1","NULL",315,106,2.97169811320755,0.731,2015,3000
"1661-7746","Journal of Fixed Point Theory and Applications","Springer","1","NULL",150,152,0.986842105263158,0.183,2015,3000
"1573-4994","Journal of Fluorescence","Springer","1","NULL",1597,887,1.80045095828636,0.389,2015,3000
"1021-9498","Journal of Food and Drug Analysis","","0","NULL",379,188,2.01595744680851,0.449,2015,1845
"1745-4557","Journal of Food Quality","Hindawi","0","NULL",337,254,1.32677165354331,0.265,2015,1500
"1757-1146","Journal of Foot and Ankle Research","Biomed Central","0","",588,347,1.69452449567723,0.361,2015,2145
"1757-1146","Journal of Foot and Ankle Research","Biomed Central","0","",588,347,1.69452449567723,0.361,2015,1625
"1757-1146","Journal of Foot and Ankle Research","Biomed Central","0","",588,347,1.69452449567723,0.361,2015,1730
"1610-7403","Journal of Forest Research","Springer","1","NULL",404,265,1.52452830188679,0.316,2015,3000
"1993-0607","Journal of Forestry Research","Springer","1","NULL",414,433,0.956120092378753,0.176,2015,3000
"1972-5787","Journal of Formalized Reasoning","University of Bologna","0","Science",53,22,2.40909090909091,0.561,2015,0
"1531-5851","Journal of Fourier Analysis and Applications","Springer","1","NULL",470,246,1.91056910569106,0.419,2015,3000
"1758-4965","Journal of Function Spaces and Applications","Hindawi","0","NULL",229,261,0.877394636015326,0.158,2015,295
"1758-4965","Journal of Function Spaces and Applications","Hindawi","0","NULL",229,261,0.877394636015326,0.158,2015,1200
"1572-9591","Journal of Fusion Energy","Springer","1","NULL",389,406,0.958128078817734,0.176,2015,3000
"1573-3602","Journal of Gambling Studies","Springer","1","NULL",958,251,3.81673306772908,1.002,2015,3000
"1435-5922","Journal of Gastroenterology","Springer","1","NULL",3199,774,4.13307493540052,1.107,2015,3000
"1941-6636","Journal of Gastrointestinal Cancer","Springer","1","NULL",451,416,1.08413461538462,0.206,2015,3000
"1873-4626","Journal of Gastrointestinal Surgery","Springer","1","NULL",4830,1503,3.21357285429142,0.807,2015,3000
"1525-1497","Journal of General Internal Medicine","Springer","1","NULL",5607,1417,3.95695130557516,1.048,2015,3000
"1610-739X","Journal of General Plant Pathology","Springer","1","NULL",381,295,1.29152542372881,0.256,2015,3000
"1573-3599","Journal of Genetic Counseling","Springer","1","NULL",973,410,2.37317073170732,0.551,2015,3000
"0022-1333","Journal of Genetics","Springer","0","Molecular and Cell Biology",575,395,1.45569620253165,0.298,2015,0
"1432-1394","Journal of Geodesy","Springer","1","NULL",1608,336,4.78571428571429,1.331,2015,3000
"1861-9568","Journal of Geographical Sciences","Springer","1","NULL",876,367,2.38692098092643,0.555,2015,3000
"1435-5949","Journal of Geographical Systems","Springer","1","NULL",280,106,2.64150943396226,0.63,2015,3000
"1687-8841","Journal of Geological Research","Hindawi Publishing Corporation","0","Science",52,59,0.88135593220339,0.158,2015,600
"1420-8997","Journal of Geometry","Springer","1","NULL",82,117,0.700854700854701,0.119,2015,3000
"1802-6222","Journal of Geosciences","Self Owned - Non-Profit Society","0","",171,174,0.982758620689655,0.182,2015,0
"1226-8453","Journal of Ginseng Research","","0","NULL",845,256,3.30078125,0.834,2015,1845
"0022-1430","Journal of Glaciology","","0","NULL",1512,525,2.88,0.703,2015,1845
"0974-8245","Journal of Global Infectious Diseases","Medknow Publications","0","Medicine",462,255,1.81176470588235,0.392,2015,1845
"1573-2916","Journal of Global Optimization","Springer","1","NULL",1259,696,1.80890804597701,0.392,2015,3000
"1572-9184","Journal of Grid Computing","Springer","1","NULL",34,21,1.61904761904762,0.341,2015,3000
"1573-7780","Journal of Happiness Studies","Springer","1","NULL",1461,357,4.09243697478992,1.093,2015,3000
"1880-828X","Journal of Hard Tissue Biology","J-Stage","0","NULL",91,166,0.548192771084337,0.087,2015,0
"1129-2369","Journal of Headache and Pain","","0","NULL",1554,582,2.6701030927835,0.639,2015,1845
"1129-2377","Journal of Headache and Pain","Springer","0","Medicine",1554,582,2.6701030927835,0.639,2015,0
"1129-2377","Journal of Headache and Pain","Springer","0","Medicine",1554,582,2.6701030927835,0.639,2015,1965
"1606-0997","Journal of Health Population and Nutrition","","0","NULL",924,370,2.4972972972973,0.587,2015,1845
"2328-7136","Journal of Health Science","David Publishing","0","NULL",244,413,0.590799031476998,0.096,2015,1845
"2040-2295","Journal of Healthcare Engineering","","0","NULL",163,135,1.20740740740741,0.235,2015,1845
"2040-2309","Journal of Healthcare Engineering","Hindawi Publishing Corporation","0","Medicine",163,135,1.20740740740741,0.235,2015,1250
"1756-8722","Journal of Hematology & Oncology","Biomed Central","0","",2033,372,5.46505376344086,1.573,2015,2580
"1756-8722","Journal of Hematology & Oncology","Biomed Central","0","",2033,372,5.46505376344086,1.573,2015,1820
"1756-8722","Journal of Hematology & Oncology","Biomed Central","0","",2033,372,5.46505376344086,1.573,2015,2000
"1865-5785","Journal of Hematopathology","Springer","1","NULL",29,60,0.483333333333333,0.074,2015,3000
"1572-9397","Journal of Heuristics","Springer","1","NULL",486,166,2.92771084337349,0.718,2015,3000
"1029-8479","Journal of High Energy Physics","Springer","0","Science",44646,9031,4.94363857823054,1.387,2015,0
"1512-2891","Journal of Homotopy and Related Structures","Springer","0","",15,32,0.46875,0.072,2015,3000
"1573-7772","Journal of Housing and the Built Environment","Springer","1","NULL",294,162,1.81481481481481,0.393,2015,3000
"1640-5544","Journal of Human Kinetics","","0","NULL",629,408,1.54166666666667,0.32,2015,1845
"1899-7562","Journal of Human Kinetics","De Gruyter Open","0","Medicine",629,408,1.54166666666667,0.32,2015,280
"1998-4766","Journal of Human Reproductive Sciences","Medknow Publications ","0","Medicine",417,191,2.18324607329843,0.496,2015,1845
"1835-3800","Journal of Human Security","Librelloph","0","Social Sciences",16,22,0.727272727272727,0.124,2015,0
"2332-8215","Journal of Hydraulic Engineering","David Publishing","0","NULL",1347,967,1.39296794208894,0.282,2015,1845
"0042-790X","Journal of Hydrology and Hydromechanics","","0","NULL",192,139,1.38129496402878,0.279,2015,1845
"1946-0163","Journal of Hydrology and Hydromechanics","Self Owned - Non-Profit Society","0","NULL",192,139,1.38129496402878,0.279,2015,0
"1946-0163","Journal of Hydrology and Hydromechanics","Self Owned - Non-Profit Society","0","NULL",192,139,1.38129496402878,0.279,2015,525
"1070-9428","Journal of Hymenoptera Research","","0","NULL",106,120,0.883333333333333,0.159,2015,1845
"1314-2607","Journal of Hymenoptera Research","Pensoft Publishers","0","Science",106,120,0.883333333333333,0.159,2015,0
"1314-2607","Journal of Hymenoptera Research","Pensoft Publishers","0","Science",106,120,0.883333333333333,0.159,2015,436
"1314-2607","Journal of Hymenoptera Research","Pensoft Publishers","0","Science",106,120,0.883333333333333,0.159,2015,168
"1557-1920","Journal of Immigrant and Minority Health","Springer","1","NULL",1591,699,2.2761087267525,0.523,2015,3000
"1476-8518","Journal of Immune Based Therapies and Vaccines","Biomed Central Ltd","0","NULL",25,17,1.47058823529412,0.302,2015,1625
"1573-1111","Journal of Inclusion Phenomena and Macrocyclic Chemistry","Springer","1","NULL",932,725,1.28551724137931,0.255,2015,3000
"0975-1572","Journal of Indian Academy of Oral Medicine and Radiology","Wolters Kluwer Medknow Publications","0","Medicine",100,173,0.578034682080925,0.093,2015,0
"1998-3891","Journal of Indian Association of Pediatric Surgeons","Medknow Publications","0","Medicine",156,199,0.78391959798995,0.137,2015,1845
"1573-0395","Journal of Indian Philosophy","Springer","1","NULL",27,93,0.290322580645161,0.039,2015,3000
"2013-0953","Journal of Industrial Engineering and Management","OmniaScience","0","Technology",312,203,1.53694581280788,0.319,2015,1845
"1476-5535","Journal of Industrial Microbiology & Biotechnology","Springer","1","NULL",2658,851,3.12338425381904,0.778,2015,3000
"1029-242X","Journal of Inequalities and Applications","Springer","0","Science",1272,1277,0.996084573218481,0.185,2015,805
"1029-242X","Journal of Inequalities and Applications","Springer","0","Science",1272,1277,0.996084573218481,0.185,2015,900
"1029-242X","Journal of Inequalities and Applications","Springer","0","Science",1272,1277,0.996084573218481,0.185,2015,1140
"1178-7031","Journal of Inflammation Research","Dove Medical Press","0","Medicine",212,76,2.78947368421053,0.675,2015,1958
"1001-9014","Journal of Infrared and Millimeter Waves","Science China Press","0","Physics and Chemistry",76,221,0.343891402714932,0.049,2015,0
"1001-9014","Journal of Infrared and Millimeter Waves","Science China Press","0","Physics and Chemistry",76,221,0.343891402714932,0.049,2015,600
"1573-2665","Journal of Inherited Metabolic Disease","Springer","1","NULL",2484,677,3.66912850812408,0.953,2015,3000
"2008-4072","Journal of Injury and Violence Research","Kermanshah University of Medical Sciences","0","Medicine",154,96,1.60416666666667,0.337,2015,1845
"1574-1451","Journal of Inorganic and Organometallic Polymers and Materials","Springer","1","NULL",831,685,1.21313868613139,0.237,2015,3000
"1000-324X","Journal of Inorganic Materials","Science China Press","0","Physics and Chemistry",329,715,0.46013986013986,0.07,2015,0
"1572-8889","Journal of Insect Behavior","Springer","1","NULL",341,255,1.33725490196078,0.268,2015,3000
"1572-9753","Journal of Insect Conservation","Springer","1","NULL",934,450,2.07555555555556,0.465,2015,3000
"1536-2442","Journal of Insect Science","Oxford University Press","0","Science",1442,893,1.61478163493841,0.339,2015,0
"1536-2442","Journal of Insect Science","Oxford University Press","0","Science",1442,893,1.61478163493841,0.339,2015,800
"1536-2442","Journal of Insect Science","Oxford University Press","0","Science",1442,893,1.61478163493841,0.339,2015,1530
"1536-2442","Journal of Insect Science","Oxford University Press","0","Science",1442,893,1.61478163493841,0.339,2015,1030
"0975-1076","Journal of Intellectual Property Rights","Self Owned - Non-Profit Society","0","NULL",10,12,0.833333333333333,0.148,2015,0
"1573-7675","Journal of Intelligent Information Systems","Springer","1","NULL",30,26,1.15384615384615,0.222,2015,3000
"1572-8145","Journal of Intelligent Manufacturing","Springer","1","NULL",1819,556,3.27158273381295,0.825,2015,3000
"2194-0827","Journal of Interaction Science","Springer","0","NULL",107,79,1.35443037974684,0.272,2015,860
"1573-7349","Journal of International Entrepreneurship","Springer","1","NULL",316,84,3.76190476190476,0.984,2015,3000
"0300-0605","Journal of International Medical Research","","0","NULL",1807,1036,1.74420849420849,0.374,2015,1845
"1473-2300","Journal of International Medical Research","SAGE Publishing","0","Medicine",1807,1036,1.74420849420849,0.374,2015,0
"1473-2300","Journal of International Medical Research","SAGE Publishing","0","Medicine",1807,1036,1.74420849420849,0.374,2015,7590
"1473-2300","Journal of International Medical Research","SAGE Publishing","0","Medicine",1807,1036,1.74420849420849,0.374,2015,3380
"1869-0238","Journal of Internet Services and Applications","Springer","0","Technology",590,83,7.10843373493976,2.19,2015,1085
"1869-0238","Journal of Internet Services and Applications","Springer","0","Technology",590,83,7.10843373493976,2.19,2015,903.5
"1572-8595","Journal of Interventional Cardiac Electrophysiology","Springer","1","NULL",961,465,2.06666666666667,0.463,2015,3000
"1557-2501","Journal of Invasive Cardiology","Self Owned - Unknown Profit Status","0","NULL",1048,871,1.20321469575201,0.234,2015,0
"1698-0808","Journal of Investigational Allergology and Clinical Immunology","Esmon Publicidad, S.A","0","NULL",963,529,1.82041587901701,0.395,2015,0
"1698-0808","Journal of Investigational Allergology and Clinical Immunology","Esmon Publicidad, S.A","0","NULL",963,529,1.82041587901701,0.395,2015,334
"2083-4608","Journal of Konbin","De Gruyter Open","0","Technology",34,70,0.485714285714286,0.075,2015,1845
"1598-6357","Journal of Korean Medical Science","Korean Acad Medical Sciences","0","NULL",2674,1451,1.84286698828394,0.401,2015,0
"1598-6357","Journal of Korean Medical Science","Korean Acad Medical Sciences","0","NULL",2674,1451,1.84286698828394,0.401,2015,1262
"1936-4768","Journal of Labor Research","Springer","1","NULL",126,100,1.26,0.248,2015,3000
"0974-7826","Journal of Laboratory Physicians","Medknow Publications","0","Medicine",225,144,1.5625,0.326,2015,1845
"1880-0688","Journal of Laser Micro Nanoengineering","Self Owned - Non-Profit Society","0","",225,216,1.04166666666667,0.196,2015,0
"1880-0688","Journal of Laser Micro Nanoengineering","Self Owned - Non-Profit Society","0","",225,216,1.04166666666667,0.196,2015,176
"1129-5767","Journal of Limnology","","0","NULL",512,333,1.53753753753754,0.319,2015,1845
"1723-8633","Journal of Limnology","PAGEPress Publications","0","Geography. Anthropology. Recreation",512,333,1.53753753753754,0.319,2015,0
"2090-3049","Journal of Lipids","Hindawi Publishing Corporation","0","Science",282,99,2.84848484848485,0.693,2015,1000
"2383-2479","Journal of Literary Studies","Ferdowsi University of Mashhad","0","Language and Literature",29,73,0.397260273972603,0.058,2015,1845
"1759-9008","Journal of Logic and Analysis","Journal of Logic and Analysis","0","Science",30,43,0.697674418604651,0.118,2015,0
"1573-7357","Journal of Low Temperature Physics","Springer","1","NULL",744,947,0.785638859556494,0.137,2015,3000
"1533-7928","Journal of Machine Learning Research","Microtome Publishing","0","NULL",8971,712,12.5997191011236,4.5,2015,0
"1573-7055","Journal of Mammalian Evolution","Springer","1","NULL",284,101,2.81188118811881,0.682,2015,3000
"1573-7039","Journal of Mammary Gland Biology and Neoplasia","Springer","1","NULL",870,156,5.57692307692308,1.614,2015,3000
"1572-963X","Journal of Management & Governance","Springer","1","NULL",519,169,3.07100591715976,0.762,2015,3000
"1744-5647","Journal of Maps","Journal of Maps","0","",412,284,1.45070422535211,0.297,2015,155
"1744-5647","Journal of Maps","Journal of Maps","0","",412,284,1.45070422535211,0.297,2015,520
"1687-949X","Journal of Marine Biology","Hindawi Publishing Corporation","0","Geography. Anthropology. Recreation",251,112,2.24107142857143,0.513,2015,750
"1687-949X","Journal of Marine Biology","Hindawi Publishing Corporation","0","Geography. Anthropology. Recreation",251,112,2.24107142857143,0.513,2015,600
"1437-8213","Journal of Marine Science and Technology","Springer","1","NULL",469,391,1.19948849104859,0.234,2015,3000
"1557-2293","Journal of Maritime Archaeology","Springer","1","NULL",31,39,0.794871794871795,0.139,2015,3000
"2333-6080","Journal of Marketing Management","American Research Institute for Policy Development","0","NULL",1303,422,3.08767772511848,0.767,2015,1845
"2333-6099","Journal of Marketing Management","American Research Institute for Policy Development","0","NULL",1303,422,3.08767772511848,0.767,2015,1845
"1611-8227","Journal of Material Cycles and Waste Management","Springer","1","NULL",386,265,1.45660377358491,0.298,2015,3000
"1544-1024","Journal of Materials Engineering and Performance","Springer","1","NULL",2309,1557,1.48298008991651,0.305,2015,3000
"1573-4803","Journal of Materials Science","Springer","1","NULL",10884,4498,2.41974210760338,0.565,2015,3000
"1432-1416","Journal of Mathematical Biology","Springer","1","NULL",1120,470,2.38297872340425,0.554,2015,3000
"1572-8897","Journal of Mathematical Chemistry","Springer","1","NULL",825,708,1.16525423728814,0.225,2015,3000
"1422-6952","Journal of Mathematical Fluid Mechanics","Springer","1","NULL",284,185,1.53513513513514,0.319,2015,3000
"1573-7683","Journal of Mathematical Imaging and Vision","Springer","1","NULL",960,295,3.25423728813559,0.82,2015,3000
"1817-5805","Journal of Mathematical Physics Analysis Geometry","Springer","0","NULL",1,3,0.333333333333333,0.047,2015,0
"2372-5214","Journal of Mathematical Sciences","Betty Jones & Sisters Publishing","0","NULL",755,1138,0.663444639718805,0.111,2015,1845
"2372-5222","Journal of Mathematical Sciences","Betty Jones & Sisters Publishing","0","NULL",755,1138,0.663444639718805,0.111,2015,1845
"1573-1820","Journal of Mathematics Teacher Education","Springer","1","NULL",387,137,2.82481751824818,0.686,2015,3000
"2450-5471","Journal of Mechanical Engineering","De Gruyter Open","0","Technology",1053,2046,0.51466275659824,0.081,2015,1845
"2199-4757","Journal of Medical and Biological Engineering","Springer","1","NULL",353,251,1.40637450199203,0.285,2015,3000
"1452-8258","Journal of Medical Biochemistry","","0","NULL",101,167,0.604790419161677,0.099,2015,1845
"1452-8266","Journal of Medical Biochemistry","De Gruyter Open","0","Science",101,167,0.604790419161677,0.099,2015,0
"1752-1947","Journal of Medical Case Reports","Biomed Central Ltd","0","NULL",1913,1868,1.02408993576017,0.191,2015,1120
"1752-1947","Journal of Medical Case Reports","Biomed Central Ltd","0","NULL",1913,1868,1.02408993576017,0.191,2015,865
"1923-4163","Journal of Medical Cases","Elmer Press","0","Medicine",60,162,0.37037037037037,0.053,2015,1845
"1438-8871","Journal of Medical Internet Research","JMIR Publications","0","Medicine",7063,971,7.27394438722966,2.254,2015,1990
"1438-8871","Journal of Medical Internet Research","JMIR Publications","0","Medicine",7063,971,7.27394438722966,2.254,2015,1900
"1438-8871","Journal of Medical Internet Research","JMIR Publications","0","Medicine",7063,971,7.27394438722966,2.254,2015,2500
"1998-3913","Journal of Medical Physics","Medknow Publications","0","Medicine",201,145,1.38620689655172,0.28,2015,1845
"1682-4474","Journal of Medical Sciences","Asian Network for Scientific Information (ansinet)","0","NULL",43,89,0.48314606741573,0.074,2015,1845
"1812-5727","Journal of Medical Sciences","Asian Network for Scientific Information (ansinet)","0","NULL",43,89,0.48314606741573,0.074,2015,1845
"1573-689X","Journal of Medical Systems","Springer","1","NULL",3210,864,3.71527777777778,0.968,2015,3000
"1937-6995","Journal of Medical Toxicology","Springer","1","NULL",847,305,2.77704918032787,0.671,2015,3000
"1996-0875","Journal of Medicinal Plants Research","Academic Journals","0","NULL",1838,1376,1.33575581395349,0.267,2015,600
"2036-3877","Journal of Medicine and the Person","Springer","1","NULL",44,75,0.586666666666667,0.095,2015,3000
"1687-9473","Journal of Metallurgy","Hindawi Publishing Corporation","0","Technology",67,42,1.5952380952381,0.334,2015,600
"1935-7885","Journal of Microbiology & Biology Education","American Society for Microbiology","0","Education",97,136,0.713235294117647,0.121,2015,0
"1684-1182","Journal of Microbiology Immunology and Infection","SCIENTIFIC COMMUNICATIONS INTERNATIONAL LTD.","0","",925,403,2.29528535980149,0.528,2015,3000
"1684-1182","Journal of Microbiology Immunology and Infection","SCIENTIFIC COMMUNICATIONS INTERNATIONAL LTD.","0","",925,403,2.29528535980149,0.528,2015,0
"1684-1182","Journal of Microbiology Immunology and Infection","SCIENTIFIC COMMUNICATIONS INTERNATIONAL LTD.","0","",925,403,2.29528535980149,0.528,2015,1200
"1684-1182","Journal of Microbiology Immunology and Infection","SCIENTIFIC COMMUNICATIONS INTERNATIONAL LTD.","0","",925,403,2.29528535980149,0.528,2015,1000
"1349-3825","Journal of Mineralogical and Petrological Sciences","Japanese Assoc Mineralogists, Petrologists & Economic Geolo","0","NULL",138,144,0.958333333333333,0.176,2015,0
"1349-3825","Journal of Mineralogical and Petrological Sciences","Japanese Assoc Mineralogists, Petrologists & Economic Geolo","0","NULL",138,144,0.958333333333333,0.176,2015,609
"0972-9941","Journal of Minimal Access Surgery","","0","NULL",277,202,1.37128712871287,0.276,2015,1845
"1998-3921","Journal of Minimal Access Surgery","Medknow Publications","0","Medicine",277,202,1.37128712871287,0.276,2015,1845
"1432-1432","Journal of Molecular Evolution","Springer","1","NULL",576,316,1.82278481012658,0.395,2015,3000
"1567-2387","Journal of Molecular Histology","Springer","1","NULL",611,325,1.88,0.411,2015,3000
"1432-1440","Journal of Molecular Medicine","Springer","1","NULL",2879,628,4.5843949044586,1.261,2015,3000
"0948-5023","Journal of Molecular Modeling","Springer","1","NULL",3027,1803,1.67886855241265,0.356,2015,3000
"1559-1166","Journal of Molecular Neuroscience","Springer","1","NULL",2666,1039,2.56592877767084,0.608,2015,3000
"1750-2187","Journal of Molecular Signaling","Biomed Central Ltd","0","NULL",230,73,3.15068493150685,0.787,2015,1625
"1573-2657","Journal of Muscle Research and Cell Motility","Springer","1","NULL",347,153,2.26797385620915,0.52,2015,3000
"1477-3155","Journal of Nanobiotechnology","BioMed Central Ltd","0","",1514,248,6.10483870967742,1.808,2015,2145
"1477-3155","Journal of Nanobiotechnology","BioMed Central Ltd","0","",1514,248,6.10483870967742,1.808,2015,1900
"1555-130X","Journal of Nanoelectronics and Optoelectronics","American Scientific Publishers","0","NULL",169,261,0.647509578544061,0.108,2015,1845
"1555-1318","Journal of Nanoelectronics and Optoelectronics","American Scientific Publishers","0","NULL",169,261,0.647509578544061,0.108,2015,1845
"1687-4110","Journal of Nanomaterials","","0","NULL",3949,1903,2.07514450867052,0.465,2015,1845
"1687-4129","Journal of Nanomaterials","Hindawi Publishing Corporation","0","Technology",3949,1903,2.07514450867052,0.465,2015,1200
"1687-4129","Journal of Nanomaterials","Hindawi Publishing Corporation","0","Technology",3949,1903,2.07514450867052,0.465,2015,2000
"1687-4129","Journal of Nanomaterials","Hindawi Publishing Corporation","0","Technology",3949,1903,2.07514450867052,0.465,2015,1500
"1572-896X","Journal of Nanoparticle Research","Springer","1","NULL",8839,3026,2.92101784534038,0.715,2015,3000
"1533-4880","Journal of Nanoscience and Nanotechnology","American Scientific Publishers","0","NULL",6216,5878,1.0575025518884,0.199,2015,1845
"1533-4899","Journal of Nanoscience and Nanotechnology","American Scientific Publishers","0","NULL",6216,5878,1.0575025518884,0.199,2015,1845
"1687-9511","Journal of Nanotechnology","Hindawi Publishing Corporation","0","Technology",353,225,1.56888888888889,0.327,2015,1000
"1687-9511","Journal of Nanotechnology","Hindawi Publishing Corporation","0","Technology",353,225,1.56888888888889,0.327,2015,600
"1861-0293","Journal of Natural Medicines","Springer","1","NULL",918,485,1.89278350515464,0.415,2015,3000
"0163-3864","Journal of Natural Products","Amer Chemical Soc","0","Food Science",7014,1861,3.76894142933907,0.986,2015,0
"0163-3864","Journal of Natural Products","Amer Chemical Soc","0","Food Science",7014,1861,3.76894142933907,0.986,2015,4000
"2070-8998","Journal of Naval Architecture and Marine Engineering"," Association of Naval Architects and Marine Engineers","0","Technology",32,54,0.592592592592593,0.096,2015,1845
"1477-5751","Journal of Negative Results in Biomedicine","Biomed Central Ltd","0","NULL",101,72,1.40277777777778,0.284,2015,2145
"1477-5751","Journal of Negative Results in Biomedicine","Biomed Central Ltd","0","NULL",101,72,1.40277777777778,0.284,2015,1625
"0028-2715","Journal of Nepal Medical Association","","0","NULL",130,184,0.706521739130435,0.12,2015,1845
"1815-672X","Journal of Nepal Medical Association","Nepal Medical Association","0","Medicine",130,184,0.706521739130435,0.12,2015,0
"1990-7982","Journal of Nepal Paediatric Society","Nepal Paediatric Society","0","Medicine",39,85,0.458823529411765,0.07,2015,1845
"1724-6059","Journal of Nephrology","Springer","1","NULL",1187,641,1.85179407176287,0.403,2015,3000
"1573-7705","Journal of Network and Systems Management","Springer","1","NULL",141,127,1.11023622047244,0.212,2015,3000
"1796-2056","Journal of Networks","Advanced Science and Engineering Technology Institute (ASET)","0","NULL",748,939,0.796592119275825,0.14,2015,1845
"1435-1463","Journal of Neural Transmission","Springer","1","NULL",2576,853,3.01992966002345,0.746,2015,3000
"1866-1947","Journal of Neurodevelopmental Disorders","","0","NULL",705,160,4.40625,1.2,2015,1845
"1866-1955","Journal of Neurodevelopmental Disorders","Biomed Central","0","NULL",705,160,4.40625,1.2,2015,2450
"1743-0003","Journal of NeuroEngineering and Rehabilitation","Biomed Central","0","Sports Medicine",2517,503,5.00397614314115,1.408,2015,2240
"1743-0003","Journal of NeuroEngineering and Rehabilitation","Biomed Central","0","Sports Medicine",2517,503,5.00397614314115,1.408,2015,1625
"1743-0003","Journal of NeuroEngineering and Rehabilitation","Biomed Central","0","Sports Medicine",2517,503,5.00397614314115,1.408,2015,2000
"1557-1904","Journal of Neuroimmune Pharmacology","Springer","1","NULL",1370,367,3.73297002724796,0.974,2015,3000
"1742-2094","Journal of Neuroinflammation","Biomed Central","0","",5612,925,6.06702702702703,1.794,2015,2450
"1742-2094","Journal of Neuroinflammation","Biomed Central","0","",5612,925,6.06702702702703,1.794,2015,1625
"1742-2094","Journal of Neuroinflammation","Biomed Central","0","",5612,925,6.06702702702703,1.794,2015,203
"1432-1459","Journal of Neurology","Springer","1","NULL",5837,1967,2.96746314184037,0.73,2015,3000
"0976-3155","Journal of Neurosciences in Rural Practice","Medknow Publications","0","Medicine",323,343,0.941690962099125,0.172,2015,0
"1538-2443","Journal of Neurovirology","Springer","1","NULL",920,312,2.94871794871795,0.724,2015,3000
"2092-8637","Journal of Next Generation Information Technology","Convergence Information Society","0","NULL",48,106,0.452830188679245,0.069,2015,1845
"2233-9388","Journal of Next Generation Information Technology","Convergence Information Society","0","NULL",48,106,0.452830188679245,0.069,2015,1845
"1573-4862","Journal of Nondestructive Evaluation","Springer","1","NULL",308,188,1.63829787234043,0.346,2015,3000
"1432-1467","Journal of Nonlinear Science","Springer","1","NULL",385,150,2.56666666666667,0.608,2015,3000
"1573-3653","Journal of Nonverbal Behavior","Springer","1","NULL",316,110,2.87272727272727,0.701,2015,3000
"1532-6551","Journal of Nuclear Cardiology","Springer","1","NULL",1534,639,2.40062597809077,0.559,2015,3000
"1881-1248","Journal of Nuclear Science and Technology","Atomic Energy Society of Japan","0","NULL",890,670,1.32835820895522,0.266,2015,0
"2090-021X","Journal of Nucleic Acids","Hindawi Publishing Corporation","0","Science",560,184,3.04347826086957,0.753,2015,1000
"2035-6005","Journal of Nucleic Acids Investigation","PAGEPress Publications","0","Science",21,27,0.777777777777778,0.135,2015,1845
"2090-0732","Journal of Nutrition and Metabolism","Hindawi Publishing Corporation","0","Medicine",752,212,3.54716981132075,0.913,2015,1000
"2090-0716","Journal of Obesity","Hindawi Publishing Corporation","0","Medicine",1759,455,3.86593406593407,1.018,2015,1845
"1348-9585","Journal of Occupational Health","Japan Soc Occupational Health","0","NULL",531,262,2.02671755725191,0.452,2015,0
"1348-9585","Journal of Occupational Health","Japan Soc Occupational Health","0","NULL",531,262,2.02671755725191,0.452,2015,927
"1745-6673","Journal of Occupational Medicine and Toxicology","BioMed Central Ltd","0","",351,163,2.15337423312883,0.488,2015,2260
"1745-6673","Journal of Occupational Medicine and Toxicology","BioMed Central Ltd","0","",351,163,2.15337423312883,0.488,2015,1740
"1573-3688","Journal of Occupational Rehabilitation","Springer","1","NULL",928,301,3.08305647840532,0.766,2015,3000
"1993-5021","Journal of Ocean University of China","Springer","1","NULL",265,351,0.754985754985755,0.13,2015,3000
"2001-7367","Journal of Official Statistics","De Gruyter Open","0","Social Sciences",168,136,1.23529411764706,0.242,2015,1845
"1347-3352","Journal of Oleo Science","J-Stage","0","NULL",743,506,1.46837944664032,0.301,2015,0
"1687-8469","Journal of Oncology","Hindawi Publishing Corporation","0","Medicine",1445,403,3.58560794044665,0.926,2015,1000
"1687-8469","Journal of Oncology","Hindawi Publishing Corporation","0","Medicine",1445,403,3.58560794044665,0.926,2015,800
"2090-004X","Journal of Ophthalmology","","0","NULL",809,393,2.05852417302799,0.461,2015,1845
"2090-0058","Journal of Ophthalmology","Hindawi Publishing Corporation","0","Medicine",809,393,2.05852417302799,0.461,2015,2000
"1573-2878","Journal of Optimization Theory and Applications","Springer","1","NULL",1521,823,1.84811664641555,0.402,2015,3000
"1998-393X","Journal of Oral and Maxillofacial Pathology","Medknow Publications","0","Medicine",516,368,1.40217391304348,0.284,2015,1845
"2000-2297","Journal of Oral Microbiology","","0","NULL",359,85,4.22352941176471,1.138,2015,1845
"2193-7206","Journal of Ornithology","Springer","1","NULL",1254,636,1.97169811320755,0.436,2015,3000
"1749-799X","Journal of Orthopaedic Surgery and Research","BioMed Central Ltd","0","",881,359,2.45403899721448,0.575,2015,2450
"1749-799X","Journal of Orthopaedic Surgery and Research","BioMed Central Ltd","0","",881,359,2.45403899721448,0.575,2015,0
"1749-799X","Journal of Orthopaedic Surgery and Research","BioMed Central Ltd","0","",881,359,2.45403899721448,0.575,2015,2034.5
"1590-9999","Journal of Orthopaedics and Traumatology","Springer","0","Medicine",450,189,2.38095238095238,0.553,2015,0
"2042-0064","Journal of Osteoporosis","Hindawi Publishing Corporation","0","Medicine",254,130,1.95384615384615,0.431,2015,1845
"1757-2215","Journal of Ovarian Research","Biomed Central","0","",875,298,2.93624161073825,0.72,2015,2145
"1757-2215","Journal of Ovarian Research","Biomed Central","0","",875,298,2.93624161073825,0.72,2015,1625
"1757-2215","Journal of Ovarian Research","Biomed Central","0","",875,298,2.93624161073825,0.72,2015,1730
"1178-7090","Journal of Pain Research","Dove Medical Press","0","Medicine",872,288,3.02777777777778,0.749,2015,1958
"1573-0417","Journal of Paleolimnology","Springer","1","NULL",1231,466,2.64163090128755,0.63,2015,3000
"0825-8597","Journal of Palliative Care","Sage Publishing","1","Medicine",198,155,1.27741935483871,0.253,2015,3000
"2090-0031","Journal of Parasitology Research","Hindawi Publishing Corporation","0","Medicine",313,160,1.95625,0.432,2015,750
"2153-3539","Journal of Pathology Informatics","Wolters Kluwer Medknow Publications","0","Medicine",517,217,2.38248847926267,0.554,2015,1845
"1998-3948","Journal of Pediatric Neurosciences","Medknow Publications","0","Medicine",265,353,0.75070821529745,0.13,2015,1845
"1612-4766","Journal of Pest Science","Springer","1","NULL",960,313,3.06709265175719,0.761,2015,3000
"1349-0923","Journal of Pesticide Science","Self Owned - Non-Profit Society","0","NULL",165,188,0.877659574468085,0.158,2015,130
"1349-0923","Journal of Pesticide Science","Self Owned - Non-Profit Society","0","NULL",165,188,0.877659574468085,0.158,2015,1450
"1939-8042","Journal of Pharmaceutical Innovation","Springer","1","NULL",175,109,1.60550458715596,0.337,2015,3000
"2093-6214","Journal of Pharmaceutical Investigation","Springer","1","NULL",175,174,1.00574712643678,0.187,2015,3000
"1573-8744","Journal of Pharmacokinetics and Pharmacodynamics","Springer","1","NULL",484,230,2.10434782608696,0.474,2015,3000
"1347-8648","Journal of Pharmacological Sciences","Japanese Pharmacological Soc","0","NULL",1678,754,2.22546419098143,0.508,2015,0
"1347-8648","Journal of Pharmacological Sciences","Japanese Pharmacological Soc","0","NULL",1678,754,2.22546419098143,0.508,2015,1920
"0976-5018","Journal of Pharmacology and Pharmacotherapeutics","Medknow Publications, Media Pvt Ltd","0","Medicine",545,297,1.83501683501683,0.399,2015,300
"0975-7406","Journal of Pharmacy and Bioallied Sciences","Medknow Publications","0","Medicine",798,448,1.78125,0.384,2015,250
"1482-1826","Journal of Pharmacy and Pharmaceutical Sciences","Canadian Society for Pharmaceutical Sciences","0","Medicine",630,226,2.78761061946903,0.675,2015,0
"2328-2150","Journal of Pharmacy and Pharmacology","David Publishing","0","NULL",2255,887,2.54227733934611,0.601,2015,1845
"1863-7345","Journal of Phase Equilibria and Diffusion","Springer","1","NULL",264,302,0.874172185430464,0.157,2015,3000
"1573-0433","Journal of Philosophical Logic","Springer","1","NULL",249,170,1.46470588235294,0.3,2015,3000
"0915-5287","Journal of Physical Therapy Science","Self Owned - Non-Profit Society","0","",2476,1244,1.9903536977492,0.442,2015,0
"0915-5287","Journal of Physical Therapy Science","Self Owned - Non-Profit Society","0","",2476,1244,1.9903536977492,0.442,2015,3125
"0915-5287","Journal of Physical Therapy Science","Self Owned - Non-Profit Society","0","",2476,1244,1.9903536977492,0.442,2015,90
"1880-6805","Journal of Physiological Anthropology","BioMed Central","0","Geography. Anthropology. Recreation",268,136,1.97058823529412,0.436,2015,1565
"1877-8755","Journal of Physiology and Biochemistry","Springer","1","NULL",813,351,2.31623931623932,0.534,2015,3000
"1899-1505","Journal of Physiology and Pharmacology","Polish Physiological Soc","0","NULL",966,418,2.311004784689,0.533,2015,64
"1899-1505","Journal of Physiology and Pharmacology","Polish Physiological Soc","0","NULL",966,418,2.311004784689,0.533,2015,132
"1836-9553","Journal of Physiotherapy","","0","NULL",679,245,2.77142857142857,0.67,2015,1845
"1867-0725","Journal of Plant Biology","Springer","1","NULL",369,230,1.60434782608696,0.337,2015,3000
"1861-3837","Journal of Plant Diseases and Protection","Springer","1","NULL",102,134,0.761194029850746,0.132,2015,3000
"1435-8107","Journal of Plant Growth Regulation","Springer","1","NULL",890,310,2.87096774193548,0.7,2015,3000
"1899-007X","Journal of Plant Protection Research","De Gruyter Open","0","Agriculture",330,306,1.07843137254902,0.204,2015,1845
"1618-0860","Journal of Plant Research","Springer","1","NULL",859,378,2.27248677248677,0.522,2015,3000
"1936-6469","Journal of Police and Criminal Psychology","Springer","1","NULL",107,65,1.64615384615385,0.348,2015,3000
"1073-0451","Journal of Political Ecology","University of Arizona Libraries","0","Geography. Anthropology. Recreation",20,9,2.22222222222222,0.507,2015,0
"1572-8935","Journal of Polymer Research","Springer","1","NULL",2882,1198,2.40567612687813,0.56,2015,3000
"1572-8900","Journal of Polymers and the Environment","Springer","1","NULL",1274,501,2.54291417165669,0.601,2015,3000
"1874-7876","Journal of Population Ageing","Springer","1","NULL",92,67,1.37313432835821,0.277,2015,3000
"1432-1475","Journal of Population Economics","Springer","1","NULL",804,270,2.97777777777778,0.733,2015,3000
"1835-9469","Journal of Population Research","Springer","1","NULL",102,79,1.29113924050633,0.256,2015,3000
"1573-4854","Journal of Porous Materials","Springer","1","NULL",904,574,1.57491289198606,0.329,2015,3000
"0022-3859","Journal of Postgraduate Medicine","Self Owned - Non-Profit Society","0","Medicine",445,338,1.31656804733728,0.263,2015,0
"0972-2823","Journal of Postgraduate Medicine","Medknow Publications","0","Medicine",445,338,1.31656804733728,0.263,2015,0
"1349-0486","Journal of Poultry Science","J-Stage","0","NULL",236,221,1.06787330316742,0.202,2015,0
"1349-0486","Journal of Poultry Science","J-Stage","0","NULL",236,221,1.06787330316742,0.202,2015,600
"2090-2735","Journal of Pregnancy","Hindawi Publishing Corporation","0","Medicine",476,148,3.21621621621622,0.808,2015,1845
"1687-9538","Journal of Probability and Statistics","Hindawi Publishing Corporation","0","Science",102,127,0.803149606299213,0.141,2015,1000
"1687-9538","Journal of Probability and Statistics","Hindawi Publishing Corporation","0","Science",102,127,0.803149606299213,0.141,2015,600
"1573-0441","Journal of Productivity Analysis","Springer","1","NULL",611,222,2.75225225225225,0.664,2015,3000
"0974-276X","Journal of Proteomics & Bioinformatics","Omics Publ Grp","0","NULL",356,248,1.43548387096774,0.293,2015,1800
"1488-2434","Journal of Psychiatry & Neuroscience","Cma Media Inc","0","NULL",1315,233,5.64377682403433,1.638,2015,0
"1573-6555","Journal of Psycholinguistic Research","Springer","1","NULL",182,141,1.29078014184397,0.256,2015,3000
"1573-3505","Journal of Psychopathology and Behavioral Assessment","Springer","1","NULL",886,285,3.10877192982456,0.774,2015,3000
"1613-2238","Journal of Public Health","Springer","1","NULL",1765,777,2.27155727155727,0.521,2015,3000
"1573-7799","Journal of Quantitative Criminology","Springer","1","NULL",627,139,4.51079136690648,1.236,2015,3000
"0449-3060","Journal of Radiation Research","","0","NULL",1232,626,1.96805111821086,0.435,2015,1845
"1349-9157","Journal of Radiation Research","Oxford University Press","0","Science",1232,626,1.96805111821086,0.435,2015,0
"1349-9157","Journal of Radiation Research","Oxford University Press","0","Science",1232,626,1.96805111821086,0.435,2015,1200
"1588-2780","Journal of Radioanalytical and Nuclear Chemistry","Springer","1","NULL",3043,2834,1.07374735356387,0.203,2015,3000
"1943-0922","Journal of Radiology Case Reports","EduRad Publishing","0","Medicine",299,250,1.196,0.233,2015,0
"0896-5803","Journal of Real Estate Research","Self Owned - Non-Profit Society","0","NULL",233,107,2.17757009345794,0.494,2015,135
"0896-5803","Journal of Real Estate Research","Self Owned - Non-Profit Society","0","NULL",233,107,2.17757009345794,0.494,2015,0
"1573-0468","Journal of Regulatory Economics","Springer","1","NULL",365,139,2.62589928057554,0.626,2015,3000
"0748-7711","Journal of Rehabilitation Research and Development","Self Owned - Non-Profit Society","0","Sports Medicine",1429,597,2.39363484087102,0.557,2015,0
"1348-4400","Journal of Reproduction and Development","Japanese Soc Animal Reproduction","0","NULL",830,455,1.82417582417582,0.396,2015,0
"1348-4400","Journal of Reproduction and Development","Japanese Soc Animal Reproduction","0","NULL",830,455,1.82417582417582,0.396,2015,1530
"1443-458X","Journal of Research and Practice in Information Technology","Self Owned - Non-Profit Society","0","NULL",48,55,0.872727272727273,0.157,2015,0
"1735-1995","Journal of Research in Medical Sciences","","0","NULL",1290,928,1.39008620689655,0.281,2015,1845
"1735-7136","Journal of Research in Medical Sciences","Isfahan University of Medical Sciences","0","Medicine",1290,928,1.39008620689655,0.281,2015,1845
"1044-677X","Journal of Research of the National Institute of Standards and Technology","Us Government Printing Office","0","NULL",126,99,1.27272727272727,0.252,2015,0
"2165-7254","Journal of Research of the National Institute of Standards and Technology","The National Institute of Standards and Technology","0","Science",126,99,1.27272727272727,0.252,2015,0
"1712-851X","Journal of Research Practice","Athabasca University Press ","0","General Works",93,59,1.57627118644068,0.329,2015,0
"1573-0476","Journal of Risk and Uncertainty","Springer","1","NULL",407,123,3.30894308943089,0.837,2015,3000
"1863-2491","Journal of Robotic Surgery","Springer","1","NULL",162,202,0.801980198019802,0.141,2015,3000
"1687-9619","Journal of Robotics","Hindawi Publishing Corporation","0","Technology",147,100,1.47,0.302,2015,1000
"1687-9619","Journal of Robotics","Hindawi Publishing Corporation","0","Technology",147,100,1.47,0.302,2015,600
"1319-6103","Journal of Saudi Chemical Society","","0","NULL",699,336,2.08035714285714,0.467,2015,1845
"1099-1425","Journal of Scheduling","Springer","1","NULL",425,230,1.84782608695652,0.402,2015,3000
"1573-1839","Journal of Science Education and Technology","Springer","1","NULL",742,318,2.33333333333333,0.539,2015,3000
"1573-1847","Journal of Science Teacher Education","Springer","1","NULL",514,237,2.16877637130802,0.492,2015,3000
"2223-2559","Journal of Scientific & Industrial Research","Natl Inst Science Communication","0","NULL",187,147,1.27210884353742,0.251,2015,0
"1573-7691","Journal of Scientific Computing","Springer","1","NULL",1224,514,2.38132295719844,0.553,2015,3000
"2070-0245","Journal of Scientific Research","Rajshahi University","0","Science",219,233,0.939914163090129,0.172,2015,1845
"1573-157X","Journal of Seismology","Springer","1","NULL",438,250,1.752,0.376,2015,3000
"1687-725X","Journal of Sensors","","0","NULL",331,179,1.84916201117318,0.403,2015,1845
"1687-7268","Journal of Sensors","Hindawi","0","",331,179,1.84916201117318,0.403,2015,2000
"1687-7268","Journal of Sensors","Hindawi","0","",331,179,1.84916201117318,0.403,2015,1250
"1687-7268","Journal of Sensors","Hindawi","0","",331,179,1.84916201117318,0.403,2015,1750
"1941-4722","Journal of Service Science","The Clute Institute","0","NULL",72,54,1.33333333333333,0.267,2015,1845
"1941-4730","Journal of Service Science","The Clute Institute","0","NULL",72,54,1.33333333333333,0.267,2015,1845
"1939-8115","Journal of Signal Processing Systems","Springer","1","NULL",2,1,2,0.444,2015,3000
"2090-1747","Journal of Signal Transduction","Hindawi Publishing Corporation","0","Science",460,108,4.25925925925926,1.15,2015,800
"2305-9249","Journal of Social Sciences","Centre of Excellence for Scientific & Research Journalism (COES&RJ)","0","NULL",249,313,0.795527156549521,0.139,2015,1845
"2305-9494","Journal of Social Sciences","Centre of Excellence for Scientific & Research Journalism (COES&RJ)","0","NULL",249,313,0.795527156549521,0.139,2015,1845
"1796-217X","Journal of Software","Advanced Science and Engineering Technology Institute (ASET)","0","NULL",1326,2034,0.651917404129793,0.108,2015,1845
"2195-1721","Journal of Software Engineering Research and Development","Springer","0","Science",12,10,1.2,0.234,2015,1085
"1941-3300","Journal of Soil and Water Conservation","Soil and Water Conservation Society","0","NULL",797,575,1.38608695652174,0.28,2015,0
"1614-7480","Journal of Soils and Sediments","Springer","1","NULL",2049,791,2.59039190897598,0.615,2015,3000
"1433-0768","Journal of Solid State Electrochemistry","Springer","1","NULL",3952,1655,2.38791540785498,0.555,2015,3000
"1572-8927","Journal of Solution Chemistry","Springer","1","NULL",954,675,1.41333333333333,0.287,2015,3000
"2115-7251","Journal of Space Weather and Space Climate","","0","NULL",305,95,3.21052631578947,0.806,2015,1845
"1948-660X","Journal of Spatial Information Science","University of Maine","0","Geography. Anthropology. Recreation",172,47,3.65957446808511,0.95,2015,0
"1857-663X","Journal of Special Education and Rehabilitation","Faculty of Philosophy, Institute of Special Education and Rehabilitation","0","Education",25,27,0.925925925925926,0.169,2015,0
"2095-2546","Journal of Sport and Health Science","","0","NULL",257,113,2.27433628318584,0.522,2015,1845
"1303-2968","Journal of Sports Science and Medicine","Ios Press","0","Sports Medicine",1187,517,2.29593810444874,0.528,2015,600
"1303-2968","Journal of Sports Science and Medicine","Ios Press","0","Sports Medicine",1187,517,2.29593810444874,0.528,2015,725
"1303-2968","Journal of Sports Science and Medicine","Ios Press","0","Sports Medicine",1187,517,2.29593810444874,0.528,2015,1600
"1572-9613","Journal of Statistical Physics","Springer","1","NULL",1720,1054,1.63187855787476,0.344,2015,3000
"1548-7660","Journal of Statistical Software","Foundation for Open Access Statistics","0","Social Sciences",4938,413,11.956416464891,4.213,2015,0
"1570-0267","Journal of Structural and Functional Genomics","Springer","1","NULL",176,102,1.72549019607843,0.369,2015,3000
"1557-1947","Journal of Superconductivity and Novel Magnetism","Springer","1","NULL",1688,1534,1.10039113428944,0.21,2015,3000
"1558-9293","Journal of Surfactants and Detergents","Springer","1","NULL",826,442,1.86877828054299,0.408,2015,3000
"1759-6831","Journal of Systematics and Evolution","Botanical Society of China","0","NULL",512,286,1.79020979020979,0.386,2015,0
"1759-2208","Journal of Systems Chemistry","Chemistry Central Ltd","0","NULL",121,30,4.03333333333333,1.074,2015,0
"1552-7824","Journal of the Academy of Marketing Science","Springer","1","NULL",2621,237,11.0590717299578,3.819,2015,3000
"1558-7118","Journal of the American Board of Family Medicine","Amer Board Family Medicine","0","NULL",1432,558,2.5663082437276,0.608,2015,0
"1551-2916","Journal of the American Heart Association","Wiley","0","NULL",3885,755,5.14569536423841,1.459,2015,2300
"2047-9980","Journal of the American Heart Association","Wiley","0","Medicine",3885,755,5.14569536423841,1.459,2015,1845
"1879-1123","Journal of the American Society for Mass Spectrometry","Springer","1","NULL",3752,1150,3.26260869565217,0.822,2015,3000
"1536-9323","Journal of the Association for Information Systems","Association for Information Systems","0","",329,42,7.83333333333333,2.475,2015,0
"1536-9323","Journal of the Association for Information Systems","Association for Information Systems","0","",329,42,7.83333333333333,2.475,2015,75
"0103-5053","Journal of the Brazilian Chemical Society","","0","NULL",1703,1351,1.26054774241303,0.249,2015,1845
"1678-4790","Journal of the Brazilian Chemical Society","Soc Brasileira Quimica","0","NULL",1703,1351,1.26054774241303,0.249,2015,0
"1806-3691","Journal of the Brazilian Society of Mechanical Sciences and Engineering","Springer","1","NULL",234,280,0.835714285714286,0.148,2015,0
"1806-3691","Journal of the Brazilian Society of Mechanical Sciences and Engineering","Springer","1","NULL",234,280,0.835714285714286,0.148,2015,3000
"1488-2159","Journal of the Canadian Dental Association","Self Owned - Non-Profit Society","0","Dentistry",256,180,1.42222222222222,0.289,2015,0
"1882-1022","Journal of the Ceramic Society of Japan","Ceramic Society of Japan","0","NULL",812,793,1.02395964691047,0.191,2015,0
"1882-1022","Journal of the Ceramic Society of Japan","Ceramic Society of Japan","0","NULL",812,793,1.02395964691047,0.191,2015,1430
"0717-9707","Journal of the Chilean Chemical Society","Sociedad Chilena De Quimica","0","NULL",324,443,0.7313769751693,0.125,2015,0
"1726-4901","Journal of the Chinese Medical Association","","0","NULL",675,562,1.20106761565836,0.234,2015,1845
"0929-6646","Journal of the Formosan Medical Association","","0","NULL",1023,618,1.65533980582524,0.35,2015,1845
"1573-0387","Journal of the History of Biology","Springer","1","NULL",125,98,1.27551020408163,0.252,2015,3000
"1758-2652","Journal of the International AIDS Society","BioMed Central Ltd","0","",2358,948,2.4873417721519,0.584,2015,1960
"1758-2652","Journal of the International AIDS Society","BioMed Central Ltd","0","",2358,948,2.4873417721519,0.584,2015,2400
"1550-2783","Journal of the International Society of Sports Nutrition","Biomed Central","0","",749,286,2.61888111888112,0.624,2015,2145
"1550-2783","Journal of the International Society of Sports Nutrition","Biomed Central","0","",749,286,2.61888111888112,0.624,2015,1625
"1550-2783","Journal of the International Society of Sports Nutrition","Biomed Central","0","",749,286,2.61888111888112,0.624,2015,1730
"1550-2783","Journal of the International Society of Sports Nutrition","Biomed Central","0","",749,286,2.61888111888112,0.624,2015,1781
"1735-2428","Journal of the Iranian Chemical Society","Springer","1","NULL",919,632,1.45411392405063,0.298,2015,0
"1735-2428","Journal of the Iranian Chemical Society","Springer","1","NULL",919,632,1.45411392405063,0.298,2015,3000
"1349-273X","Journal of the Japan Petroleum Institute","Japan Petroleum Inst","0","NULL",145,174,0.833333333333333,0.148,2015,0
"1868-7873","Journal of the Knowledge Economy","Springer","1","NULL",278,133,2.09022556390977,0.47,2015,3000
"1976-8524","Journal of the Korean Physical Society","Springer","1","NULL",1863,2503,0.744306831801838,0.128,2015,3000
"1536-5050","Journal of the Medical Library Association","","0","NULL",413,254,1.6259842519685,0.342,2015,1845
"1558-9439","Journal of the Medical Library Association","Medical Library Assoc","0","NULL",413,254,1.6259842519685,0.342,2015,0
"0026-1165","Journal of the Meteorological Society of Japan","Meteorological Soc Jpn","0","NULL",505,289,1.74740484429066,0.375,2015,0
"0026-1165","Journal of the Meteorological Society of Japan","Meteorological Soc Jpn","0","NULL",505,289,1.74740484429066,0.375,2015,795
"0026-1165","Journal of the Meteorological Society of Japan","Meteorological Soc Jpn","0","NULL",505,289,1.74740484429066,0.375,2015,766.19
"2186-9057","Journal of the Meteorological Society of Japan","Meteorological Society of Japan","0","Science",505,289,1.74740484429066,0.375,2015,1845
"1476-9360","Journal of the Operations Research Society of Japan","Operations Research Society of Japan","0","NULL",26,45,0.577777777777778,0.093,2015,0
"2042-8189","Journal of the Royal College of Physicians of Edinburgh","Royal College of Physicians of Edinburgh","0","Medicine",284,242,1.17355371900826,0.227,2015,1845
"1820-7421","Journal of the Serbian Chemical Society","Serbian Chemical Soc","0","NULL",724,650,1.11384615384615,0.213,2015,0
"1021-2019","Journal of the South African Institution of Civil Engineering","Self Owned - Non-Profit Society","0","",41,55,0.745454545454545,0.128,2015,0
"1314-8710","Journal of Theoretical and Applied Mechanics","Versita ","0","Technology",353,344,1.02616279069767,0.192,2015,0
"1572-9230","Journal of Theoretical Probability","Springer","1","NULL",286,250,1.144,0.22,2015,3000
"1588-2926","Journal of Thermal Analysis and Calorimetry","Springer","1","NULL",6085,3483,1.74705713465403,0.375,2015,3000
"1993-033X","Journal of Thermal Science","Springer","1","NULL",208,300,0.693333333333333,0.117,2015,3000
"1544-1016","Journal of Thermal Spray Technology","Springer","1","NULL",1496,688,2.17441860465116,0.494,2015,3000
"1687-9252","Journal of Thermodynamics","Hindawi Publishing Corporation","0","Science",84,58,1.44827586206897,0.296,2015,750
"1687-9252","Journal of Thermodynamics","Hindawi Publishing Corporation","0","Science",84,58,1.44827586206897,0.296,2015,600
"1573-742X","Journal of Thrombosis and Thrombolysis","Springer","1","NULL",1416,666,2.12612612612613,0.48,2015,3000
"2042-0072","Journal of Thyroid Research","Hindawi Publishing Corporation","0","Medicine",430,167,2.5748502994012,0.61,2015,1000
"2041-7314","Journal of Tissue Engineering","SAGE Publishing","0","Science",330,88,3.75,0.98,2015,1500
"1881-915X","Journal of Toxicologic Pathology","J-Stage","0","NULL",176,161,1.09316770186335,0.208,2015,0
"1881-915X","Journal of Toxicologic Pathology","J-Stage","0","NULL",176,161,1.09316770186335,0.208,2015,1325
"1880-3989","Journal of Toxicological Sciences","J-Stage","0","NULL",854,515,1.65825242718447,0.351,2015,0
"1880-3989","Journal of Toxicological Sciences","J-Stage","0","NULL",854,515,1.65825242718447,0.351,2015,930
"1687-8205","Journal of Toxicology","Hindawi Publishing Corporation","0","Medicine",520,177,2.93785310734463,0.721,2015,800
"1479-5876","Journal of Translational Medicine","Biomed Central","0","Molecular and Cell Biology",5718,1405,4.06975088967972,1.086,2015,2145
"1479-5876","Journal of Translational Medicine","Biomed Central","0","Molecular and Cell Biology",5718,1405,4.06975088967972,1.086,2015,1900
"1479-5876","Journal of Translational Medicine","Biomed Central","0","Molecular and Cell Biology",5718,1405,4.06975088967972,1.086,2015,2000
"2090-0015","Journal of Transplantation","Hindawi Publishing Corporation","0","Medicine",342,168,2.03571428571429,0.454,2015,1000
"1938-7849","Journal of Transport and Land Use","","0","NULL",210,103,2.03883495145631,0.455,2015,1845
"1938-775X","Journal of Transportation Security","Springer","1","NULL",117,86,1.36046511627907,0.274,2015,3000
"1752-2897","Journal of Trauma Management & Outcomes","Biomed Central Ltd","0","NULL",100,59,1.69491525423729,0.361,2015,1625
"1687-9694","Journal of Tropical Medicine","Hindawi Publishing Corporation","0","Medicine",431,268,1.60820895522388,0.338,2015,800
"2196-064X","Journal of Trust Management","Springer","0","Science",23,9,2.55555555555556,0.605,2015,1085
"1876-7931","Journal of Ultrasound","Springer","1","NULL",229,175,1.30857142857143,0.261,2015,3000
"0948-6968","Journal of Universal Computer Science","Springer","0","NULL",803,537,1.49534450651769,0.308,2015,0
"0972-9062","Journal of Vector Borne Diseases","MALARIA RESEARCH CENTRE","0","",345,248,1.39112903225806,0.281,2015,0
"1678-9199","Journal of Venomous Animals and Toxins Including Tropical Diseases","Self Owned - Non-Profit Society","0","",390,265,1.47169811320755,0.302,2015,2145
"1678-9199","Journal of Venomous Animals and Toxins Including Tropical Diseases","Self Owned - Non-Profit Society","0","",390,265,1.47169811320755,0.302,2015,0
"1678-9199","Journal of Venomous Animals and Toxins Including Tropical Diseases","Self Owned - Non-Profit Society","0","",390,265,1.47169811320755,0.302,2015,1781
"0891-6640","Journal of Veterinary Internal Medicine","","0","NULL",2849,995,2.86331658291457,0.698,2015,1845
"1476-4431","Journal of Veterinary Internal Medicine","Wiley","0","NULL",2849,995,2.86331658291457,0.698,2015,1650
"1939-1676","Journal of Veterinary Internal Medicine","Wiley","0","Agriculture",2849,995,2.86331658291457,0.698,2015,1650
"1347-7439","Journal of Veterinary Medical Science","Japan Soc Vet Sci","0","NULL",1440,1288,1.11801242236025,0.214,2015,0
"1347-7439","Journal of Veterinary Medical Science","Japan Soc Vet Sci","0","NULL",1440,1288,1.11801242236025,0.214,2015,2547
"1229-845X","Journal of Veterinary Science","Self Owned - Non-Profit Society","0","Veterinary",447,296,1.51013513513514,0.312,2015,0
"1229-845X","Journal of Veterinary Science","Self Owned - Non-Profit Society","0","Veterinary",447,296,1.51013513513514,0.312,2015,900
"1534-7362","Journal of Vision","Association for Research in Vision and Ophthalmology","0","Medicine",5728,5189,1.10387357872422,0.21,2015,0
"1534-7362","Journal of Vision","Association for Research in Vision and Ophthalmology","0","Medicine",5728,5189,1.10387357872422,0.21,2015,1275
"1534-7362","Journal of Vision","Association for Research in Vision and Ophthalmology","0","Medicine",5728,5189,1.10387357872422,0.21,2015,1850
"1875-8975","Journal of Visualization","Springer","1","NULL",332,192,1.72916666666667,0.37,2015,3000
"2083-4535","Journal of Water and Land Development","De Gruyter Open","0","Technology",54,65,0.830769230769231,0.147,2015,1845
"1611-4663","Journal of Wood Science","Springer","1","NULL",409,316,1.29430379746835,0.257,2015,3000
"1573-7802","Journal of World Prehistory","Springer","0","",129,44,2.93181818181818,0.719,2015,3000
"1573-6601","Journal of Youth and Adolescence","Springer","1","NULL",3454,650,5.31384615384615,1.519,2015,3000
"1861-2040","Journal on Data Semantics","Springer","1","NULL",109,39,2.79487179487179,0.677,2015,3000
"1783-8738","Journal on Multimodal User Interfaces","Springer","1","NULL",250,133,1.8796992481203,0.411,2015,3000
"2042-5333","JRSM Short Reports","SAGE Publishing","0","Medicine",324,251,1.29083665338645,0.256,2015,1845
"1930-2975","Judgment and Decision Making","Self Owned - Non-Profit Society","0","",1106,285,3.88070175438596,1.023,2015,0
"1300-6045","Kafkas Universitesi Veteriner Fakultesi Dergisi","","0","NULL",385,531,0.725047080979284,0.124,2015,1845
"1309-2251","Kafkas Universitesi Veteriner Fakultesi Dergisi","University of Kafkas","0","Agriculture",385,531,0.725047080979284,0.124,2015,250
"1874-933X","Kew Bulletin","Springer","1","NULL",149,237,0.628691983122363,0.104,2015,3000
"1420-4096","Kidney & Blood Pressure Research","","0","NULL",989,374,2.64438502673797,0.631,2015,1845
"1423-0143","Kidney & Blood Pressure Research","Karger Publishers","0","Medicine",989,374,2.64438502673797,0.631,2015,1727.04
"0219-3116","Knowledge and Information Systems","Springer","1","NULL",1482,461,3.21475054229935,0.807,2015,3000
"1961-9502","Knowledge and Management of Aquatic Ecosystems","EDP Sciences","0","",277,204,1.3578431372549,0.273,2015,0
"0075-6458","Koedoe","","0","NULL",102,75,1.36,0.273,2015,1845
"2005-7288","Korean Journal of Medical Education","Korean Society of Medical Education","0","Education",134,161,0.832298136645963,0.147,2015,1845
"2093-5609","Korean Journal of Medical History","Korean Society for the History of Medicine","0","Medicine",17,30,0.566666666666667,0.091,2015,1845
"2005-372X","Korean Journal of Orthodontics","Korean Association of Orthodontists","0","NULL",229,176,1.30113636363636,0.259,2015,0
"1738-0006","Korean Journal of Parasitology","Self Owned - Non-Profit Society","0","NULL",513,410,1.25121951219512,0.246,2015,0
"1738-0006","Korean Journal of Parasitology","Self Owned - Non-Profit Society","0","NULL",513,410,1.25121951219512,0.246,2015,650
"2092-7258","Korean Journal of Pediatrics","Korean Pediatric Society","0","Medicine",543,445,1.22022471910112,0.239,2015,1845
"2005-8330","Korean Journal of Radiology","Korean Radiological Soc","0","NULL",1024,562,1.8220640569395,0.395,2015,0
"2093-7695","Korean Journal of Women Health Nursing","Korean Academy of Women Health Nursing","0","Medicine",183,160,1.14375,0.22,2015,1845
"0023-5954","Kybernetika","Self Owned - Non-Profit Society","0","Robotics",201,228,0.881578947368421,0.159,2015,0
"1883-2032","Kyushu Journal of Mathematics","J-Stage","0","NULL",51,66,0.772727272727273,0.134,2015,0
"1868-6346","Laboratory Phonology","","0","NULL",178,80,2.225,0.508,2015,1845
"1868-6354","Laboratory Phonology","Ubiquity Press","0","Languages & Linguistics",178,80,2.225,0.508,2015,387.15
"0023-7213","Laeknabladid","","0","NULL",54,127,0.425196850393701,0.063,2015,1845
"1860-188X","Landscape and Ecological Engineering","Springer","1","NULL",185,136,1.36029411764706,0.274,2015,3000
"1572-9761","Landscape Ecology","Springer","1","NULL",2823,626,4.50958466453674,1.236,2015,3000
"1612-5118","Landslides","Springer","1","NULL",1060,286,3.70629370629371,0.965,2015,3000
"1934-5275","Language Documentation & Conservation","University of Hawai‘i Press","0","Language and Literature",29,30,0.966666666666667,0.178,2015,0
"1094-3501","Language Learning & Technology","University of Hawaii","0","Education",477,98,4.86734693877551,1.36,2015,0
"1573-1863","Language Policy","Springer","1","NULL",142,95,1.49473684210526,0.308,2015,3000
"1435-604X","Lasers in Medical Science","Springer","1","NULL",2516,807,3.1177199504337,0.777,2015,3000
"1851-8796","Latin American Applied Research","Self Owned - Mid Sized - Unknown Profit Status","0","NULL",69,102,0.676470588235294,0.114,2015,0
"0718-560X","Latin American Journal of Aquatic Research","Escuela de Ciencias del Mar, Facultad de Recursos Naturales, Pontificia Universidad Católica de Valparaíso","0","Agriculture",310,377,0.822281167108753,0.145,2015,300
"1679-7825","Latin American Journal of Solids and Structures","Brazilian Society of Mechanical Sciences and Engineering","0","Technology",330,269,1.22676579925651,0.24,2015,0
"1572-8617","Law and Critique","Springer","1","NULL",35,57,0.614035087719298,0.101,2015,3000
"1573-0522","Law and Philosophy","Springer","1","NULL",48,81,0.592592592592593,0.096,2015,3000
"1543-4508","Learning & Behavior","Springer","1","NULL",323,176,1.83522727272727,0.399,2015,3000
"1573-1855","Learning Environments Research","Springer","1","NULL",267,99,2.6969696969697,0.647,2015,3000
"0024-1032","Leprosy Review","Lepra","0","NULL",205,184,1.11413043478261,0.213,2015,0
"0305-7518","Leprosy Review","","0","NULL",205,184,1.11413043478261,0.213,2015,1845
"1573-0530","Letters in Mathematical Physics","Springer","1","NULL",928,350,2.65142857142857,0.633,2015,3000
"1864-404X","Letters in Spatial and Resource Sciences","Springer","1","NULL",42,67,0.626865671641791,0.103,2015,3000
"1819-6357","Libyan Journal of Medicine","Co-Action Publishing","0","Medicine",180,131,1.37404580152672,0.277,2015,1845
"1993-2820","Libyan Journal of Medicine","","0","NULL",180,131,1.37404580152672,0.277,2015,1845
"1572-9249","Lifetime Data Analysis","Springer","1","NULL",171,135,1.26666666666667,0.25,2015,3000
"0075-9511","Limnologica","Elsevier","1","Ecology and Evolution",468,253,1.8498023715415,0.403,2015,1500
"2300-7575","Limnological Review","De Gruyter Open","0","Science",39,66,0.590909090909091,0.096,2015,1845
"1439-863X","Limnology","Springer","1","NULL",179,142,1.26056338028169,0.249,2015,3000
"0024-3841","Lingua","Elsevier","1","Linguistics",999,566,1.76501766784452,0.38,2015,1800
"2083-6090","Lingua Posnaniensis","De Gruyter Open","0","Language and Literature",9,20,0.45,0.068,2015,1845
"1573-0549","Linguistics and Philosophy","Springer","1","NULL",135,78,1.73076923076923,0.37,2015,3000
"1558-9307","Lipids","Springer","1","NULL",1462,566,2.58303886925795,0.613,2015,3000
"1476-511X","Lipids in Health and Disease","Biomed Central","0","",2874,945,3.04126984126984,0.753,2015,2145
"1476-511X","Lipids in Health and Disease","Biomed Central","0","",2874,945,3.04126984126984,0.753,2015,1625
"1476-511X","Lipids in Health and Disease","Biomed Central","0","",2874,945,3.04126984126984,0.753,2015,2000
"1476-511X","Lipids in Health and Disease","Biomed Central","0","",2874,945,3.04126984126984,0.753,2015,1781
"0024-4937","Lithos","Elsevier","1","NULL",5607,1274,4.4010989010989,1.198,2015,3000
"0024-4937","Lithos","Elsevier","1","NULL",5607,1274,4.4010989010989,1.198,2015,3300
"1573-8825","Lithuanian Mathematical Journal","Springer","1","NULL",97,131,0.740458015267176,0.127,2015,3000
"1433-8351","Living Reviews in Relativity","Max Planck Inst","0","",539,26,20.7307692307692,8.419,2015,0
"1614-4961","Living Reviews in Solar Physics","","0","NULL",280,22,12.7272727272727,4.557,2015,1845
"1461-1570","Lms Journal of Computation and Mathematics","CAMBRIDGE UNIV PRESS","0","",219,143,1.53146853146853,0.318,2015,0
"1661-8300","Logica Universalis","Springer","1","NULL",77,68,1.13235294117647,0.217,2015,3000
"1860-5974","Logical Methods in Computer Science","Self Owned - Non-Profit Society","0","",512,318,1.61006289308176,0.338,2015,0
"1865-0368","Logistics Research","Springer","0","Social Sciences",166,76,2.18421052631579,0.496,2015,0
"1982-2391","Logos","Universidade do Estado do Rio de Janeiro","0","Language and Literature",15,62,0.241935483870968,0.031,2015,1845
"1063-777X","Low Temperature Physics","","0","NULL",420,577,0.72790294627383,0.125,2015,1845
"1432-1750","Lung","Springer","1","NULL",1052,432,2.43518518518519,0.569,2015,3000
"0974-598X","Lung India","Medknow Publications","0","Medicine",322,325,0.990769230769231,0.184,2015,1845
"1857-5625","Macedonian Journal of Chemistry and Chemical Engineering","Self Owned - Non-Profit Society","0","NULL",74,82,0.902439024390244,0.163,2015,0
"1573-0565","Machine Learning","Springer","1","NULL",1304,293,4.45051194539249,1.215,2015,3000
"1573-0573","Machine Translation","Springer","1","NULL",127,67,1.8955223880597,0.415,2015,3000
"1905-7873","Maejo International Journal of Science and Technology","Self Owned - Non-Profit Society","0","",30,29,1.03448275862069,0.194,2015,0
"1905-7873","Maejo International Journal of Science and Technology","Self Owned - Non-Profit Society","0","",30,29,1.03448275862069,0.194,2015,200
"0718-2244","Magallania","Self Owned - Non-Profit Society","0","NULL",98,90,1.08888888888889,0.207,2015,0
"1475-2875","Malaria Journal","BioMed Central","0","Medicine",8525,2343,3.63849765258216,0.943,2015,2240
"1475-2875","Malaria Journal","BioMed Central","0","Medicine",8525,2343,3.63849765258216,0.943,2015,1720
"1475-2875","Malaria Journal","BioMed Central","0","Medicine",8525,2343,3.63849765258216,0.943,2015,1900
"1475-2875","Malaria Journal","BioMed Central","0","Medicine",8525,2343,3.63849765258216,0.943,2015,1859
"2044-4362","Malaria Research and Treatment","Hindawi Publishing Corporation","0","Medicine",108,69,1.56521739130435,0.326,2015,750
"1432-1777","Mammalian Genome","Springer","1","NULL",810,283,2.86219081272085,0.697,2015,3000
"1861-8901","Management International Review","Springer","1","NULL",600,179,3.35195530726257,0.851,2015,3000
"1433-0466","Manuelle Medizin","Springer","1","NULL",54,118,0.457627118644068,0.069,2015,3000
"1432-1785","Manuscripta Mathematica","Springer","1","NULL",256,297,0.861952861952862,0.154,2015,3000
"1867-1624","Marine Biodiversity","Springer","1","NULL",354,187,1.89304812834225,0.415,2015,3000
"1755-2672","Marine Biodiversity Records","BioMed Central","0","Science",339,445,0.761797752808989,0.132,2015,1175
"1755-2672","Marine Biodiversity Records","BioMed Central","0","Science",339,445,0.761797752808989,0.132,2015,1781
"1432-1793","Marine Biology","Springer","1","NULL",3409,1227,2.77832110839446,0.672,2015,3000
"1436-2236","Marine Biotechnology","Springer","1","NULL",1239,384,3.2265625,0.811,2015,3000
"1660-3397","Marine Drugs","Self Owned - Mid Sized - Unknown Profit Status","0","Food Science",5454,1169,4.66552609067579,1.289,2015,1493
"1660-3397","Marine Drugs","Self Owned - Mid Sized - Unknown Profit Status","0","Food Science",5454,1169,4.66552609067579,1.289,2015,1934
"1660-3397","Marine Drugs","Self Owned - Mid Sized - Unknown Profit Status","0","Food Science",5454,1169,4.66552609067579,1.289,2015,1866.64
"1573-059X","Marketing Letters","Springer","1","NULL",523,190,2.75263157894737,0.664,2015,3000
"0465-2746","Materiales De Construccion","","0","NULL",176,179,0.983240223463687,0.182,2015,1845
"1988-3226","Materiales De Construccion","Consejo Superior de Investigaciones Científicas","0","Technology",176,179,0.983240223463687,0.182,2015,0
"1580-2949","Materiali in Tehnologije","","0","NULL",4,7,0.571428571428571,0.092,2015,1845
"1996-1944","Materials","MDPI","0","",5188,1459,3.55586017820425,0.916,2015,853
"1996-1944","Materials","MDPI","0","",5188,1459,3.55586017820425,0.916,2015,1289
"1996-1944","Materials","MDPI","0","",5188,1459,3.55586017820425,0.916,2015,1548
"1871-6873","Materials and Structures","Springer","1","NULL",1571,658,2.38753799392097,0.555,2015,3000
"2158-5849","Materials Express","American Scientific Publishers","0","NULL",270,175,1.54285714285714,0.321,2015,1845
"2158-5857","Materials Express","American Scientific Publishers","0","NULL",270,175,1.54285714285714,0.321,2015,1845
"1369-7021","Materials Today","","0","NULL",3504,351,9.98290598290598,3.357,2015,1845
"1573-6628","Maternal and Child Health Journal","Springer","1","NULL",2998,1011,2.96538081107814,0.729,2015,3000
"1874-8953","Mathematical Geosciences","Springer","1","NULL",549,236,2.32627118644068,0.537,2015,3000
"1432-5217","Mathematical Methods of Operations Research","Springer","1","NULL",236,179,1.31843575418994,0.263,2015,3000
"1024-123X","Mathematical Problems in Engineering","","0","NULL",4355,3920,1.1109693877551,0.212,2015,1845
"1563-5147","Mathematical Problems in Engineering","Hindawi Publishing Corporation","0","Technology",4355,3920,1.1109693877551,0.212,2015,1200
"1563-5147","Mathematical Problems in Engineering","Hindawi Publishing Corporation","0","Technology",4355,3920,1.1109693877551,0.212,2015,2000
"1436-4646","Mathematical Programming","Springer","1","NULL",1886,487,3.87268993839836,1.02,2015,3000
"1867-2957","Mathematical Programming Computation","Springer","1","NULL",445,64,6.953125,2.13,2015,3000
"1862-9660","Mathematics and Financial Economics","Springer","1","NULL",182,86,2.11627906976744,0.477,2015,3000
"1661-8289","Mathematics in Computer Science","Springer","1","NULL",167,174,0.959770114942529,0.176,2015,3000
"1432-1807","Mathematische Annalen","Springer","1","NULL",1153,621,1.85668276972625,0.405,2015,3000
"1432-1815","Mathematische Semesterberichte","Springer","1","NULL",16,23,0.695652173913043,0.118,2015,3000
"1432-1823","Mathematische Zeitschrift","Springer","1","NULL",967,790,1.22405063291139,0.24,2015,3000
"0378-5122","Maturitas","Elsevier","1","Medicine",3723,954,3.90251572327044,1.03,2015,3000
"0025-6153","Maydica","","0","NULL",148,151,0.980132450331126,0.181,2015,1845
"2279-8013","Maydica","CRA Maize Research Unit","0","Science",148,151,0.980132450331126,0.181,2015,1845
"2150-7511","mBio","AMER SOC MICROBIOLOGY","0","",7765,1130,6.8716814159292,2.099,2015,3000
"0263-2241","Measurement","Elsevier","1","Operations Research",3635,1663,2.18580877931449,0.497,2015,2600
"0263-2241","Measurement","Elsevier","1","Operations Research",3635,1663,2.18580877931449,0.497,2015,2850
"1335-8871","Measurement Science Review","VERSITA","0","",262,192,1.36458333333333,0.275,2015,0
"1335-8871","Measurement Science Review","VERSITA","0","",262,192,1.36458333333333,0.275,2015,39.2
"1335-8871","Measurement Science Review","VERSITA","0","",262,192,1.36458333333333,0.275,2015,588
"1572-9648","Meccanica","Springer","1","NULL",1301,662,1.96525679758308,0.435,2015,3000
"0957-4158","Mechatronics","Elsevier","1","Robotics",1702,557,3.0556552962298,0.757,2015,2400
"0962-9351","Mediators of Inflammation","","0","NULL",4756,1184,4.01689189189189,1.068,2015,1845
"1466-1861","Mediators of Inflammation","Hindawi Publishing Corporation","0","Medicine",4756,1184,4.01689189189189,1.068,2015,1500
"1466-1861","Mediators of Inflammation","Hindawi Publishing Corporation","0","Medicine",4756,1184,4.01689189189189,1.068,2015,2000
"1741-0444","Medical & Biological Engineering & Computing","Springer","1","NULL",1654,626,2.64217252396166,0.631,2015,3000
"1087-2981","Medical Education Online","Co-Action Publishing","0","Education",338,155,2.18064516129032,0.495,2015,1500
"0025-7273","Medical History","University College London","0","History and Philosophy of Science",82,122,0.672131147540984,0.113,2015,0
"1432-1831","Medical Microbiology and Immunology","Springer","1","NULL",577,210,2.74761904761905,0.662,2015,3000
"1460-2709","Medical Mycology","Taylor & Francis Ltd","0","NULL",1623,613,2.64763458401305,0.632,2015,0
"1559-131X","Medical Oncology","Springer","1","NULL",4840,2008,2.41035856573705,0.562,2015,3000
"1989-7790","Medicina Y Seguridad Del Trabajo","Escuela Nacional de Medicina del Trabajo","0","Medicine",37,64,0.578125,0.093,2015,0
"1554-8120","Medicinal Chemistry Research","Springer","1","NULL",2529,1742,1.45177956371986,0.297,2015,3000
"0025-7974","Medicine","","0","NULL",1797,835,2.15209580838323,0.487,2015,1845
"1357-3039","Medicine","Elsevier","1","NULL",1797,835,2.15209580838323,0.487,2015,3000
"1536-5964","Medicine","Wolters Kluwer","0","Medicine",1797,835,2.15209580838323,0.487,2015,1200
"1840-2445","Medicinski Glasnik","Medical Association of Zenica-Doboj Canton","0","Medicine",4,6,0.666666666666667,0.112,2015,280
"2035-3006","Mediterranean Journal of Hematology and Infectious Diseases","PAGEPress Publications","0","Medicine",464,318,1.45911949685535,0.299,2015,1845
"1660-5454","Mediterranean Journal of Mathematics","Springer","1","NULL",220,264,0.833333333333333,0.148,2015,3000
"1108-393X","Mediterranean Marine Science","","0","NULL",481,240,2.00416666666667,0.445,2015,1845
"1791-6763","Mediterranean Marine Science","Hellenic Centre for Marine Research","0","Geography. Anthropology. Recreation",481,240,2.00416666666667,0.445,2015,1845
"1863-5490","Medizinische Genetik","Springer","0","",21,53,0.39622641509434,0.058,2015,3000
"1433-8629","Medizinrecht","Springer","1","NULL",35,91,0.384615384615385,0.056,2015,3000
"0465-5893","Medycyna Pracy","","0","NULL",102,208,0.490384615384615,0.076,2015,1845
"2353-1339","Medycyna Pracy","Nofer Institute of Occupational Medicine","0","Medicine",102,208,0.490384615384615,0.076,2015,425.6
"1865-9292","Memetic Computing","Springer","0","",173,118,1.46610169491525,0.301,2015,3000
"0074-0276","Memorias Do Instituto Oswaldo Cruz","","0","NULL",1835,897,2.04570791527313,0.457,2015,1845
"1532-5946","Memory & Cognition","Springer","1","NULL",1609,526,3.05893536121673,0.758,2015,3000
"1998-4014","Mens Sana Monographs","Mens Sana Research Foundation","0","Medicine",77,53,1.45283018867925,0.297,2015,1845
"2036-7465","Mental Illness","PAGEPress Publications","0","Medicine",31,40,0.775,0.135,2015,1845
"1573-7365","Metabolic Brain Disease","Springer","1","NULL",954,350,2.72571428571429,0.656,2015,3000
"1573-3890","Metabolomics","Springer","1","NULL",1997,492,4.05894308943089,1.082,2015,3000
"1556-1631","Metacognition and Learning","Springer","1","NULL",395,73,5.41095890410959,1.554,2015,3000
"1334-2576","Metalurgija","Croatian Metallurgical Society","0","Technology",264,302,0.874172185430464,0.157,2015,1845
"1467-9981","Metascience","Springer","1","NULL",36,73,0.493150684931507,0.076,2015,3000
"0941-2948","Meteorologische Zeitschrift","","0","NULL",529,226,2.34070796460177,0.541,2015,1845
"1610-1227","Meteorologische Zeitschrift","Borntraeger","0","Science",529,226,2.34070796460177,0.541,2015,1456
"1436-5065","Meteorology and Atmospheric Physics","Springer","1","NULL",428,258,1.65891472868217,0.351,2015,3000
"1573-7713","Methodology and Computing in Applied Probability","Springer","1","NULL",227,222,1.02252252252252,0.191,2015,3000
"1046-2023","Methods","Elsevier","1","Molecular and Cell Biology",3863,948,4.07489451476793,1.088,2015,3300
"1435-926X","Metrika","Springer","1","NULL",324,291,1.11340206185567,0.213,2015,3000
"0860-8229","Metrology and Measurement Systems","Versita","0","",395,256,1.54296875,0.321,2015,0
"2300-1941","Metrology and Measurement Systems","De Gruyter Open","0","Technology",395,256,1.54296875,0.321,2015,1845
"1467-999X","Microbial Biotechnology","Wiley","0","NULL",1396,336,4.15476190476191,1.114,2015,2876
"1751-7907","Microbial Biotechnology","","0","NULL",1396,336,4.15476190476191,1.114,2015,1845
"1751-7915","Microbial Biotechnology","Wiley","0","Technology",1396,336,4.15476190476191,1.114,2015,2876
"1475-2859","Microbial Cell Factories","BioMed Central","0","Science",3599,723,4.97786998616874,1.399,2015,2145
"1475-2859","Microbial Cell Factories","BioMed Central","0","Science",3599,723,4.97786998616874,1.399,2015,1625
"1475-2859","Microbial Cell Factories","BioMed Central","0","Science",3599,723,4.97786998616874,1.399,2015,1730
"1475-2859","Microbial Cell Factories","BioMed Central","0","Science",3599,723,4.97786998616874,1.399,2015,1781
"1432-184X","Microbial Ecology","Springer","1","NULL",3461,876,3.95091324200913,1.046,2015,3000
"1651-2235","Microbial Ecology in Health and Disease","Co-Action Publishing","0","Science",114,43,2.65116279069767,0.633,2015,1845
"1613-4990","Microfluidics and Nanofluidics","Springer","1","NULL",2771,920,3.01195652173913,0.744,2015,3000
"1875-0494","Microgravity Science and Technology","Springer","1","NULL",220,221,0.995475113122172,0.185,2015,3000
"2072-666X","Micromachines","","0","NULL",431,193,2.23316062176166,0.51,2015,1845
"0968-4328","Micron","Elsevier","1","Physics and Chemistry",1451,664,2.18524096385542,0.497,2015,2200
"0975-1599","Middle East African Journal of Ophthalmology","Medknow Publications","0","Medicine",375,332,1.12951807228916,0.217,2015,0
"0266-6138","Midwifery","Elsevier","1","Medicine",1931,725,2.66344827586207,0.637,2015,3000
"1424-9294","Milan Journal of Mathematics","Springer","1","NULL",150,84,1.78571428571429,0.385,2015,3000
"1860-1839","Mind & Society","Springer","1","NULL",75,69,1.08695652173913,0.206,2015,3000
"1868-8535","Mindfulness","Springer","0","",991,215,4.60930232558139,1.27,2015,3000
"1572-8641","Minds and Machines","Springer","1","NULL",140,115,1.21739130434783,0.238,2015,3000
"1616-1068","Mine Water and the Environment","Springer","1","NULL",185,153,1.20915032679739,0.236,2015,3000
"1432-1866","Mineralium Deposita","Springer","1","NULL",1124,476,2.36134453781513,0.547,2015,3000
"1438-1168","Mineralogy and Petrology","Springer","1","NULL",361,238,1.51680672268908,0.314,2015,3000
"1573-1871","Minerva","Springer","1","NULL",251,110,2.28181818181818,0.524,2015,3000
"2090-1453","Minimally Invasive Surgery","Hindawi Publishing Corporation","0","Medicine",172,100,1.72,0.367,2015,1845
"1573-1596","Mitigation and Adaptation Strategies for Global Change","Springer","1","NULL",1040,305,3.40983606557377,0.869,2015,3000
"1567-7249","Mitochondrion","Elsevier","1","Molecular and Cell Biology",1992,518,3.84555984555984,1.011,2015,2200
"1567-7249","Mitochondrion","Elsevier","1","Molecular and Cell Biology",1992,518,3.84555984555984,1.011,2015,2400
"0026-704X","Mljekarstvo","","0","NULL",88,103,0.854368932038835,0.152,2015,1845
"1846-4025","Mljekarstvo","Croatian Dairy Union","0","Agriculture",88,103,0.854368932038835,0.152,2015,1845
"1759-8753","Mobile DNA","BioMed Central Ltd","0","",342,114,3,0.74,2015,2145
"1759-8753","Mobile DNA","BioMed Central Ltd","0","",342,114,3,0.74,2015,2155
"1759-8753","Mobile DNA","BioMed Central Ltd","0","",342,114,3,0.74,2015,1781
"1574-017X","Mobile Information Systems","","0","NULL",134,77,1.74025974025974,0.373,2015,1845
"1572-8153","Mobile Networks and Applications","Springer","1","NULL",1151,302,3.8112582781457,1,2015,3000
"0332-7353","Modeling Identification and Control","","0","NULL",58,104,0.557692307692308,0.089,2015,1845
"1687-5605","Modelling and Simulation in Engineering","Hindawi Publishing Corporation","0","Science",151,164,0.920731707317073,0.167,2015,600
"1422-8599","Molbank","Mdpi","0","NULL",33,67,0.492537313432836,0.076,2015,213
"1573-4919","Molecular and Cellular Biochemistry","Springer","1","NULL",4894,1928,2.53838174273859,0.6,2015,3000
"2040-2392","Molecular Autism","BioMed Central Ltd","0","",1015,160,6.34375,1.898,2015,2145
"2040-2392","Molecular Autism","BioMed Central Ltd","0","",1015,160,6.34375,1.898,2015,2190
"2090-2190","Molecular Biology International","Hindawi Publishing Corporation","0","Science",214,86,2.48837209302326,0.585,2015,750
"1573-4978","Molecular Biology Reports","Springer","1","NULL",7925,3991,1.98571786519669,0.44,2015,3000
"1559-0305","Molecular Biotechnology","Springer","1","NULL",1188,543,2.1878453038674,0.497,2015,3000
"1756-6606","Molecular Brain","BioMed Central Ltd","0","",1259,274,4.59489051094891,1.265,2015,1980
"1756-6606","Molecular Brain","BioMed Central Ltd","0","",1259,274,4.59489051094891,1.265,2015,1625
"1756-6606","Molecular Brain","BioMed Central Ltd","0","",1259,274,4.59489051094891,1.265,2015,2185
"1572-9788","Molecular Breeding","Springer","1","NULL",2436,853,2.85580304806565,0.695,2015,3000
"1476-4598","Molecular Cancer","BioMed Central","0","Medicine",5778,996,5.80120481927711,1.696,2015,2145
"1476-4598","Molecular Cancer","BioMed Central","0","Medicine",5778,996,5.80120481927711,1.696,2015,1625
"1476-4598","Molecular Cancer","BioMed Central","0","Medicine",5778,996,5.80120481927711,1.696,2015,2000
"1476-4598","Molecular Cancer","BioMed Central","0","Medicine",5778,996,5.80120481927711,1.696,2015,1781
"1755-8166","Molecular Cytogenetics","BioMed Central Ltd","0","",528,288,1.83333333333333,0.398,2015,2145
"1755-8166","Molecular Cytogenetics","BioMed Central Ltd","0","",528,288,1.83333333333333,0.398,2015,1625
"1179-2000","Molecular Diagnosis & Therapy","Springer","1","NULL",561,240,2.3375,0.541,2015,3000
"1573-501X","Molecular Diversity","Springer","1","NULL",808,388,2.08247422680412,0.467,2015,3000
"1617-4623","Molecular Genetics and Genomics","Springer","1","NULL",1179,381,3.09448818897638,0.769,2015,3000
"1536-0121","Molecular Imaging","SAGE Publishing","0","Science",566,223,2.53811659192825,0.6,2015,2200
"1860-2002","Molecular Imaging and Biology","Springer","1","NULL",1298,489,2.65439672801636,0.634,2015,3000
"1076-1551","Molecular Medicine","","0","NULL",2330,485,4.80412371134021,1.338,2015,1845
"1528-3658","Molecular Medicine","Feinstein Institute Press","0","Medicine",2330,485,4.80412371134021,1.338,2015,500
"1528-3658","Molecular Medicine","Feinstein Institute Press","0","Medicine",2330,485,4.80412371134021,1.338,2015,0
"1528-3658","Molecular Medicine","Feinstein Institute Press","0","Medicine",2330,485,4.80412371134021,1.338,2015,1500
"1559-1182","Molecular Neurobiology","Springer","1","NULL",2970,600,4.95,1.389,2015,3000
"1750-1326","Molecular Neurodegeneration","Biomed Central","0","",1950,382,5.10471204188482,1.444,2015,2580
"1750-1326","Molecular Neurodegeneration","Biomed Central","0","",1950,382,5.10471204188482,1.444,2015,2055
"1750-1326","Molecular Neurodegeneration","Biomed Central","0","",1950,382,5.10471204188482,1.444,2015,2155
"1750-1326","Molecular Neurodegeneration","Biomed Central","0","",1950,382,5.10471204188482,1.444,2015,2145
"1744-8069","Molecular Pain","Biomed Central - SAGE Publishing (New Publisher)","0","",1829,445,4.11011235955056,1.099,2015,2190
"1744-8069","Molecular Pain","Biomed Central - SAGE Publishing (New Publisher)","0","",1829,445,4.11011235955056,1.099,2015,2345
"1744-8069","Molecular Pain","Biomed Central - SAGE Publishing (New Publisher)","0","",1829,445,4.11011235955056,1.099,2015,2500
"1098-2795","Molecular Systems Biology","Wiley","0","NULL",5374,418,12.8564593301435,4.615,2015,4200
"1744-4292","Molecular Systems Biology","Wiley","0","Science",5374,418,12.8564593301435,4.615,2015,3900
"1744-4292","Molecular Systems Biology","Wiley","0","Science",5374,418,12.8564593301435,4.615,2015,3696
"1744-4292","Molecular Systems Biology","Wiley","0","Science",5374,418,12.8564593301435,4.615,2015,4200
"1090-0535","Molecular Vision","Molecular Vision","0","Ophthalmology",3373,1414,2.38543140028289,0.555,2015,0
"1420-3049","Molecules","Molecular Diversity Preservation International","0","Food Science",14234,4641,3.0670114199526,0.761,2015,1493
"1420-3049","Molecules","Molecular Diversity Preservation International","0","Food Science",14234,4641,3.0670114199526,0.761,2015,1933
"1420-3049","Molecules","Molecular Diversity Preservation International","0","Food Science",14234,4641,3.0670114199526,0.761,2015,1845.4
"1433-0474","Monatsschrift Kinderheilkunde","Springer","1","NULL",178,310,0.574193548387097,0.092,2015,3000
"1286-0115","Morphologie","Elsevier","1","NULL",25,41,0.609756097560976,0.1,2015,3000
"1871-5656","Morphology","Springer","1","NULL",94,77,1.22077922077922,0.239,2015,3000
"1573-6644","Motivation and Emotion","Springer","1","NULL",874,263,3.32319391634981,0.842,2015,3000
"0276-4741","Mountain Research and Development","","0","NULL",399,236,1.69067796610169,0.36,2015,1845
"1994-7151","Mountain Research and Development","International Mountain Society","0","Geography. Anthropology. Recreation",399,236,1.69067796610169,0.36,2015,0
"1573-272X","Multibody System Dynamics","Springer","1","NULL",440,219,2.00913242009132,0.447,2015,3000
"1573-0824","Multidimensional Systems and Signal Processing","Springer","1","NULL",274,138,1.98550724637681,0.44,2015,3000
"2049-6958","Multidisciplinary Respiratory Medicine","Biomed Central","0","NULL",370,218,1.69724770642202,0.361,2015,2145
"1432-1882","Multimedia Systems","Springer","1","NULL",339,176,1.92613636363636,0.424,2015,3000
"1573-7721","Multimedia Tools and Applications","Springer","1","NULL",2316,1207,1.91880695940348,0.422,2015,3000
"2090-2662","Multiple Sclerosis International","Hindawi Publishing Corporation","0","Medicine",337,114,2.95614035087719,0.726,2015,1845
"2035-5114","Musculoskeletal Surgery","Springer","1","NULL",398,243,1.63786008230453,0.346,2015,3000
"1067-3040","Music Theory Online","Society for Music Theory","0","Music and books on Music",40,73,0.547945205479452,0.087,2015,0
"1861-8952","Mycological Progress","Springer","1","NULL",561,368,1.52445652173913,0.316,2015,3000
"2150-1211","Mycology","Taylor & Francis Group","0","Science",232,115,2.01739130434783,0.449,2015,1845
"1573-0832","Mycopathologia","Springer","1","NULL",1100,570,1.92982456140351,0.425,2015,3000
"1432-1890","Mycorrhiza","Springer","1","NULL",1165,310,3.75806451612903,0.982,2015,3000
"1340-3540","Mycoscience","Elsevier","0","",377,265,1.42264150943396,0.289,2015,3000
"1340-3540","Mycoscience","Elsevier","0","",377,265,1.42264150943396,0.289,2015,1387
"1867-1632","Mycotoxin Research","Springer","1","NULL",349,158,2.20886075949367,0.503,2015,3000
"2160-0104","Nano","New York City College of Technology","0","General Works",407,300,1.35666666666667,0.273,2015,1845
"1998-0000","Nano Research","Springer","1","NULL",5388,587,9.17887563884157,3.021,2015,3000
"2000-5121","Nano Reviews","Co-Action Publishing","0","Technology",509,126,4.03968253968254,1.076,2015,1845
"1871-4765","NanoEthics","Springer","0","",169,113,1.49557522123894,0.308,2015,3000
"1847-9804","Nanomaterials and Nanotechnology","SAGE Publishing","0","Technology",191,88,2.17045454545455,0.492,2015,1000
"1556-276X","Nanoscale Research Letters","Springer","0","Technology",9085,2808,3.23539886039886,0.814,2015,1070
"1556-276X","Nanoscale Research Letters","Springer","0","Technology",9085,2808,3.23539886039886,0.814,2015,1175
"1556-276X","Nanoscale Research Letters","Springer","0","Technology",9085,2808,3.23539886039886,0.814,2015,1420
"1556-276X","Nanoscale Research Letters","Springer","0","Technology",9085,2808,3.23539886039886,0.814,2015,1176.5
"1439-0515","Natur Und Recht","Springer","1","NULL",16,62,0.258064516129032,0.034,2015,3000
"1572-9796","Natural Computing","Springer","1","NULL",829,264,3.14015151515152,0.784,2015,3000
"1573-0840","Natural Hazards","Springer","1","NULL",4616,1775,2.60056338028169,0.618,2015,3000
"1561-8633","Natural Hazards and Earth System Sciences","","0","NULL",3599,1317,2.7327258921792,0.658,2015,1845
"1684-9981","Natural Hazards and Earth System Sciences","Copernicus Publications","0","Technology",3599,1317,2.7327258921792,0.658,2015,0
"1684-9981","Natural Hazards and Earth System Sciences","Copernicus Publications","0","Technology",3599,1317,2.7327258921792,0.658,2015,816
"1684-9981","Natural Hazards and Earth System Sciences","Copernicus Publications","0","Technology",3599,1317,2.7327258921792,0.658,2015,1120
"1572-865X","Natural Language Semantics","Springer","1","NULL",115,55,2.09090909090909,0.47,2015,3000
"2041-1723","Nature Communications","Nature Publishing Group","0","Science",69203,5735,12.0667829119442,4.262,2015,1845
"0211-6995","Nefrologia","","0","NULL",748,662,1.12990936555891,0.217,2015,1845
"1588-2810","Neohelicon","Springer","1","NULL",29,54,0.537037037037037,0.085,2015,3000
"1572-8668","Neophilologus","Springer","1","NULL",23,71,0.323943661971831,0.045,2015,3000
"1476-5586","Neoplasia","Elsevier","0","Medicine",2780,559,4.97316636851521,1.397,2015,2200
"1476-5586","Neoplasia","Elsevier","0","Medicine",2780,559,4.97316636851521,1.397,2015,0
"1476-5586","Neoplasia","Elsevier","0","Medicine",2780,559,4.97316636851521,1.397,2015,3400
"2236-3777","Neotropical Biology and Conservation","Universidade do Vale do Rio dos Sinos","0","Science",60,93,0.645161290322581,0.107,2015,1845
"1678-8052","Neotropical Entomology","Springer","1","NULL",498,466,1.068669527897,0.202,2015,0
"1678-8052","Neotropical Entomology","Springer","1","NULL",498,466,1.068669527897,0.202,2015,3000
"1679-6225","Neotropical Ichthyology","","0","NULL",535,390,1.37179487179487,0.276,2015,1845
"1982-0224","Neotropical Ichthyology","Sociedade Brasileira de Ictiologia","0","Science",535,390,1.37179487179487,0.276,2015,0
"1999-8546","Nepal Journal of Obstetrics and Gynaecology","Nepal Society of Obstetricians and Gynaecologists","0","Medicine",25,51,0.490196078431372,0.076,2015,1845
"2091-0320","Nepalese Journal of Ophthalmology","Nepal Ophthalmic Society","0","Medicine",115,163,0.705521472392638,0.12,2015,1845
"1741-6191","Netherlands International Law Review","Springer","1","NULL",23,47,0.48936170212766,0.076,2015,3000
"2192-6670","Network Modeling Analysis in Health Informatics and Bioinformatics","Springer","1","NULL",63,56,1.125,0.215,2015,3000
"1572-9427","Networks and Spatial Economics","Springer","1","NULL",375,139,2.6978417266187,0.647,2015,3000
"1433-3058","Neural Computing and Applications","Springer","1","NULL",2828,1263,2.23911322248614,0.512,2015,3000
"1749-8104","Neural Development","BioMed Central","0","Medicine",620,162,3.82716049382716,1.005,2015,2145
"1749-8104","Neural Development","BioMed Central","0","Medicine",620,162,3.82716049382716,1.005,2015,1970
"1749-8104","Neural Development","BioMed Central","0","Medicine",620,162,3.82716049382716,1.005,2015,2285
"1749-8104","Neural Development","BioMed Central","0","Medicine",620,162,3.82716049382716,1.005,2015,1781
"1687-5443","Neural Plasticity","Hindawi Publishing Corporation","0","Medicine",1160,269,4.31226765799256,1.168,2015,1200
"1687-5443","Neural Plasticity","Hindawi Publishing Corporation","0","Medicine",1160,269,4.31226765799256,1.168,2015,2000
"2090-5904","Neural Plasticity","","0","NULL",1160,269,4.31226765799256,1.168,2015,1845
"1573-773X","Neural Processing Letters","Springer","1","NULL",361,188,1.92021276595745,0.422,2015,3000
"1673-5374","Neural Regeneration Research","","0","NULL",853,877,0.972633979475485,0.179,2015,1845
"1876-7958","Neural Regeneration Research","Medknow Publications","0","Medicine",853,877,0.972633979475485,0.179,2015,1500
"2042-1001","Neural Systems & Circuits","Biomed Central Ltd","0","NULL",30,21,1.42857142857143,0.291,2015,1970
"1573-6903","Neurochemical Research","Springer","1","NULL",3497,1327,2.63526752072344,0.629,2015,3000
"0028-3770","Neurochirurgie","Elsevier","1","Neuroscience",164,209,0.784688995215311,0.137,2015,3000
"0925-2312","Neurocomputing","Elsevier","1","NULL",8987,2615,3.43671128107075,0.878,2015,2400
"1556-0961","Neurocritical Care","Springer","1","NULL",2156,708,3.04519774011299,0.754,2015,3000
"1874-5504","Neuroethics","Springer","1","NULL",318,154,2.06493506493507,0.462,2015,3000
"1364-6753","Neurogenetics","Springer","1","NULL",643,207,3.10628019323671,0.773,2015,3000
"1053-8119","Neuroimage","Elsevier","1","Neuroscience",41326,5257,7.86113753091117,2.486,2015,2600
"1053-8119","Neuroimage","Elsevier","1","Neuroscience",41326,5257,7.86113753091117,2.486,2015,2800
"1559-0089","Neuroinformatics","Springer","1","NULL",544,166,3.27710843373494,0.827,2015,3000
"1590-3478","Neurological Sciences","Springer","1","NULL",2378,1468,1.61989100817439,0.341,2015,3000
"1823-6138","Neurology Asia","Self Owned - Non-Profit Society","0","",9,16,0.5625,0.09,2015,0
"0028-3886","Neurology India","Self Owned - Non-Profit Society","0","Neuroscience",799,919,0.869423286180631,0.156,2015,0
"1998-4022","Neurology India","Medknow Publications","0","Medicine",799,919,0.869423286180631,0.156,2015,1845
"2035-8377","Neurology International","PAGEPress Publications","0","Medicine",103,84,1.22619047619048,0.24,2015,1845
"2090-1860","Neurology Research International","Hindawi Publishing Corporation","0","Medicine",419,135,3.1037037037037,0.772,2015,1845
"1559-1174","Neuromolecular Medicine","Springer","1","NULL",1007,227,4.43612334801762,1.21,2015,3000
"0896-6273","Neuron","Elsevier","1","Neuroscience",32415,2142,15.1330532212885,5.666,2015,5000
"0143-4179","Neuropeptides","Elsevier","1","Neuroscience",715,265,2.69811320754717,0.647,2015,1700
"0028-3908","Neuropharmacology","Elsevier","1","Neuroscience",9289,1799,5.16342412451362,1.465,2015,2600
"0028-3908","Neuropharmacology","Elsevier","1","Neuroscience",9289,1799,5.16342412451362,1.465,2015,2800
"1176-6328","Neuropsychiatric Disease and Treatment","DOVE MEDICAL PRESS LTD","0","",1640,694,2.36311239193084,0.548,2015,2200
"1176-6328","Neuropsychiatric Disease and Treatment","DOVE MEDICAL PRESS LTD","0","",1640,694,2.36311239193084,0.548,2015,2310
"1178-2021","Neuropsychiatric Disease and Treatment","Dove Medical Press","0","Medicine",1640,694,2.36311239193084,0.548,2015,2310
"2194-1327","Neuropsychiatrie","Springer","1","NULL",45,63,0.714285714285714,0.122,2015,3000
"0028-3932","Neuropsychologia","Elsevier","1","Neuroscience",8465,1943,4.35666495110654,1.183,2015,2150
"0028-3932","Neuropsychologia","Elsevier","1","Neuroscience",8465,1943,4.35666495110654,1.183,2015,2300
"1573-6660","Neuropsychology Review","Springer","1","NULL",1276,143,8.92307692307692,2.915,2015,3000
"1432-1920","Neuroradiology","Springer","1","NULL",1850,683,2.7086383601757,0.651,2015,3000
"0306-4522","Neuroscience","Elsevier","1","Neuroscience",14670,4094,3.58329262335125,0.925,2015,2200
"0306-4522","Neuroscience","Elsevier","1","Neuroscience",14670,4094,3.58329262335125,0.925,2015,2400
"1995-8218","Neuroscience Bulletin","Springer","1","NULL",827,361,2.29085872576177,0.527,2015,3000
"1424-8638","Neurosignals","Karger Publishers","0","Medicine",207,88,2.35227272727273,0.545,2015,822.4
"1092-0684","Neurosurgical Focus","AMER ASSOC NEUROLOGICAL SURGEONS","0","",2727,829,3.28950542822678,0.831,2015,0
"1437-2320","Neurosurgical Review","Springer","1","NULL",737,320,2.303125,0.531,2015,3000
"1878-7479","Neurotherapeutics","Springer","1","NULL",2141,333,6.42942942942943,1.93,2015,3000
"1476-3524","Neurotoxicity Research","Springer","1","NULL",1325,385,3.44155844155844,0.879,2015,3000
"0161-813X","Neurotoxicology","Elsevier","1","Environmental Health",2540,649,3.91371340523883,1.034,2015,3300
"2044-0588","New Disease Reports","British Society for Plant Pathology","0","NULL",161,189,0.851851851851852,0.152,2015,0
"1573-5095","New Forests","Springer","1","NULL",566,277,2.04332129963899,0.456,2015,3000
"1367-2630","New Journal of Physics","IOP Publishing","0","Science",11933,4085,2.92117503059976,0.716,2015,1040
"1367-2630","New Journal of Physics","IOP Publishing","0","Science",11933,4085,2.92117503059976,0.716,2015,1760
"1367-2630","New Journal of Physics","IOP Publishing","0","Science",11933,4085,2.92117503059976,0.716,2015,1690
"1367-2630","New Journal of Physics","IOP Publishing","0","Science",11933,4085,2.92117503059976,0.716,2015,2080
"2204-194X","New Voices","The Japan Foundation, Sydney","0","Language and Literature",5,7,0.714285714285714,0.122,2015,0
"2199-4714","New Zealand Journal of Educational Studies","Springer","1","NULL",49,68,0.720588235294118,0.123,2015,3000
"1522-4600","Nexus Network Journal","Springer","1","NULL",65,106,0.613207547169811,0.1,2015,3000
"1338-4309","NISPAcee Journal of Public Administration and Policy","De Gruyter Open","0","Political science",17,27,0.62962962962963,0.104,2015,0
"1463-1741","Noise & Health","Medknow Publications","0","",616,250,2.464,0.578,2015,0
"1463-1741","Noise & Health","Medknow Publications","0","",616,250,2.464,0.578,2015,100
"1753-4631","Nonlinear Biomedical Physics","Biomed Central Ltd","0","NULL",49,29,1.68965517241379,0.359,2015,1625
"1573-269X","Nonlinear Dynamics","Springer","1","NULL",6361,2096,3.03482824427481,0.751,2015,3000
"1023-5809","Nonlinear Processes in Geophysics","","0","NULL",709,386,1.83678756476684,0.399,2015,1845
"1607-7946","Nonlinear Processes in Geophysics","Copernicus Publications","0","Science",709,386,1.83678756476684,0.399,2015,0
"1607-7946","Nonlinear Processes in Geophysics","Copernicus Publications","0","Science",709,386,1.83678756476684,0.399,2015,816
"1607-7946","Nonlinear Processes in Geophysics","Copernicus Publications","0","Science",709,386,1.83678756476684,0.399,2015,1120
"0029-3571","Northwestern University Law Review","Self Owned - Non-Profit Society","0","Law",86,98,0.877551020408163,0.158,2015,0
"1884-4049","NPG Asia Materials","","0","NULL",1782,165,10.8,3.707,2015,1845
"1884-4057","NPG Asia Materials","Nature Publishing Group","0","Technology",1782,165,10.8,3.707,2015,3770
"1738-5733","Nuclear Engineering and Technology","","0","NULL",467,347,1.34582132564842,0.27,2015,1845
"1869-3482","Nuclear Medicine and Molecular Imaging","Springer","1","NULL",283,222,1.27477477477477,0.252,2015,3000
"2210-3147","Nuclear Science and Techniques","Springer","1","NULL",4,15,0.266666666666667,0.035,2015,3000
"1451-3994","Nuclear Technology & Radiation Protection","","0","NULL",76,136,0.558823529411765,0.089,2015,1845
"1452-8185","Nuclear Technology & Radiation Protection","Self Owned - Non-Profit Society","0","NULL",76,136,0.558823529411765,0.089,2015,0
"0305-1048","Nucleic Acids Research","","0","NULL",61150,6540,9.35015290519878,3.092,2015,1845
"1362-4962","Nucleic Acids Research","Oxford University Press","0","Science",61150,6540,9.35015290519878,3.092,2015,2770
"2175-1463","Nucleus Animalium","Fundação Educacional de Ituverava","0","Agriculture",9,16,0.5625,0.09,2015,1845
"0029-5922","Nukleonika","","0","NULL",123,195,0.630769230769231,0.104,2015,1845
"1936-4660","Numeracy","National Numeracy Network","0","Education",125,74,1.68918918918919,0.359,2015,0
"1572-9265","Numerical Algorithms","Springer","1","NULL",919,477,1.92662473794549,0.424,2015,3000
"0945-3245","Numerische Mathematik","Springer","1","NULL",779,365,2.13424657534247,0.482,2015,3000
"2090-1437","Nursing Research and Practice","Hindawi Publishing Corporation","0","Medicine",484,235,2.05957446808511,0.461,2015,1000
"1573-0867","Nutrient Cycling in Agroecosystems","Springer","1","NULL",898,366,2.45355191256831,0.575,2015,3000
"2072-6643","Nutrients","MDPI","0","",4770,935,5.10160427807487,1.443,2015,533
"2072-6643","Nutrients","MDPI","0","",4770,935,5.10160427807487,1.443,2015,1071
"2072-6643","Nutrients","MDPI","0","",4770,935,5.10160427807487,1.443,2015,1652
"0899-9007","Nutrition","Elsevier","1","Medicine",3715,1052,3.53136882129278,0.908,2015,2500
"2044-4052","Nutrition & Diabetes","","0","NULL",548,144,3.80555555555556,0.998,2015,1845
"1743-7075","Nutrition & Metabolism","BioMed Central","0","Technology",1929,421,4.58194774346793,1.26,2015,2240
"1743-7075","Nutrition & Metabolism","BioMed Central","0","Technology",1929,421,4.58194774346793,1.26,2015,1720
"1743-7075","Nutrition & Metabolism","BioMed Central","0","Technology",1929,421,4.58194774346793,1.26,2015,1820
"1743-7075","Nutrition & Metabolism","BioMed Central","0","Technology",1929,421,4.58194774346793,1.26,2015,1859
"1475-2891","Nutrition Journal","Biomed Central","0","",3103,604,5.13741721854305,1.456,2015,2300
"1475-2891","Nutrition Journal","Biomed Central","0","",3103,604,5.13741721854305,1.456,2015,2055
"1475-2891","Nutrition Journal","Biomed Central","0","",3103,604,5.13741721854305,1.456,2015,2155
"1475-2891","Nutrition Journal","Biomed Central","0","",3103,604,5.13741721854305,1.456,2015,1963
"1475-2891","Nutrition Journal","Biomed Central","0","",3103,604,5.13741721854305,1.456,2015,2365
"1662-4025","Obesity Facts","","0","NULL",853,310,2.75161290322581,0.664,2015,1845
"1662-4033","Obesity Facts","Karger Publishers","0","Technology",853,310,2.75161290322581,0.664,2015,2195.2
"1708-0428","Obesity Surgery","Springer","1","NULL",5274,1324,3.9833836858006,1.057,2015,3000
"1687-9597","Obstetrics and Gynecology International","Hindawi Publishing Corporation","0","Medicine",598,259,2.30888030888031,0.532,2015,1000
"1687-9597","Obstetrics and Gynecology International","Hindawi Publishing Corporation","0","Medicine",598,259,2.30888030888031,0.532,2015,800
"1557-0703","Occupational Therapy International","Hindawi","0","NULL",164,96,1.70833333333333,0.364,2015,1500
"2234-7313","Ocean and Polar Research","Korean Institute of Ocean Science & Technology","0","Geography. Anthropology. Recreation",61,149,0.409395973154362,0.06,2015,1845
"1616-7228","Ocean Dynamics","Springer","1","NULL",1127,530,2.12641509433962,0.48,2015,3000
"1812-0784","Ocean Science","","0","NULL",1002,317,3.1608832807571,0.79,2015,1845
"1812-0822","Ocean Science Discussions","Copernicus Publications","0","Geography. Anthropology. Recreation",40,77,0.519480519480519,0.081,2015,1120
"2005-7172","Ocean Science Journal","Springer","1","NULL",212,142,1.49295774647887,0.308,2015,3000
"1042-8275","Oceanography","Self Owned - Non-Profit Society","0","",1348,405,3.3283950617284,0.843,2015,500
"0078-3234","Oceanologia","Polish Academy of Sciences","0","NULL",278,201,1.38308457711443,0.279,2015,0
"1432-1939","Oecologia","Springer","1","NULL",6032,1627,3.70743700061463,0.966,2015,3000
"0974-7842","Oman Journal of Ophthalmology","Medknow Publications","0","Medicine",171,176,0.971590909090909,0.179,2015,1845
"2070-5204","Oman Medical Journal","Oman Medical Specialty Board","0","Medicine",550,437,1.25858123569794,0.248,2015,1845
"1765-2839","Oncologie","Springer","1","NULL",28,139,0.201438848920863,0.025,2015,3000
"1970-5557","Oncology Reviews","PAGEPress Publications","0","Medicine",63,124,0.508064516129032,0.079,2015,784
"1178-6930","OncoTargets and Therapy","Dove Press","0","",1542,520,2.96538461538462,0.729,2015,2200
"1178-6930","OncoTargets and Therapy","Dove Press","0","",1542,520,2.96538461538462,0.729,2015,2310
"0030-2465","Onderstepoort Journal of Veterinary Research","","0","NULL",197,173,1.13872832369942,0.219,2015,1845
"2219-0635","Onderstepoort Journal of Veterinary Research","AOSIS","0","Agriculture",197,173,1.13872832369942,0.219,2015,0
"2046-2441","Open Biology","Royal Society Publishing","0","",1138,197,5.77664974619289,1.687,2015,1932
"2046-2441","Open Biology","Royal Society Publishing","0","",1138,197,5.77664974619289,1.687,2015,1475
"1573-708X","Open Economies Review","Springer","1","NULL",306,195,1.56923076923077,0.327,2015,3000
"2391-5455","Open Mathematics","De Gruyter Open","0","Science",416,495,0.84040404040404,0.149,2015,1845
"2391-5463","Open Medicine","De Gruyter Open","0","Medicine",266,146,1.82191780821918,0.395,2015,1845
"2346-2159","Opera","Universidad Externado de Colombia","0","Political science",7,13,0.538461538461538,0.085,2015,0
"1866-1505","Operational Research","Springer","0","",147,95,1.54736842105263,0.322,2015,3000
"1936-9743","Operations Management Research","Springer","1","NULL",117,56,2.08928571428571,0.469,2015,3000
"0161-6420","Ophthalmology","Elsevier","1","Ophthalmology",13204,2120,6.22830188679245,1.855,2015,3000
"1899-7015","Optica Applicata","Technical Univ Wroclaw","0","NULL",187,257,0.727626459143969,0.125,2015,0
"1572-817X","Optical and Quantum Electronics","Springer","1","NULL",496,361,1.37396121883657,0.277,2015,3000
"1349-9432","Optical Review","Springer","1","NULL",258,336,0.767857142857143,0.133,2015,3000
"1094-4087","Optics Express","Optical Soc Amer","0","Physics and Chemistry",53192,15348,3.46572843367214,0.887,2015,1743
"1094-4087","Optics Express","Optical Soc Amer","0","Physics and Chemistry",53192,15348,3.46572843367214,0.887,2015,1745
"1094-4087","Optics Express","Optical Soc Amer","0","Physics and Chemistry",53192,15348,3.46572843367214,0.887,2015,1904
"1573-2924","Optimization and Engineering","Springer","1","NULL",328,154,2.12987012987013,0.481,2015,3000
"1862-4480","Optimization Letters","Springer","1","NULL",782,514,1.52140077821012,0.315,2015,3000
"1436-6304","Or Spectrum","Springer","1","NULL",693,196,3.53571428571429,0.91,2015,3000
"1865-1569","Oral and Maxillofacial Surgery","Springer","1","NULL",432,244,1.77049180327869,0.381,2015,3000
"1613-9674","Oral Radiology","Springer","1","NULL",79,102,0.774509803921569,0.135,2015,3000
"1542-4308","Oral Tradition","Center for Studies in Oral Tradition","0","Geography. Anthropology. Recreation",12,42,0.285714285714286,0.038,2015,0
"0030-4387","Orbis","Elsevier","1","NULL",88,118,0.745762711864407,0.128,2015,1100
"1572-9273","Order","Springer","1","NULL",136,138,0.985507246376812,0.182,2015,3000
"2090-2018","Organic Chemistry International","Hindawi Publishing Corporation","0","Science",22,64,0.34375,0.048,2015,600
"1618-1077","Organisms Diversity & Evolution","Springer","1","NULL",562,167,3.36526946107784,0.855,2015,3000
"1581-1832","Organizacija","De Gruyter Open","0","Social Sciences",49,83,0.590361445783133,0.096,2015,0
"2211-1069","Oriental Pharmacy and Experimental Medicine","Springer","1","NULL",143,139,1.02877697841727,0.193,2015,3000
"1573-0875","Origins of Life and Evolution of Biospheres","Springer","1","NULL",248,186,1.33333333333333,0.267,2015,3000
"1750-1172","Orphanet Journal of Rare Diseases","BioMed Central","0","Medicine",3148,713,4.41514726507714,1.203,2015,2365
"1750-1172","Orphanet Journal of Rare Diseases","BioMed Central","0","Medicine",3148,713,4.41514726507714,1.203,2015,1355
"1750-1172","Orphanet Journal of Rare Diseases","BioMed Central","0","Medicine",3148,713,4.41514726507714,1.203,2015,1945
"1750-1172","Orphanet Journal of Rare Diseases","BioMed Central","0","Medicine",3148,713,4.41514726507714,1.203,2015,1963
"1750-1172","Orphanet Journal of Rare Diseases","BioMed Central","0","Medicine",3148,713,4.41514726507714,1.203,2015,2410
"2035-8164","Orthopedic Reviews","PAGEPress Publications","0","Medicine",212,123,1.72357723577236,0.368,2015,1845
"0030-6126","Osaka Journal of Mathematics","Osaka University","0","Mathematics",149,182,0.818681318681319,0.144,2015,0
"1750-4732","Osteopathic Medicine and Primary Care","Biomed Central Ltd","0","NULL",5,4,1.25,0.246,2015,1625
"1433-2965","Osteoporosis International","Springer","1","NULL",6686,1565,4.27220447284345,1.154,2015,3000
"1573-4889","Oxidation of Metals","Springer","1","NULL",533,310,1.71935483870968,0.367,2015,3000
"1942-0900","Oxidative Medicine and Cellular Longevity","","0","NULL",3554,708,5.01977401129943,1.414,2015,1845
"1942-0994","Oxidative Medicine and Cellular Longevity","Hindawi Publishing Corporation","0","Science",3554,708,5.01977401129943,1.414,2015,1500
"1942-0994","Oxidative Medicine and Cellular Longevity","Hindawi Publishing Corporation","0","Science",3554,708,5.01977401129943,1.414,2015,2000
"1026-2881","Pachyderm","Self Owned - Non-Profit Society","0","",15,29,0.517241379310345,0.081,2015,0
"1611-2504","Paddy and Water Environment","Springer","1","NULL",353,220,1.60454545454545,0.337,2015,3000
"1533-3159","Pain Physician","Self Owned - Non-Profit Society","0","",1965,563,3.49023090586146,0.895,2015,0
"1203-6765","Pain Research & Management","","0","NULL",579,215,2.69302325581395,0.646,2015,1845
"2090-1550","Pain Research and Treatment","Hindawi Publishing Corporation","0","Medicine",380,150,2.53333333333333,0.598,2015,1000
"1028-8880","Pakistan Journal of Biological Sciences","Asian Network for Scientific Information (ansinet)","0","NULL",847,850,0.996470588235294,0.185,2015,1845
"1812-5735","Pakistan Journal of Biological Sciences","Asian Network for Scientific Information (ansinet)","0","NULL",847,850,0.996470588235294,0.185,2015,1845
"0556-3321","Pakistan Journal of Botany","Pakistan Botanical Soc","0","Plant Biology",668,500,1.336,0.267,2015,0
"0556-3321","Pakistan Journal of Botany","Pakistan Botanical Soc","0","Plant Biology",668,500,1.336,0.267,2015,800
"1682-024X","Pakistan Journal of Medical Sciences","PROFESSIONAL MEDICAL PUBLICATIONS","0","",370,446,0.829596412556054,0.147,2015,0
"1682-024X","Pakistan Journal of Medical Sciences","PROFESSIONAL MEDICAL PUBLICATIONS","0","",370,446,0.829596412556054,0.147,2015,200
"1680-5194","Pakistan Journal of Nutrition","Asian Network for Scientific Information (ansinet)","0","NULL",699,671,1.04172876304024,0.196,2015,1845
"1994-7984","Pakistan Journal of Nutrition","Asian Network for Scientific Information (ansinet)","0","NULL",699,671,1.04172876304024,0.196,2015,1845
"0253-8318","Pakistan Veterinary Journal","","0","NULL",483,431,1.12064965197216,0.214,2015,1845
"2074-7764","Pakistan Veterinary Journal","University of Agriculture, Faisalabad","0","Agriculture",483,431,1.12064965197216,0.214,2015,300
"1867-1608","Palaeobiodiversity and Palaeoenvironments","Springer","1","NULL",270,145,1.86206896551724,0.406,2015,3000
"1094-8074","Palaeontologia Electronica","Self Owned - Non-Profit Society","0","",75,59,1.27118644067797,0.251,2015,0
"1871-174X","Palaeoworld","Elsevier","1","NULL",141,127,1.11023622047244,0.212,2015,3000
"1424-3903","Pancreatology","Elsevier","1","Gastroenterology",1400,514,2.72373540856031,0.655,2015,3000
"1452-595X","Panoeconomicus","","0","NULL",138,143,0.965034965034965,0.178,2015,1845
"2217-2386","Panoeconomicus","Economists' Association of Vojvodina","0","Social Sciences",138,143,0.965034965034965,0.178,2015,1845
"1252-607X","Parasite","","0","NULL",502,265,1.89433962264151,0.415,2015,1845
"1776-1042","Parasite","EDP Sciences","0","Medicine",502,265,1.89433962264151,0.415,2015,1008
"1756-3305","Parasites & Vectors","BioMed Central","0","Medicine",6548,1654,3.95888754534462,1.049,2015,2145
"1756-3305","Parasites & Vectors","BioMed Central","0","Medicine",6548,1654,3.95888754534462,1.049,2015,1665
"1756-3305","Parasites & Vectors","BioMed Central","0","Medicine",6548,1654,3.95888754534462,1.049,2015,1780
"1756-3305","Parasites & Vectors","BioMed Central","0","Medicine",6548,1654,3.95888754534462,1.049,2015,1781
"1432-1955","Parasitology Research","Springer","1","NULL",5958,2406,2.47630922693267,0.581,2015,3000
"1743-8977","Particle and Fibre Toxicology","Biomed Central","0","",2964,261,11.3563218390805,3.948,2015,2145
"1743-8977","Particle and Fibre Toxicology","Biomed Central","0","",2964,261,11.3563218390805,3.948,2015,1625
"1743-8977","Particle and Fibre Toxicology","Biomed Central","0","",2964,261,11.3563218390805,3.948,2015,1730
"1743-8977","Particle and Fibre Toxicology","Biomed Central","0","",2964,261,11.3563218390805,3.948,2015,1781
"1674-2001","Particuology","Elsevier","1","Physics and Chemistry",1225,492,2.48983739837398,0.585,2015,3000
"1573-6679","Pastoral Psychology","Springer","1","NULL",179,223,0.802690582959641,0.141,2015,3000
"1755-8417","Pathogenetics","Biomed Central Ltd","0","NULL",242,96,2.52083333333333,0.594,2015,1625
"0031-3025","Pathology","Elsevier","1","Oncology",1101,677,1.62629246676514,0.342,2015,2500
"1532-2807","Pathology & Oncology Research","Springer","1","NULL",1039,576,1.80381944444444,0.39,2015,3000
"2042-003X","Pathology Research International","Hindawi Publishing Corporation","0","Medicine",400,202,1.98019801980198,0.439,2015,750
"0928-4680","Pathophysiology","Elsevier","1","NULL",409,168,2.43452380952381,0.569,2015,3000
"1177-889X","Patient Preference and Adherence","DOVE MEDICAL PRESS LTD","0","",1174,498,2.3574297188755,0.546,2015,2200
"1177-889X","Patient Preference and Adherence","DOVE MEDICAL PRESS LTD","0","",1174,498,2.3574297188755,0.546,2015,2310
"1754-9493","Patient Safety in Surgery","Biomed Central Ltd","0","NULL",284,144,1.97222222222222,0.437,2015,2145
"1754-9493","Patient Safety in Surgery","Biomed Central Ltd","0","NULL",284,144,1.97222222222222,0.437,2015,1625
"1433-755X","Pattern Analysis and Applications","Springer","1","NULL",388,189,2.05291005291005,0.459,2015,3000
"1432-1971","Pediatric Cardiology","Springer","1","NULL",1948,1175,1.65787234042553,0.351,2015,3000
"1179-2019","Pediatric Drugs","Springer","1","NULL",485,228,2.12719298245614,0.48,2015,3000
"1432-198X","Pediatric Nephrology","Springer","1","NULL",3612,1374,2.62882096069869,0.627,2015,3000
"1432-1998","Pediatric Radiology","Springer","1","NULL",2198,1236,1.77831715210356,0.383,2015,3000
"2036-7503","Pediatric Reports","PAGEPress Publications","0","Medicine",144,115,1.25217391304348,0.246,2015,1845
"1546-0096","Pediatric Rheumatology","BioMed Central Ltd","0","",520,396,1.31313131313131,0.262,2015,2145
"1546-0096","Pediatric Rheumatology","BioMed Central Ltd","0","",520,396,1.31313131313131,0.262,2015,1625
"1437-9813","Pediatric Surgery International","Springer","1","NULL",1381,973,1.41932168550874,0.289,2015,3000
"1002-0160","Pedosphere","Elsevier","1","Plant Biology",971,426,2.27934272300469,0.524,2015,3000
"2167-8359","PeerJ","PeerJ Inc.","0","Medicine",1912,679,2.8159057437408,0.683,2015,1845
"0196-9781","Peptides","Elsevier","1","Molecular and Cell Biology",4152,1470,2.82448979591837,0.686,2015,3000
"0188-7653","Perfiles Latinoamericanos","","0","NULL",34,47,0.723404255319149,0.124,2015,1845
"2309-4982","Perfiles Latinoamericanos","Facultad Latinoamericana de Ciencias Sociales, Sede México","0","Social Sciences",34,47,0.723404255319149,0.124,2015,0
"1588-2829","Periodica Mathematica Hungarica","Springer","1","NULL",97,106,0.915094339622642,0.166,2015,3000
"1617-4917","Personal and Ubiquitous Computing","Springer","1","NULL",21,19,1.10526315789474,0.211,2015,3000
"0100-204X","Pesquisa Agropecuaria Brasileira","","0","NULL",1113,901,1.23529411764706,0.242,2015,1845
"1983-2605","Pesquisa Florestal Brasileira","Embrapa Florestas","0","Agriculture",164,192,0.854166666666667,0.152,2015,1845
"1678-5142","Pesquisa Operacional","Sociedade Brasileira de Pesquisa Operacional","0","Science",152,130,1.16923076923077,0.226,2015,0
"0100-736X","Pesquisa Veterinaria Brasileira","","0","NULL",642,846,0.75886524822695,0.131,2015,1845
"1672-5107","Petroleum Science","","0","NULL",328,291,1.12714776632302,0.216,2015,1845
"1995-8226","Petroleum Science","Springer","0","Science",328,291,1.12714776632302,0.216,2015,0
"2322-2182","Petrology","University of Isfahan","0","Science",237,177,1.33898305084746,0.268,2015,1845
"1573-904X","Pharmaceutical Research","Springer","1","NULL",5993,1356,4.41961651917404,1.205,2015,3000
"1424-8247","Pharmaceuticals","Mdpi","0","NULL",1258,455,2.76483516483517,0.668,2015,533
"1999-4923","Pharmaceutics","Mdpi","0","NULL",562,180,3.12222222222222,0.778,2015,263
"1179-2027","Pharmacoeconomics","Springer","1","NULL",1390,482,2.88381742738589,0.704,2015,3000
"0974-8490","Pharmacognosy Research","Medknow Publications","0","Medicine",413,256,1.61328125,0.339,2015,1500
"1734-1140","Pharmacological Reports","Polish Academy of Sciences","0","Neuroscience",1952,815,2.39509202453988,0.557,2015,3000
"1734-1140","Pharmacological Reports","Polish Academy of Sciences","0","Neuroscience",1952,815,2.39509202453988,0.557,2015,0
"1572-8676","Phenomenology and the Cognitive Sciences","Springer","1","NULL",321,166,1.93373493975904,0.426,2015,3000
"1574-9274","Philosophia","Springer","1","NULL",105,219,0.479452054794521,0.074,2015,3000
"2423-4419","Philosophical Investigations","University of Tabriz","0","Philosophy. Psychology. Religion",19,44,0.431818181818182,0.065,2015,1845
"1573-0883","Philosophical Studies","Springer","1","NULL",981,749,1.30974632843792,0.261,2015,3000
"2210-5441","Philosophy & Technology","Springer","1","NULL",249,124,2.00806451612903,0.447,2015,3000
"2052-9597","Philosophy of Management","Springer","1","NULL",11,44,0.25,0.032,2015,3000
"1572-8188","Photonic Network Communications","Springer","1","NULL",232,206,1.12621359223301,0.216,2015,3000
"1573-5079","Photosynthesis Research","Springer","1","NULL",1914,491,3.89816700610998,1.029,2015,3000
"1573-9058","Photosynthetica","Springer","1","NULL",614,345,1.77971014492754,0.384,2015,3000
"2160-3308","Physical Review X","American Physical Society","0","",1518,398,3.81407035175879,1.001,2015,1500
"2160-3308","Physical Review X","American Physical Society","0","",1518,398,3.81407035175879,1.001,2015,2900
"1432-2021","Physics and Chemistry of Minerals","Springer","1","NULL",542,363,1.4931129476584,0.308,2015,3000
"1422-6960","Physics in Perspective","Springer","1","NULL",25,42,0.595238095238095,0.097,2015,3000
"0370-2693","Physics Letters B","","0","NULL",14280,4257,3.35447498238196,0.851,2015,1845
"1873-2445","Physics Letters B","Elsevier","0","Science",14280,4257,3.35447498238196,0.851,2015,0
"1063-7834","Physics of the Solid State","","0","NULL",1338,1603,0.834684965689332,0.148,2015,1845
"2090-2239","Physics Research International","Hindawi Publishing Corporation","0","Science",81,85,0.952941176470588,0.175,2015,750
"1365-3032","Physiological Reports","Wiley","0","NULL",844,457,1.84682713347921,0.402,2015,1500
"2051-817X","Physiological Reports","Wiley","0","Science",844,457,1.84682713347921,0.402,2015,1845
"1802-9973","Physiological Research","Self Owned - Non-Profit Society","0","NULL",948,452,2.09734513274336,0.472,2015,0
"1802-9973","Physiological Research","Self Owned - Non-Profit Society","0","NULL",948,452,2.09734513274336,0.472,2015,795
"0031-9406","Physiotherapy","Elsevier","1","Sports Medicine",785,266,2.95112781954887,0.725,2015,2500
"0031-9422","Phytochemistry","Elsevier","1","Food Science",4522,1295,3.49189189189189,0.896,2015,3300
"1572-980X","Phytochemistry Reviews","Springer","1","NULL",874,201,4.34825870646766,1.18,2015,3000
"1314-2003","PhytoKeys","Pensoft Publishers","0","Science",173,147,1.17687074829932,0.228,2015,168
"1314-2011","PhytoKeys","","0","NULL",173,147,1.17687074829932,0.228,2015,1845
"0944-7113","Phytomedicine","Elsevier","1","Food Science",3749,1006,3.72664015904573,0.972,2015,2500
"1876-7184","Phytoparasitica","Springer","1","NULL",348,289,1.20415224913495,0.235,2015,3000
"0031-9465","Phytopathologia Mediterranea","","0","NULL",342,221,1.54751131221719,0.322,2015,1845
"1593-2095","Phytopathologia Mediterranea","Firenze University Press","0","Science",342,221,1.54751131221719,0.322,2015,0
"1593-2095","Phytopathologia Mediterranea","Firenze University Press","0","Science",342,221,1.54751131221719,0.322,2015,392
"1573-7403","Pituitary","Springer","1","NULL",1109,360,3.08055555555556,0.765,2015,3000
"0143-4004","Placenta","Elsevier","1","Medicine",3725,1057,3.52412488174078,0.906,2015,3300
"1573-5036","Plant and Soil","Springer","1","NULL",8613,2156,3.99489795918367,1.061,2015,3000
"1467-7644","Plant Biotechnology Journal","","0","NULL",3358,495,6.78383838383838,2.065,2015,1845
"1467-7652","Plant Biotechnology Journal","Wiley","0","Agriculture",3358,495,6.78383838383838,2.065,2015,2720
"1863-5474","Plant Biotechnology Reports","Springer","1","NULL",416,200,2.08,0.467,2015,3000
"2083-599X","Plant Breeding and Seed Science","De Gruyter Open","0","Agriculture",35,45,0.777777777777778,0.135,2015,1845
"1432-203X","Plant Cell Reports","Springer","1","NULL",3025,848,3.56721698113208,0.92,2015,3000
"1573-5052","Plant Ecology","Springer","1","NULL",1594,756,2.10846560846561,0.475,2015,3000
"1573-9104","Plant Foods for Human Nutrition","Springer","1","NULL",1026,302,3.39735099337748,0.865,2015,3000
"1573-5087","Plant Growth Regulation","Springer","1","NULL",1201,485,2.47628865979381,0.581,2015,3000
"1746-4811","Plant Methods","Biomed Central","0","",979,215,4.55348837209302,1.251,2015,2240
"1746-4811","Plant Methods","Biomed Central","0","",979,215,4.55348837209302,1.251,2015,1625
"1746-4811","Plant Methods","Biomed Central","0","",979,215,4.55348837209302,1.251,2015,1760
"1746-4811","Plant Methods","Biomed Central","0","",979,215,4.55348837209302,1.251,2015,1859
"1746-4811","Plant Methods","Biomed Central","0","",979,215,4.55348837209302,1.251,2015,2035
"1573-5028","Plant Molecular Biology","Springer","1","NULL",3105,695,4.46762589928058,1.221,2015,3000
"1572-9818","Plant Molecular Biology Reporter","Springer","1","NULL",1225,588,2.08333333333333,0.468,2015,3000
"1836-3644","Plant Omics","Self Owned - Non-Profit Society","0","NULL",376,274,1.37226277372263,0.277,2015,310
"1836-3644","Plant Omics","Self Owned - Non-Profit Society","0","NULL",376,274,1.37226277372263,0.277,2015,450
"1598-2254","Plant Pathology Journal","KOREAN SOC PLANT PATHOLOGY","0","",367,380,0.96578947368421,0.178,2015,0
"1598-2254","Plant Pathology Journal","KOREAN SOC PLANT PATHOLOGY","0","",367,380,0.96578947368421,0.178,2015,1000
"1812-5387","Plant Pathology Journal","Asian Network for Scientific Information (ansinet)","0","NULL",367,380,0.96578947368421,0.178,2015,1845
"1812-5425","Plant Pathology Journal","Asian Network for Scientific Information (ansinet)","0","NULL",367,380,0.96578947368421,0.178,2015,1845
"1343-943X","Plant Production Science","","0","NULL",201,190,1.05789473684211,0.199,2015,1845
"1349-1008","Plant Production Science","Taylor & Francis Group","0","Agriculture",201,190,1.05789473684211,0.199,2015,0
"1349-1008","Plant Production Science","Taylor & Francis Group","0","Agriculture",201,190,1.05789473684211,0.199,2015,1750
"1349-1008","Plant Production Science","Taylor & Francis Group","0","Agriculture",201,190,1.05789473684211,0.199,2015,1215
"1214-1178","Plant Soil and Environment","Self Owned - Non-Profit Society","0","Plant Biology",588,410,1.43414634146341,0.292,2015,0
"1214-1178","Plant Soil and Environment","Self Owned - Non-Profit Society","0","Plant Biology",588,410,1.43414634146341,0.292,2015,225.53
"2199-6881","Plant Systematics and Evolution","Springer","1","NULL",1177,763,1.54259501965924,0.32,2015,3000
"1432-2048","Planta","Springer","1","NULL",4484,1136,3.94718309859155,1.045,2015,3000
"0100-8358","Planta Daninha","","0","NULL",468,470,0.995744680851064,0.185,2015,1845
"1572-8986","Plasma Chemistry and Plasma Processing","Springer","1","NULL",682,357,1.91036414565826,0.419,2015,3000
"0147-619X","Plasmid","Elsevier","1","Molecular and Cell Biology",433,250,1.732,0.371,2015,3000
"1557-1963","Plasmonics","Springer","1","NULL",1598,622,2.56913183279743,0.609,2015,3000
"2090-147X","Plastic Surgery International","Hindawi Publishing Corporation","0","Medicine",153,92,1.66304347826087,0.352,2015,750
"1471-0676","Platinum Metals Review","Johnson Matthey Plc","0","",222,90,2.46666666666667,0.578,2015,0
"1545-7885","Plos Biology","Public Library of Science (PLoS)","0","Science",11637,1194,9.74623115577889,3.258,2015,2900
"1553-734X","PLoS Computational Biology","","0","NULL",14348,2453,5.84916428862617,1.714,2015,1845
"1553-7358","PLoS Computational Biology","Public Library of Science (PLoS)","0","Science",14348,2453,5.84916428862617,1.714,2015,2250
"1553-7404","PLoS Genetics","Public Library of Science (PLoS)","0","Science",28242,3442,8.20511330621732,2.623,2015,2250
"1549-1676","Plos Medicine","Public Library of Science (PLoS)","0","Medicine",11109,963,11.5358255451713,4.027,2015,2900
"1935-2735","PLoS Neglected Tropical Diseases","Public Library of Science (PLoS)","0","Medicine",13941,2707,5.1499815293683,1.46,2015,2250
"1935-2735","PLoS Neglected Tropical Diseases","Public Library of Science (PLoS)","0","Medicine",13941,2707,5.1499815293683,1.46,2015,0
"1932-6203","PLoS One","PUBLIC LIBRARY SCIENCE","0","",426949,104705,4.07763717109976,1.089,2015,1350
"1932-6203","PLoS One","PUBLIC LIBRARY SCIENCE","0","",426949,104705,4.07763717109976,1.089,2015,1495
"1553-7366","PLoS Pathogens","","0","NULL",25433,3173,8.0154427986133,2.547,2015,1845
"1553-7374","PLoS Pathogens","Public Library of Science (PLoS)","0","Medicine",25433,3173,8.0154427986133,2.547,2015,2250
"1934-1482","Pm&r","Elsevier","0","",2052,857,2.39439906651109,0.557,2015,3000
"1934-1482","Pm&r","Elsevier","0","",2052,857,2.39439906651109,0.557,2015,0
"1754-0410","Pmc Physics A","Physmath Central Ltd","0","NULL",2,1,2,0.444,2015,1625
"1754-0429","Pmc Physics B","Physmath Central Ltd","0","NULL",1,4,0.25,0.032,2015,1625
"0304-422X","Poetics","Elsevier","0","",493,151,3.26490066225166,0.823,2015,1800
"1615-6617","Poiesis & Praxis","Springer","0","NULL",22,41,0.536585365853659,0.085,2015,0
"1432-2056","Polar Biology","Springer","1","NULL",1792,832,2.15384615384615,0.488,2015,3000
"0800-0395","Polar Research","","0","NULL",390,201,1.94029850746269,0.428,2015,1845
"1751-8369","Polar Research","Co-Action Publishing","0","Science",390,201,1.94029850746269,0.428,2015,0
"1573-0891","Policy Sciences","Springer","1","NULL",322,97,3.31958762886598,0.84,2015,3000
"1509-8117","Polish Journal of Chemical Technology","","0","NULL",194,251,0.772908366533865,0.134,2015,1845
"1899-4741","Polish Journal of Chemical Technology","De Gruyter Open","0","Science",194,251,0.772908366533865,0.134,2015,0
"1233-9687","Polish Journal of Pathology","","0","NULL",237,204,1.16176470588235,0.224,2015,1845
"2084-9869","Polish Journal of Pathology","Termedia Publishing House","0","Medicine",237,204,1.16176470588235,0.224,2015,0
"1505-1773","Polish Journal of Veterinary Sciences","Polish Academy of Sciences","0","Veterinary",418,441,0.947845804988662,0.174,2015,0
"2083-7429","Polish Maritime Research","De Gruyter Open","0","Naval Science",117,138,0.847826086956522,0.151,2015,1845
"0138-0338","Polish Polar Research","","0","NULL",182,122,1.49180327868852,0.307,2015,1845
"2081-8262","Polish Polar Research","De Gruyter Open","0","Science",182,122,1.49180327868852,0.307,2015,0
"1641-7844","Polish Psychological Bulletin","De Gruyter Open","0","Philosophy. Psychology. Religion",84,114,0.736842105263158,0.127,2015,0
"1665-2037","Politica Y Gobierno","","0","NULL",44,36,1.22222222222222,0.239,2015,1845
"1573-6687","Political Behavior","Springer","1","NULL",619,161,3.84472049689441,1.011,2015,3000
"1470-1014","Politikon","Routledge Journals","0","NULL",73,90,0.811111111111111,0.143,2015,0
"0277-5387","Polyhedron","Elsevier","1","Physics and Chemistry",5434,2744,1.98032069970845,0.439,2015,2600
"0032-3861","Polymer","Elsevier","1","Physics and Chemistry",14874,3758,3.95795635976583,1.048,2015,3000
"0032-3861","Polymer","Elsevier","1","Physics and Chemistry",14874,3758,3.95795635976583,1.048,2015,3200
"1436-2449","Polymer Bulletin","Springer","1","NULL",1609,1068,1.5065543071161,0.311,2015,3000
"2073-4360","Polymers","MDPI","0","",2070,449,4.61024498886414,1.27,2015,320
"2073-4360","Polymers","MDPI","0","",2070,449,4.61024498886414,1.27,2015,1445
"1573-7810","Population and Environment","Springer","1","NULL",400,118,3.38983050847458,0.863,2015,3000
"1438-390X","Population Ecology","Springer","1","NULL",483,275,1.75636363636364,0.377,2015,3000
"1478-7954","Population Health Metrics","BioMed Central Ltd","0","",879,170,5.17058823529412,1.467,2015,2145
"1478-7954","Population Health Metrics","BioMed Central Ltd","0","",879,170,5.17058823529412,1.467,2015,1625
"1573-7829","Population Research and Policy Review","Springer","1","NULL",377,189,1.99470899470899,0.443,2015,3000
"1617-9838","Portuguese Economic Journal","Springer","1","NULL",26,39,0.666666666666667,0.112,2015,3000
"1572-9281","Positivity","Springer","1","NULL",180,214,0.841121495327103,0.149,2015,3000
"1642-395X","Postepy Dermatologii I Alergologii","","0","NULL",214,127,1.68503937007874,0.358,2015,1845
"0032-5449","Postepy Higieny I Medycyny Doswiadczalnej","","0","NULL",369,361,1.02216066481994,0.191,2015,1845
"1734-9338","Postepy W Kardiologii Interwencyjnej","","0","NULL",1,1,1,0.186,2015,1845
"1871-4528","Potato Research","Springer","1","NULL",167,121,1.3801652892562,0.279,2015,3000
"1572-929X","Potential Analysis","Springer","1","NULL",317,240,1.32083333333333,0.264,2015,3000
"1687-4765","Ppar Research","Hindawi","0","NULL",589,233,2.52789699570815,0.597,2015,1200
"1687-4765","Ppar Research","Hindawi","0","NULL",589,233,2.52789699570815,0.597,2015,0
"1687-4765","Ppar Research","Hindawi","0","NULL",589,233,2.52789699570815,0.597,2015,1250
"1573-1618","Precision Agriculture","Springer","1","NULL",659,235,2.80425531914894,0.68,2015,3000
"1573-6695","Prevention Science","Springer","1","NULL",1289,300,4.29666666666667,1.163,2015,3000
"1610-7365","Primates","Springer","1","NULL",392,228,1.71929824561403,0.367,2015,3000
"1432-2064","Probability Theory and Related Fields","Springer","1","NULL",965,349,2.76504297994269,0.668,2015,3000
"1867-1314","Probiotics and Antimicrobial Proteins","Springer","1","NULL",256,140,1.82857142857143,0.397,2015,3000
"1613-7574","Procare","Springer","1","NULL",3,15,0.2,0.025,2015,3000
"1943-5665","Proceedings of the American Thoracic Society","Amer Thoracic Soc","0","NULL",748,307,2.43648208469055,0.569,2015,0
"1863-7353","Production Engineering","Springer","1","NULL",411,341,1.20527859237537,0.235,2015,3000
"2192-6360","Progress in Artificial Intelligence","Springer","1","NULL",106,49,2.16326530612245,0.49,2015,3000
"2196-1042","Progress in Orthodontics","Springer","0","Medicine",289,172,1.68023255813953,0.357,2015,0
"1555-5615","Progress in Physics","HEXIS (Arizona)","0","Science",3,14,0.214285714285714,0.027,2015,60
"2050-3911","Progress of Theoretical and Experimental Physics","Oxford University Press","0","Science",666,302,2.20529801324503,0.502,2015,1845
"2309-3072","Project Baikal","Russian Academy of Architecture and Construction Sciences","0","Fine Arts",1,2,0.5,0.078,2015,1845
"1573-9090","Prospects","Springer","1","NULL",196,154,1.27272727272727,0.252,2015,3000
"2090-312X","Prostate Cancer","Hindawi Publishing Corporation","0","Medicine",265,103,2.57281553398058,0.61,2015,1000
"1674-800X","Protein & Cell","","0","NULL",1523,513,2.96881091617934,0.73,2015,1845
"1674-8018","Protein & Cell","Springer","0","Science",1523,513,2.96881091617934,0.73,2015,0
"1477-5956","Proteome Science","Self Owned - Non-Profit Society","0","",964,362,2.66298342541436,0.637,2015,2145
"1477-5956","Proteome Science","Self Owned - Non-Profit Society","0","",964,362,2.66298342541436,0.637,2015,1625
"1477-5956","Proteome Science","Self Owned - Non-Profit Society","0","",964,362,2.66298342541436,0.637,2015,1730
"1477-5956","Proteome Science","Self Owned - Non-Profit Society","0","",964,362,2.66298342541436,0.637,2015,1781
"1434-4610","Protist","Elsevier","1","Ecology and Evolution",811,262,3.09541984732824,0.77,2015,2500
"1615-6102","Protoplasma","Springer","1","NULL",1541,546,2.82234432234432,0.685,2015,3000
"1807-0310","Psicologia & Sociedade","Associação Brasileira de Psicologia Social","0","Philosophy. Psychology. Religion",241,352,0.684659090909091,0.115,2015,0
"1807-0329","Psicologia Em Estudo","Universidade Estadual de Maringá","0","Philosophy. Psychology. Religion",225,254,0.885826771653543,0.159,2015,0
"0211-2159","Psicologica","","0","NULL",212,296,0.716216216216216,0.122,2015,1845
"0214-9915","Psicothema","","0","NULL",1051,541,1.94269870609982,0.428,2015,1845
"1886-144X","Psicothema","Cologio Oficial de Psicólogos del Principado","0","Philosophy. Psychology. Religion",1051,541,1.94269870609982,0.428,2015,0
"0048-5705","Psihologija","","0","NULL",75,87,0.862068965517241,0.154,2015,1845
"1451-9283","Psihologija","Drustvo Psihologa Srbije","0","Philosophy. Psychology. Religion",75,87,0.862068965517241,0.154,2015,0
"0033-2674","Psychiatria Polska","","0","NULL",167,269,0.620817843866171,0.102,2015,1845
"1573-6709","Psychiatric Quarterly","Springer","1","NULL",324,178,1.82022471910112,0.395,2015,3000
"0033-2879","Psychologica Belgica","Belgian Psychol Soc","0","Psychology",168,99,1.6969696969697,0.361,2015,0
"2054-670X","Psychologica Belgica","Ubiquity Press","0","Philosophy. Psychology. Religion",168,99,1.6969696969697,0.361,2015,390
"1938-9728","Psychological Injury and Law","Springer","1","NULL",157,118,1.33050847457627,0.266,2015,3000
"2083-8506","Psychology of Language and Communication","De Gruyter Open","0","Philosophy. Psychology. Religion",29,42,0.69047619047619,0.117,2015,1845
"1860-0980","Psychometrika","Springer","1","NULL",565,188,3.00531914893617,0.742,2015,3000
"0306-4530","Psychoneuroendocrinology","Elsevier","1","Neuroscience",6891,1135,6.07136563876652,1.796,2015,3000
"1531-5320","Psychonomic Bulletin & Review","Springer","1","NULL",2711,740,3.66351351351351,0.951,2015,3000
"1432-2072","Psychopharmacology","Springer","1","NULL",7574,1881,4.02658160552897,1.071,2015,3000
"0033-3182","Psychosomatics","Elsevier","1","Psychiatry",1094,455,2.4043956043956,0.56,2015,3000
"1432-2080","Psychotherapeut","Springer","1","NULL",179,205,0.873170731707317,0.157,2015,3000
"1613-7604","Psychotherapie Forum","Springer","1","NULL",22,15,1.46666666666667,0.301,2015,3000
"1573-7101","Public Choice","Springer","1","NULL",1176,551,2.13430127041742,0.482,2015,3000
"1573-7098","Public Organization Review","Springer","1","NULL",193,110,1.75454545454545,0.377,2015,3000
"1613-7159","Public Transport","Springer","1","NULL",151,60,2.51666666666667,0.593,2015,3000
"1936-4792","Publishing Research Quarterly","Springer","1","NULL",115,106,1.08490566037736,0.206,2015,3000
"1862-2569","Publizistik","Springer","1","NULL",63,73,0.863013698630137,0.154,2015,3000
"2090-1844","Pulmonary Medicine","Hindawi Publishing Corporation","0","Medicine",462,172,2.68604651162791,0.644,2015,1000
"1420-9136","Pure and Applied Geophysics","Springer","1","NULL",1301,670,1.94179104477612,0.428,2015,3000
"1573-9546","Purinergic Signalling","Springer","1","NULL",713,229,3.11353711790393,0.775,2015,3000
"2081-6383","Quaestiones Geographicae","De Gruyter Open","0","Geography. Anthropology. Recreation",122,117,1.04273504273504,0.196,2015,1845
"1573-7837","Qualitative Sociology","Springer","1","NULL",241,125,1.928,0.424,2015,3000
"1662-3592","Qualitative Theory of Dynamical Systems","Springer","1","NULL",90,72,1.25,0.246,2015,3000
"1573-7845","Quality & Quantity","Springer","1","NULL",1131,662,1.70845921450151,0.364,2015,3000
"1573-2649","Quality of Life Research","Springer","1","NULL",4048,1111,3.64356435643564,0.945,2015,3000
"1759-7323","Quantitative Economics","","0","NULL",421,94,4.47872340425532,1.225,2015,1845
"1759-7331","Quantitative Economics","Econometric Society ","0","Science",421,94,4.47872340425532,1.225,2015,0
"1573-1332","Quantum Information Processing","Springer","1","NULL",1177,607,1.93904448105437,0.427,2015,3000
"1572-9443","Queueing Systems","Springer","1","NULL",303,224,1.35267857142857,0.272,2015,3000
"0100-4042","Quimica Nova","","0","NULL",1436,1307,1.09869931140015,0.209,2015,1845
"1867-1756","Race and Social Problems","Springer","1","NULL",166,100,1.66,0.351,2015,3000
"1432-2099","Radiation and Environmental Biophysics","Springer","1","NULL",582,290,2.00689655172414,0.446,2015,3000
"1748-717X","Radiation Oncology","Biomed Central","0","NULL",3616,1104,3.27536231884058,0.826,2015,2145
"1941-0832","Radical Teacher","University Library System, University of Pittsburgh","0","Education",24,62,0.387096774193548,0.056,2015,0
"1210-2512","Radioengineering","Self Owned - Non-Profit Society","0","",85,70,1.21428571428571,0.237,2015,0
"1210-2512","Radioengineering","Self Owned - Non-Profit Society","0","",85,70,1.21428571428571,0.237,2015,771
"1210-2512","Radioengineering","Self Owned - Non-Profit Society","0","",85,70,1.21428571428571,0.237,2015,671
"1805-9600","Radioengineering","Spolecnost pro radioelektronicke inzenyrstvi","0","Technology",85,70,1.21428571428571,0.237,2015,448
"1078-8174","Radiography","Elsevier","1","NULL",291,263,1.106463878327,0.211,2015,2500
"1678-7099","Radiologia Brasileira","Colégio Brasileiro de Radiologia e Diagnóstico por Imagem","0","Medicine",367,358,1.02513966480447,0.192,2015,0
"1865-0341","Radiological Physics and Technology","Springer","1","NULL",167,157,1.06369426751592,0.201,2015,3000
"1318-2099","Radiology and Oncology","","0","NULL",445,235,1.8936170212766,0.415,2015,1845
"1581-3207","Radiology and Oncology","De Gruyter Open","0","Medicine",445,235,1.8936170212766,0.415,2015,0
"1581-3207","Radiology and Oncology","De Gruyter Open","0","Medicine",445,235,1.8936170212766,0.415,2015,784
"1930-0433","Radiology Case Reports","Elsevier","0","Medicine",29,105,0.276190476190476,0.037,2015,400
"2090-195X","Radiology Research and Practice","Hindawi Publishing Corporation","0","Medicine",119,88,1.35227272727273,0.272,2015,1000
"0217-2445","Raffles Bulletin of Zoology","Self Owned - Non-Profit Society","0","Ecology and Evolution",43,47,0.914893617021277,0.166,2015,0
"2076-9172","Rambam Maimonides Medical Journal","Rambam Health Care Campus","0","Medicine",160,104,1.53846153846154,0.319,2015,1845
"0190-0528","Rangelands","Elsevier","1","NULL",103,168,0.613095238095238,0.1,2015,1500
"1890-6729","Rangifer","Septentrio Academic Publishing","0","Agriculture",40,73,0.547945205479452,0.087,2015,0
"1867-7185","Rare Metals","Springer","1","NULL",614,646,0.95046439628483,0.174,2015,3000
"2036-3613","Rare Tumors","PAGEPress Publications","0","Medicine",210,240,0.875,0.157,2015,1845
"1869-4179","Raumforschung Und Raumordnung","Springer","1","NULL",118,126,0.936507936507936,0.171,2015,3000
"1573-0905","Reading and Writing","Springer","1","NULL",1025,364,2.81593406593407,0.683,2015,3000
"1434-5196","Rechtsmedizin","Springer","1","NULL",126,203,0.620689655172414,0.102,2015,3000
"1307-6167","Records of Natural Products","Self Owned - Non-Profit Society","0","",110,62,1.7741935483871,0.382,2015,0
"1307-6167","Records of Natural Products","Self Owned - Non-Profit Society","0","",110,62,1.7741935483871,0.382,2015,450
"1436-378X","Regional Environmental Change","Springer","1","NULL",1672,487,3.43326488706365,0.877,2015,3000
"2090-2875","Rehabilitation Research and Practice","Hindawi Publishing Corporation","0","Medicine",225,98,2.29591836734694,0.528,2015,1845
"2072-4292","Remote Sensing","MDPI","0","",5401,1550,3.48451612903226,0.893,2015,263
"2072-4292","Remote Sensing","MDPI","0","",5401,1550,3.48451612903226,0.893,2015,1651
"1477-7827","Reproductive Biology and Endocrinology","Biomed Central","0","Medicine",2023,671,3.01490312965723,0.745,2015,2145
"1477-7827","Reproductive Biology and Endocrinology","Biomed Central","0","Medicine",2023,671,3.01490312965723,0.745,2015,1720
"1477-7827","Reproductive Biology and Endocrinology","Biomed Central","0","Medicine",2023,671,3.01490312965723,0.745,2015,1820
"1742-4755","Reproductive Health","BioMed Central Ltd","0","",1144,278,4.11510791366906,1.101,2015,2145
"1742-4755","Reproductive Health","BioMed Central Ltd","0","",1144,278,4.11510791366906,1.101,2015,1625
"1447-0578","Reproductive Medicine and Biology","Springer","1","NULL",61,97,0.628865979381443,0.104,2015,3000
"1432-010X","Requirements Engineering","Springer","1","NULL",460,200,2.3,0.53,2015,3000
"1572-8692","Res Publica","Springer","1","NULL",74,107,0.691588785046729,0.117,2015,3000
"1793-7078","Research and Practice in Technology Enhanced Learning","Springer","0","Technology",19,15,1.26666666666667,0.25,2015,0
"1435-6066","Research in Engineering Design","Springer","1","NULL",262,102,2.56862745098039,0.609,2015,3000
"1573-188X","Research in Higher Education","Springer","1","NULL",753,188,4.00531914893617,1.064,2015,3000
"2156-7077","Research in Learning Technology","Co-Action Publishing","0","Education",360,141,2.5531914893617,0.604,2015,0
"1573-1898","Research in Science Education","Springer","1","NULL",633,287,2.20557491289199,0.502,2015,3000
"2278-4535","Research Journal of Biotechnology","e-journal","0","NULL",11,13,0.846153846153846,0.151,2015,1845
"2278-4527","Research Journal of Chemistry and Environment","e-journal","0","NULL",11,19,0.578947368421053,0.093,2015,1845
"1994-7909","Research Journal of Immunology","Asian Network for Scientific Information (ansinet)","0","NULL",16,15,1.06666666666667,0.201,2015,1845
"2077-2211","Research Journal of Immunology","Asian Network for Scientific Information (ansinet)","0","NULL",16,15,1.06666666666667,0.201,2015,1845
"1994-7925","Research Journal of Obstetrics and Gynecology","Asian Network for Scientific Information (ansinet)","0","NULL",5,6,0.833333333333333,0.148,2015,1845
"2077-222X","Research Journal of Obstetrics and Gynecology","Asian Network for Scientific Information (ansinet)","0","NULL",5,6,0.833333333333333,0.148,2015,1845
"1687-6830","Research Letters in Materials Science","Hindawi Publishing Corporation","0","Technology",10,1,10,3.365,2015,2000
"1568-5675","Research on Chemical Intermediates","Springer","1","NULL",1547,944,1.63877118644068,0.346,2015,3000
"2083-8573","Research Works of Air Force Institute of Technology","De Gruyter Open","0","Technology",2,3,0.666666666666667,0.112,2015,1845
"1465-9921","Respiratory Research","Biomed Central","0","Medicine",3262,764,4.2696335078534,1.153,2015,2265
"1465-9921","Respiratory Research","Biomed Central","0","Medicine",3262,764,4.2696335078534,1.153,2015,2380
"1465-9921","Respiratory Research","Biomed Central","0","Medicine",3262,764,4.2696335078534,1.153,2015,2525
"1465-993X","Respiratory Research","Biomed Central","0","NULL",3262,764,4.2696335078534,1.153,2015,2525
"1420-9012","Results in Mathematics","Springer","1","NULL",252,259,0.972972972972973,0.179,2015,3000
"0300-9572","Resuscitation","Elsevier","1","Medicine",7846,1905,4.11863517060367,1.102,2015,3000
"1742-4690","Retrovirology","Biomed Central","0","",2177,1126,1.93339253996448,0.426,2015,2450
"1742-4690","Retrovirology","Biomed Central","0","",2177,1126,1.93339253996448,0.426,2015,1665
"1742-4690","Retrovirology","Biomed Central","0","",2177,1126,1.93339253996448,0.426,2015,1760
"1742-4690","Retrovirology","Biomed Central","0","",2177,1126,1.93339253996448,0.426,2015,2034.5
"1573-7136","Review of Accounting Studies","Springer","1","NULL",790,179,4.41340782122905,1.202,2015,3000
"1573-7144","Review of Derivatives Research","Springer","1","NULL",68,56,1.21428571428571,0.237,2015,3000
"1434-4750","Review of Economic Design","Springer","1","NULL",59,60,0.983333333333333,0.182,2015,3000
"1573-7152","Review of Economics of the Household","Springer","1","NULL",273,136,2.00735294117647,0.446,2015,3000
"1573-7160","Review of Industrial Organization","Springer","1","NULL",261,170,1.53529411764706,0.319,2015,3000
"1863-6691","Review of Managerial Science","Springer","1","NULL",162,77,2.1038961038961,0.473,2015,3000
"1878-5166","Review of Philosophy and Psychology","Springer","1","NULL",374,172,2.17441860465116,0.494,2015,3000
"1573-7179","Review of Quantitative Finance and Accounting","Springer","1","NULL",399,258,1.54651162790698,0.321,2015,3000
"2211-4866","Review of Religious Research","Springer","1","NULL",125,116,1.07758620689655,0.204,2015,3000
"1610-2886","Review of World Economics","Springer","1","NULL",505,155,3.25806451612903,0.821,2015,3000
"1573-5184","Reviews in Fish Biology and Fisheries","Springer","1","NULL",755,230,3.28260869565217,0.829,2015,3000
"1605-8127","Reviews on Advanced Materials Science","Self Owned - Non-Profit Society","0","NULL",41,18,2.27777777777778,0.523,2015,0
"1330-2965","Revija Za Socijalnu Politiku","","0","NULL",6,26,0.230769230769231,0.029,2015,1845
"1845-6014","Revija Za Socijalnu Politiku","Studijski centar socijalnog rada","0","Social Sciences",6,26,0.230769230769231,0.029,2015,1845
"0100-6762","Revista Arvore","","0","NULL",444,503,0.882703777335984,0.159,2015,1845
"0034-7094","Revista Brasileira De Anestesiologia","","0","NULL",544,590,0.922033898305085,0.168,2015,1845
"1806-907X","Revista Brasileira De Anestesiologia","Sociedade Brasileira de Anestesiologia","0","Medicine",544,590,0.922033898305085,0.168,2015,0
"0100-0683","Revista Brasileira De Ciencia Do Solo","","0","NULL",1264,872,1.44954128440367,0.296,2015,1845
"0102-7638","Revista Brasileira De Cirurgia Cardiovascular","","0","NULL",159,152,1.04605263157895,0.197,2015,1845
"1806-9134","Revista Brasileira De Economia","Fundação Getúlio Vargas","0","Social Sciences",58,80,0.725,0.124,2015,0
"1984-0446","Revista Brasileira De Enfermagem","Associação Brasileira de Enfermagem","0","Medicine",1156,965,1.1979274611399,0.233,2015,331.1
"1807-1929","Revista Brasileira De Engenharia Agricola E Ambiental","Universidade Federal de Campina Grande","0","Agriculture",968,818,1.18337408312958,0.23,2015,0
"0085-5626","Revista Brasileira De Entomologia","","0","NULL",346,319,1.0846394984326,0.206,2015,1845
"1806-9665","Revista Brasileira De Entomologia","Sociedade Brasileira De Entomologia","0","Science",346,319,1.0846394984326,0.206,2015,0
"1806-9665","Revista Brasileira De Entomologia","Sociedade Brasileira De Entomologia","0","Science",346,319,1.0846394984326,0.206,2015,210.7
"1980-5497","Revista Brasileira De Epidemiologia","Associação Brasileira de Pós-Graduação em Saúde Coletiva","0","Medicine",837,394,2.1243654822335,0.479,2015,0
"0100-2945","Revista Brasileira De Fruticultura","","0","NULL",771,778,0.991002570694087,0.184,2015,1845
"1806-9967","Revista Brasileira De Fruticultura","Sociedade Brasileira de Fruticultura","0","Agriculture",771,778,0.991002570694087,0.184,2015,400
"1806-9967","Revista Brasileira De Fruticultura","Sociedade Brasileira de Fruticultura","0","Agriculture",771,778,0.991002570694087,0.184,2015,0
"1806-9967","Revista Brasileira De Fruticultura","Sociedade Brasileira de Fruticultura","0","Agriculture",771,778,0.991002570694087,0.184,2015,421.4
"1806-0870","Revista Brasileira De Hematologia E Hemoterapia","Sociedade Brasileira de Hematologia e Hemoterapia","0","Medicine",414,414,1,0.186,2015,0
"1517-8692","Revista Brasileira De Medicina Do Esporte","","0","NULL",319,320,0.996875,0.185,2015,1845
"1806-9940","Revista Brasileira De Medicina Do Esporte","Sociedade Brasileira de Medicina do Esporte","0","Medicine",319,320,0.996875,0.185,2015,240.8
"1982-4351","Revista Brasileira De Meteorologia","Sociedade Brasileira de Meteorologia","0","Science",129,177,0.728813559322034,0.125,2015,0
"1982-8551","Revista Brasileira De Oftalmologia","Sociedade Brasileira de Oftalmologia","0","Medicine",64,119,0.53781512605042,0.085,2015,0
"1982-4378","Revista Brasileira De Ortopedia","Sociedade Brasileira de Ortopedia e Traumatologia","0","Medicine",306,537,0.569832402234637,0.092,2015,0
"1984-2961","Revista Brasileira De Parasitologia Veterinaria","Colégio Brasileiro de Parasitologia Veterinaria ","0","Agriculture",596,378,1.57671957671958,0.329,2015,150.5
"0034-7329","Revista Brasileira De Politica Internacional","","0","NULL",101,100,1.01,0.188,2015,1845
"1516-4446","Revista Brasileira De Psiquiatria","","0","NULL",1024,430,2.38139534883721,0.553,2015,1845
"1809-452X","Revista Brasileira De Psiquiatria","Associação Brasileira de Psiquiatria (ABP)","0","Medicine",1024,430,2.38139534883721,0.553,2015,0
"0482-5004","Revista Brasileira De Reumatologia","","0","NULL",591,406,1.45566502463054,0.298,2015,1845
"1809-4570","Revista Brasileira De Reumatologia","Sociedade Brasileira de Reumatologia ","0","Medicine",591,406,1.45566502463054,0.298,2015,0
"0100-316X","Revista Caatinga","","0","NULL",229,282,0.812056737588652,0.143,2015,1845
"1983-2125","Revista Caatinga","Universidade Federal Rural do Semi-Árido","0","Agriculture | Science",229,282,0.812056737588652,0.143,2015,90.3
"1982-0216","Revista CEFAC","CEFAC Saúde e Educação","0","Language and Literature",861,580,1.48448275862069,0.305,2015,200
"0717-7348","Revista Chilena De Enfermedades Respiratorias","Sociedad Chilena de Enfermedades Respiratorias","0","Medicine",28,48,0.583333333333333,0.094,2015,1845
"0716-078X","Revista Chilena De Historia Natural","","0","NULL",184,190,0.968421052631579,0.178,2015,1845
"0717-6317","Revista Chilena De Historia Natural","Springer","0","Science",184,190,0.968421052631579,0.178,2015,1760
"0718-2295","Revista Chilena De Literatura","Universidad de Chile","0","Language and Literature",14,46,0.304347826086956,0.042,2015,0
"1806-6690","Revista Ciencia Agronomica","Universidade Federal do Ceará","0","Agriculture",539,490,1.1,0.209,2015,108.36
"0104-4230","Revista Da Associacao Medica Brasileira","","0","NULL",924,632,1.4620253164557,0.3,2015,1845
"0080-6234","Revista Da Escola De Enfermagem Da USP","","0","NULL",2178,1596,1.36466165413534,0.275,2015,1845
"1980-220X","Revista Da Escola De Enfermagem Da USP","Universidade de São Paulo","0","Medicine",2178,1596,1.36466165413534,0.275,2015,360
"1982-0232","Revista Da Sociedade Brasileira De Fonoaudiologia","Sociedade Brasileira de Fonoaudiologia","0","Language and Literature",421,243,1.73251028806584,0.371,2015,1845
"0037-8682","Revista Da Sociedade Brasileira De Medicina Tropical","","0","NULL",1159,803,1.44333748443337,0.295,2015,1845
"1678-9849","Revista Da Sociedade Brasileira De Medicina Tropical","Sociedade Brasileira de Medicina Tropical (SBMT)","0","Medicine",1159,803,1.44333748443337,0.295,2015,0
"0718-1957","Revista De Biologia Marina Y Oceanografia","Self Owned - Non-Profit Society","0","NULL",223,246,0.90650406504065,0.164,2015,0
"0718-1957","Revista De Biologia Marina Y Oceanografia","Self Owned - Non-Profit Society","0","NULL",223,246,0.90650406504065,0.164,2015,300
"0034-7744","Revista De Biologia Tropical","Vicerractoría Investigación","0","Science",678,834,0.81294964028777,0.143,2015,0
"1133-455X","Revista De Economia Aplicada","Universidad De Zaragoza","0","Economics",46,63,0.73015873015873,0.125,2015,0
"1806-9479","Revista De Economia E Sociologia Rural","Sociedade Brasileira de Economia e Sociologia Rural","0","Agriculture",129,155,0.832258064516129,0.147,2015,0
"1576-0162","Revista De Economia Mundial","","0","NULL",59,88,0.670454545454545,0.112,2015,1845
"0123-885X","Revista De Estudios Sociales","","0","NULL",74,108,0.685185185185185,0.115,2015,1845
"1900-5180","Revista De Estudios Sociales","Universidad de los Andes","0","Social Sciences",74,108,0.685185185185185,0.115,2015,0
"1988-3188","Revista De Indias","Consejo Superior de Investigaciones Científicas","0","History America",20,45,0.444444444444444,0.067,2015,0
"1853-8665","Revista De La Facultad De Ciencias Agrarias","Facultad de Ciencias Agrarias. Universidad Nacional de Cuyo","0","Agriculture | Technology",34,79,0.430379746835443,0.064,2015,20
"1988-4192","Revista De Literatura","Consejo Superior de Investigaciones Cientificas ","0","Language and Literature",10,19,0.526315789473684,0.083,2015,0
"0034-8570","Revista De Metalurgia","","0","NULL",138,222,0.621621621621622,0.102,2015,1845
"1988-4222","Revista De Metalurgia","Consejo Superior de Investigaciones Científicas","0","Technology",138,222,0.621621621621622,0.102,2015,0
"0034-8910","Revista De Saude Publica","","0","NULL",2487,1118,2.22450805008945,0.508,2015,1845
"0036-4665","Revista Do Instituto De Medicina Tropical De Sao Paulo","","0","NULL",499,350,1.42571428571429,0.29,2015,1845
"0210-0614","Revista Espanola De Documentacion Cientifica","","0","NULL",119,148,0.804054054054054,0.141,2015,1845
"1130-0108","Revista Espanola De Enfermedades Digestivas","","0","NULL",572,584,0.979452054794521,0.181,2015,1845
"1135-5727","Revista Espanola De Salud Publica","","0","NULL",370,316,1.17088607594937,0.227,2015,1845
"1577-0354","Revista Internacional De Medicina Y Ciencias De La Actividad Fisica Y Del Deporte","CV Ciencias del Deporte RedIRIS","0","Geography. Anthropology. Recreation",59,105,0.561904761904762,0.09,2015,336
"0034-9712","Revista Internacional De Sociologia","","0","NULL",106,141,0.75177304964539,0.13,2015,1845
"0718-8358","Revista INVI","Universidad de Chile ","0","Fine Arts",90,58,1.55172413793103,0.323,2015,0
"0120-0534","Revista Latinoamericana De Psicologia","","0","NULL",183,166,1.10240963855422,0.21,2015,1845
"1984-0381","Revista Latinoamericana De Psicopatologia Fundamental","Associação Universitária de Pesquisa em Psicopatologia Fundamental","0","Medicine",64,107,0.598130841121495,0.097,2015,0
"0185-1101","Revista Mexicana De Astronomia Y Astrofisica","Self Owned - Non-Profit Society","0","Astronomy and Astrophysics",125,151,0.827814569536424,0.146,2015,0
"1870-3453","Revista Mexicana De Biodiversidad","","0","NULL",517,860,0.601162790697674,0.098,2015,1845
"1026-8774","Revista Mexicana De Ciencias Geologicas","","0","NULL",165,183,0.901639344262295,0.163,2015,1845
"2007-1124","Revista Mexicana De Ciencias Pecuarias","","0","NULL",91,188,0.484042553191489,0.075,2015,1845
"0717-6252","Revista Musical Chilena","Universidad de Chile","0","Music and books on Music",4,6,0.666666666666667,0.112,2015,0
"0122-0268","Revista MVZ Cordoba","","0","NULL",82,152,0.539473684210526,0.085,2015,1845
"1909-0544","Revista Mvz Cordoba","Universidad de Cordoba","0","Agriculture",82,152,0.539473684210526,0.085,2015,1845
"1984-0462","Revista Paulista De Pediatria","Sociedade de Pediatria de São Paulo","0","Medicine",498,475,1.04842105263158,0.197,2015,0
"1841-6624","Revista Romana De Medicina De Laborator","","0","NULL",0,1,0,0,2015,1845
"1435-1528","Rheologica Acta","Springer","1","NULL",882,388,2.27319587628866,0.522,2015,3000
"2084-9834","Rheumatology","Termedia Publishing House","0","Medicine",7995,2004,3.98952095808383,1.059,2015,0
"1437-160X","Rheumatology International","Springer","1","NULL",3656,1889,1.93541556379036,0.426,2015,3000
"2036-752X","Rheumatology Reports","PAGEPress Publications","0","Medicine",12,20,0.6,0.098,2015,1845
"1939-8425","Rice","","0","NULL",760,154,4.93506493506493,1.384,2015,1845
"1939-8433","Rice","Springer","0","Agriculture",760,154,4.93506493506493,1.384,2015,1675
"1939-8433","Rice","Springer","0","Agriculture",760,154,4.93506493506493,1.384,2015,1755
"1939-8433","Rice","Springer","0","Agriculture",760,154,4.93506493506493,1.384,2015,1965
"1939-8433","Rice","Springer","0","Agriculture",760,154,4.93506493506493,1.384,2015,1635.2
"1827-3491","Ricerche Di Matematica","Springer","1","NULL",70,90,0.777777777777778,0.135,2015,3000
"1970-2221","Ricerche Di Pedagogia E Didattica","University of Bologna","0","Education",5,7,0.714285714285714,0.122,2015,0
"2083-3520","Ring","Versita ","0","Science",6,15,0.4,0.059,2015,1845
"0035-6883","Rivista Italiana Di Paleontologia E Stratigrafia","","0","NULL",29,26,1.11538461538462,0.213,2015,1845
"2039-4942","Rivista Italiana Di Paleontologia E Stratigrafia","Università degli Studi di Milano","0","Science",29,26,1.11538461538462,0.213,2015,0
"1434-453X","Rock Mechanics and Rock Engineering","Springer","1","NULL",1259,480,2.62291666666667,0.625,2015,3000
"1224-5984","Romanian Biotechnological Letters","Self Owned - Non-Profit Society","0","",121,128,0.9453125,0.173,2015,65
"1224-5984","Romanian Biotechnological Letters","Self Owned - Non-Profit Society","0","",121,128,0.9453125,0.173,2015,66
"1224-5984","Romanian Biotechnological Letters","Self Owned - Non-Profit Society","0","",121,128,0.9453125,0.173,2015,168
"2066-8279","Romanian Journal of Morphology and Embryology","University Published Non-Profit","0","NULL",19,17,1.11764705882353,0.214,2015,0
"1221-146X","Romanian Journal of Physics","EDITURA ACADEMIEI ROMANE","0","",32,33,0.96969696969697,0.179,2015,0
"1221-1451","Romanian Reports in Physics","Romanian Academy of Sciences","0","",27,20,1.35,0.271,2015,0
"1445-6354","Rural and Remote Health","","0","NULL",935,522,1.7911877394636,0.387,2015,1845
"1572-8714","Russian Linguistics","Springer","1","NULL",23,51,0.450980392156863,0.068,2015,3000
"2071-0763","SA Journal of Industrial Psychology","AOSIS","0","Social Sciences",394,173,2.27745664739884,0.523,2015,676.4
"2158-2440","SAGE Open","SAGE Publishing","0","General Works",658,538,1.22304832713755,0.239,2015,1845
"1746-1448","Saline Systems","Biomed Central Ltd","0","NULL",49,14,3.5,0.898,2015,1625
"1851-8265","Salud Colectiva","Instituto de Salud Colectiva, Universidad Nacional de Lanús","0","Medicine",85,107,0.794392523364486,0.139,2015,0
"0185-3325","Salud Mental","Salud Mental ","0","Psychiatry",199,223,0.89237668161435,0.161,2015,0
"0036-3634","Salud Publica De Mexico","","0","NULL",812,545,1.48990825688073,0.307,2015,1845
"0256-9574","Samj South African Medical Journal","","0","NULL",60,49,1.22448979591837,0.24,2015,1845
"1516-3180","Sao Paulo Medical Journal","","0","NULL",396,304,1.30263157894737,0.259,2015,1845
"1369-1643","Sarcoma","Hindawi Publishing Corporation","0","Medicine",693,213,3.25352112676056,0.819,2015,750
"1369-1643","Sarcoma","Hindawi Publishing Corporation","0","Medicine",693,213,3.25352112676056,0.819,2015,800
"0104-1290","Saude E Sociedade","","0","NULL",627,419,1.4964200477327,0.308,2015,1845
"0975-3125","Saudi Journal of Anaesthesia","Wolters Kluwer Medknow Publications","0","Medicine",407,390,1.04358974358974,0.196,2015,0
"1319-562X","Saudi Journal of Biological Sciences","","0","NULL",665,280,2.375,0.551,2015,1845
"1319-3767","Saudi Journal of Gastroenterology","","0","NULL",469,325,1.44307692307692,0.295,2015,1845
"1998-4049","Saudi Journal of Gastroenterology","Medknow Publications","0","Medicine",469,325,1.44307692307692,0.295,2015,1845
"0281-3432","Scandinavian Journal of Primary Health Care","","0","NULL",467,198,2.35858585858586,0.547,2015,1845
"1502-7724","Scandinavian Journal of Primary Health Care","Taylor & Francis Group","0","Medicine",467,198,2.35858585858586,0.547,2015,1344
"1799-7267","Scandinavian Journal of Surgery","Self Owned - Non-Profit Society","0","NULL",439,225,1.95111111111111,0.431,2015,0
"1932-8745","Scanning","Hindawi","0","NULL",436,268,1.62686567164179,0.343,2015,1500
"2090-2093","Schizophrenia Research and Treatment","Hindawi Publishing Corporation","0","Medicine",231,81,2.85185185185185,0.694,2015,750
"1941-6016","Scholarpedia","Scholarpedia Corporation","0","Science",219,144,1.52083333333333,0.315,2015,0
"1866-2633","School Mental Health","Springer","0","",296,103,2.87378640776699,0.701,2015,3000
"1471-5546","Science and Engineering Ethics","Springer","1","NULL",626,353,1.77337110481586,0.382,2015,3000
"1468-6996","Science and Technology of Advanced Materials","","0","NULL",1939,398,4.87185929648241,1.362,2015,1845
"1878-5514","Science and Technology of Advanced Materials","National Institute for Materials Science","0","Technology",1939,398,4.87185929648241,1.362,2015,0
"1878-5514","Science and Technology of Advanced Materials","National Institute for Materials Science","0","Technology",1939,398,4.87185929648241,1.362,2015,1200
"1687-6075","Science and Technology of Nuclear Installations","","0","NULL",201,245,0.820408163265306,0.145,2015,1845
"1687-6083","Science and Technology of Nuclear Installations","Hindawi Publishing Corporation","0","Technology",201,245,0.820408163265306,0.145,2015,395
"1687-6083","Science and Technology of Nuclear Installations","Hindawi Publishing Corporation","0","Technology",201,245,0.820408163265306,0.145,2015,1500
"1687-6083","Science and Technology of Nuclear Installations","Hindawi Publishing Corporation","0","Technology",201,245,0.820408163265306,0.145,2015,1250
"1869-1870","Science China Chemistry","Springer","1","NULL",2026,1253,1.61691939345571,0.34,2015,3000
"1869-1897","Science China Earth Sciences","Springer","1","NULL",1950,975,2,0.444,2015,3000
"1869-1862","Science China Mathematics","Springer","1","NULL",817,820,0.996341463414634,0.185,2015,3000
"1869-1900","Science China Technological Sciences","Springer","1","NULL",2349,1850,1.26972972972973,0.251,2015,3000
"1947-2935","Science of Advanced Materials","American Scientific Publishers","0","NULL",1197,804,1.48880597014925,0.306,2015,1845
"1947-2943","Science of Advanced Materials","American Scientific Publishers","0","NULL",1197,804,1.48880597014925,0.306,2015,1845
"0350-820X","Science of Sintering","International Institute for the Science of Sintering","0","Physics and Chemistry",132,143,0.923076923076923,0.168,2015,0
"1820-7413","Science of Sintering","International Institute for the Science of Sintering, Beograd","0","Science",132,143,0.923076923076923,0.168,2015,1845
"1678-992X","Scientia Agricola","Universidade de São Paulo","0","Agriculture",570,352,1.61931818181818,0.341,2015,0
"1678-992X","Scientia Agricola","Universidade de São Paulo","0","Agriculture",570,352,1.61931818181818,0.341,2015,1710
"1678-992X","Scientia Agricola","Universidade de São Paulo","0","Agriculture",570,352,1.61931818181818,0.341,2015,560
"1886-8134","Scientia Marina","Inst Ciencias Mar Barcelona","0","NULL",530,367,1.4441416893733,0.295,2015,0
"2218-0532","Scientia Pharmaceutica","Österreichische Apotheker-Verlagsgesellschaft m. b. H.","0","Medicine",545,308,1.76948051948052,0.381,2015,1845
"2052-4463","Scientific Data","Nature Publishing Group","0","Science",233,48,4.85416666666667,1.355,2015,1845
"1058-9244","Scientific Programming","","0","NULL",105,79,1.32911392405063,0.266,2015,1845
"2045-2322","Scientific Reports","Nature Publishing Group","0","",27368,3489,7.84408139868157,2.479,2015,1700
"2045-2322","Scientific Reports","Nature Publishing Group","0","",27368,3489,7.84408139868157,2.479,2015,1675
"1992-2248","Scientific Research and Essays","Academic Journals","0","NULL",633,754,0.839522546419098,0.149,2015,550
"1588-2861","Scientometrics","Springer","1","NULL",4297,1286,3.34136858475894,0.847,2015,3000
"1748-7161","Scoliosis","BioMed Central","0","Medicine",311,229,1.35807860262009,0.273,2015,1625
"1748-7161","Scoliosis","BioMed Central","0","Medicine",311,229,1.35807860262009,0.273,2015,1781
"1939-0122","Security and Communication Networks","Hindawi","0","NULL",794,523,1.51816443594646,0.314,2015,2000
"2190-8532","Security Informatics","Springer","0","Technology",84,44,1.90909090909091,0.419,2015,1070
"2190-8532","Security Informatics","Springer","0","Technology",84,44,1.90909090909091,0.419,2015,1085
"1432-2137","Semigroup Forum","Springer","1","NULL",315,309,1.01941747572816,0.19,2015,3000
"1863-2300","Seminars in Immunopathology","Springer","1","NULL",1716,252,6.80952380952381,2.075,2015,3000
"1546-1971","Sensor Letters","American Scientific Publishers","0","NULL",601,866,0.693995381062356,0.117,2015,1845
"1546-198X","Sensor Letters","American Scientific Publishers","0","NULL",601,866,0.693995381062356,0.117,2015,1845
"1424-8220","Sensors","Molecular Diversity Preservation International","0","Physics and Chemistry",14963,4429,3.37841499209754,0.859,2015,1707
"1424-8220","Sensors","Molecular Diversity Preservation International","0","Physics and Chemistry",14963,4429,3.37841499209754,0.859,2015,1932
"1424-8220","Sensors","Molecular Diversity Preservation International","0","Physics and Chemistry",14963,4429,3.37841499209754,0.859,2015,1849
"1450-698X","Serbian Astronomical Journal","","0","NULL",18,39,0.461538461538462,0.07,2015,1845
"1820-9289","Serbian Astronomical Journal","Astronomical Observatory, Department of Astronomy, Belgrade","0","Science",18,39,0.461538461538462,0.07,2015,0
"1862-8508","Service Business","Springer","1","NULL",236,137,1.72262773722628,0.368,2015,3000
"1573-2762","Sex Roles","Springer","1","NULL",2088,615,3.39512195121951,0.864,2015,3000
"1158-1360","Sexologies","Elsevier","1","NULL",68,118,0.576271186440678,0.093,2015,3000
"1573-6717","Sexuality and Disability","Springer","1","NULL",257,155,1.65806451612903,0.351,2015,3000
"1553-6610","Sexuality Research and Social Policy","Springer","1","NULL",395,148,2.66891891891892,0.639,2015,3000
"1070-9622","Shock and Vibration","","0","NULL",426,425,1.00235294117647,0.186,2015,1845
"1875-9203","Shock and Vibration","Hindawi Publishing Corporation","0","Science",426,425,1.00235294117647,0.186,2015,2000
"1875-9203","Shock and Vibration","Hindawi Publishing Corporation","0","Science",426,425,1.00235294117647,0.186,2015,1200
"1432-2153","Shock Waves","Springer","1","NULL",357,246,1.45121951219512,0.297,2015,3000
"0163-5808","Sigmod Record","Assoc Computing Machinery","0","NULL",1,2,0.5,0.078,2015,0
"1845-206X","Signa Vitae","Self Owned - For-Profit","0","NULL",21,63,0.333333333333333,0.047,2015,0
"1758-907X","Silence","Biomed Central Ltd","0","NULL",296,38,7.78947368421053,2.457,2015,2030
"1876-9918","Silicon","Springer","1","NULL",198,137,1.44525547445255,0.295,2015,3000
"0037-5330","Silva Fennica","Finnish Society Forest Sciencefinnish Forest Research","0","Ecology and Evolution",528,255,2.07058823529412,0.464,2015,0
"0037-5675","Singapore Medical Journal","SINGAPORE MEDICAL ASSOC","0","",953,888,1.0731981981982,0.203,2015,0
"0037-6575","Singapore Medical Journal","Singapore Medical Association","0","NULL",953,888,1.0731981981982,0.203,2015,0
"2044-5040","Skeletal Muscle","BioMed Central","0","Medicine",623,108,5.76851851851852,1.684,2015,2450
"2044-5040","Skeletal Muscle","BioMed Central","0","Medicine",623,108,5.76851851851852,1.684,2015,1970
"1432-2161","Skeletal Radiology","Springer","1","NULL",2055,968,2.12293388429752,0.479,2015,3000
"1479-8425","Sleep and Biological Rhythms","Springer","1","NULL",194,172,1.12790697674419,0.216,2015,3000
"1522-1709","Sleep and Breathing","Springer","1","NULL",1700,607,2.8006589785832,0.679,2015,3000
"1573-0913","Small Business Economics","Springer","1","NULL",2007,422,4.75592417061611,1.321,2015,3000
"2196-7091","Smart Learning Environments","Springer","0","Education",48,7,6.85714285714286,2.093,2015,1085
"1432-217X","Social Choice and Welfare","Springer","1","NULL",446,352,1.26704545454545,0.25,2015,3000
"1573-0921","Social Indicators Research","Springer","1","NULL",3062,1091,2.80659945004583,0.68,2015,3000
"1573-6725","Social Justice Research","Springer","1","NULL",193,104,1.85576923076923,0.404,2015,3000
"1433-9285","Social Psychiatry and Psychiatric Epidemiology","Springer","1","NULL",2985,858,3.47902097902098,0.891,2015,3000
"1573-1928","Social Psychology of Education","Springer","1","NULL",417,158,2.63924050632911,0.63,2015,3000
"1980-8194","Sociedade E Cultura","Universidade Federal de Goiás","0","Social Sciences",12,44,0.272727272727273,0.036,2015,0
"1936-4725","Society","Springer","1","NULL",174,210,0.828571428571429,0.147,2015,3000
"1807-0337","Sociologias","Universidade Federal do Rio Grande do Sul","0","Social Sciences",156,114,1.36842105263158,0.276,2015,0
"1433-7479","Soft Computing","Springer","1","NULL",58,96,0.604166666666667,0.099,2015,3000
"1573-1367","Software Quality Journal","Springer","1","NULL",380,114,3.33333333333333,0.845,2015,3000
"1801-5395","Soil and Water Research","","0","NULL",100,86,1.16279069767442,0.225,2015,1845
"1805-9384","Soil and Water Research","Czech Academy of Agricultural Sciences","0","Agriculture",100,86,1.16279069767442,0.225,2015,224
"1349-6476","Sola","Self Owned - Non-Profit Society","0","",307,211,1.45497630331754,0.298,2015,0
"1349-6476","Sola","Self Owned - Non-Profit Society","0","",307,211,1.45497630331754,0.298,2015,2310
"1349-6476","Sola","Self Owned - Non-Profit Society","0","",307,211,1.45497630331754,0.298,2015,2035
"1573-093X","Solar Physics","Springer","1","NULL",3494,1050,3.32761904761905,0.843,2015,3000
"0104-9224","Soldagem & Inspecao","","0","NULL",81,117,0.692307692307692,0.117,2015,1845
"1869-9510","Solid Earth","","0","NULL",499,190,2.62631578947368,0.626,2015,1845
"1869-9529","Solid Earth","Copernicus Publications","0","Science",499,190,2.62631578947368,0.626,2015,1120
"1873-930X","Sophia","Springer","1","NULL",48,108,0.444444444444444,0.067,2015,3000
"2346-0806","Sophia","Universidad La Gran Colombia","0","Education",48,108,0.444444444444444,0.067,2015,0
"2013-8830","Sort","Statistical Institute of Catalonia (Idescat)","0","Science",4,4,1,0.186,2015,1845
"1751-0473","Source Code for Biology and Medicine","Biomed Central Ltd","0","NULL",192,82,2.34146341463415,0.542,2015,2145
"1751-0473","Source Code for Biology and Medicine","Biomed Central Ltd","0","NULL",192,82,2.34146341463415,0.542,2015,1625
"2313-7835","South African Computer Journal","South African Institute of Computer Scientists and Information Technologists","0","Technology",48,37,1.2972972972973,0.258,2015,456
"0222-4062","South African Journal of Animal Science","South African Journal of Animal Sciences","0","NULL",319,333,0.957957957957958,0.176,2015,200
"0222-4062","South African Journal of Animal Science","South African Journal of Animal Sciences","0","NULL",319,333,0.957957957957958,0.176,2015,375
"2222-3436","South African Journal of Economic and Management Sciences","AOSIS","0","Social Sciences",231,272,0.849264705882353,0.151,2015,532
"0256-0100","South African Journal of Education","","0","NULL",460,229,2.00873362445415,0.447,2015,1845
"2076-3433","South African Journal of Education","Education Association of South Africa","0","Education",460,229,2.00873362445415,0.447,2015,359.1
"2224-7890","South African Journal of Industrial Engineering","Stellenbosch University","0","Technology",128,246,0.520325203252033,0.082,2015,171
"0038-2353","South African Journal of Science","","0","NULL",635,518,1.22586872586873,0.24,2015,1845
"1996-7489","South African Journal of Science","Academy of Science of South Africa","0","Science",635,518,1.22586872586873,0.24,2015,0
"2078-5151","South African Journal of Surgery","Med Assoc S Africa","0","NULL",123,138,0.891304347826087,0.161,2015,0
"2078-5135","South African Medical Journal","Health and Medical Publishing Group","0","Medicine",1453,1246,1.1661316211878,0.225,2015,0
"2233-1999","South East European Journal of Economics and Business","De Gruyter Open","0","Social Sciences",43,41,1.04878048780488,0.197,2015,1845
"1608-9693","Southern African Journal of Hiv Medicine","","0","NULL",140,107,1.30841121495327,0.26,2015,1845
"2078-6751","Southern African Journal of HIV Medicine","AOSIS","0","Medicine",140,107,1.30841121495327,0.26,2015,0
"0038-3910","Southern California Law Review","Univ Southern Calif","0","Law",61,31,1.96774193548387,0.435,2015,0
"1867-0199","Soziale Passagen","Springer","1","NULL",14,63,0.222222222222222,0.028,2015,3000
"1572-9672","Space Science Reviews","Springer","1","NULL",2950,459,6.42701525054466,1.929,2015,3000
"1695-971X","Spanish Journal of Agricultural Research","","0","NULL",744,612,1.2156862745098,0.237,2015,1845
"2171-9292","Spanish Journal of Agricultural Research","Instituto Nacional de Investigación y Tecnología Agraria y Alimentaria","0","Agriculture",744,612,1.2156862745098,0.237,2015,0
"1613-7523","Spektrum Der Augenheilkunde","Springer","1","NULL",23,79,0.291139240506329,0.039,2015,3000
"1825-1234","Sport Sciences for Health","Springer","1","NULL",45,79,0.569620253164557,0.092,2015,3000
"1460-2687","Sports Engineering","Springer","1","NULL",139,108,1.28703703703704,0.255,2015,3000
"1179-2035","Sports Medicine","Springer","1","NULL",3673,467,7.86509635974304,2.487,2015,3000
"1868-1069","Sportwissenschaft","Springer","1","NULL",51,90,0.566666666666667,0.091,2015,3000
"2193-1801","SpringerPlus","Springer","0","NULL",2285,1364,1.67521994134897,0.355,2015,1290
"2279-1965","Sri Lankan Journal of Anaesthesiology","College of Anaesthesiologists of Sri Lanka","0","Medicine",11,30,0.366666666666667,0.053,2015,0
"0370-8179","Srpski Arhiv Za Celokupno Lekarstvo","","0","NULL",207,339,0.610619469026549,0.1,2015,1845
"1944-3277","Standards in Genomic Sciences","BioMed Central","0","",1014,395,2.56708860759494,0.608,2015,2145
"1944-3277","Standards in Genomic Sciences","BioMed Central","0","",1014,395,2.56708860759494,0.608,2015,1781
"1432-220X","Standort","Springer","1","NULL",12,36,0.333333333333333,0.047,2015,3000
"1973-2201","Statistica","University of Bologna","0","Social Sciences",30,66,0.454545454545454,0.069,2015,0
"1572-9311","Statistical Inference for Stochastic Processes","Springer","1","NULL",49,52,0.942307692307692,0.172,2015,3000
"1613-9798","Statistical Papers","Springer","1","NULL",454,314,1.44585987261146,0.295,2015,3000
"1573-1375","Statistics and Computing","Springer","1","NULL",1021,300,3.40333333333333,0.867,2015,3000
"1867-1772","Statistics in Biosciences","Springer","1","NULL",91,68,1.33823529411765,0.268,2015,3000
"1873-5061","Stem Cell Research","","0","NULL",1847,399,4.62907268170426,1.277,2015,1845
"1876-7753","Stem Cell Research","Elsevier","0","Science",1847,399,4.62907268170426,1.277,2015,1800
"1757-6512","Stem Cell Research & Therapy","BioMed Central Ltd","0","",2247,460,4.88478260869565,1.366,2015,2175
"1757-6512","Stem Cell Research & Therapy","BioMed Central Ltd","0","",2247,460,4.88478260869565,1.366,2015,1845
"1757-6512","Stem Cell Research & Therapy","BioMed Central Ltd","0","",2247,460,4.88478260869565,1.366,2015,1807
"1558-6804","Stem Cell Reviews and Reports","Springer","1","NULL",1821,410,4.44146341463415,1.212,2015,3000
"1687-966X","Stem Cells International","","0","NULL",1131,302,3.74503311258278,0.978,2015,1845
"1687-9678","Stem Cells International","Hindawi Publishing Corporation","0","Medicine",1131,302,3.74503311258278,0.978,2015,2000
"1687-9678","Stem Cells International","Hindawi Publishing Corporation","0","Medicine",1131,302,3.74503311258278,0.978,2015,1200
"0039-128X","Steroids","Elsevier","1","Molecular and Cell Biology",2416,897,2.69342251950948,0.646,2015,3000
"1436-3259","Stochastic Environmental Research and Risk Assessment","Springer","1","NULL",1528,566,2.69964664310954,0.648,2015,3000
"1613-7698","Stomatologie","Springer","1","NULL",4,15,0.266666666666667,0.035,2015,3000
"1439-099X","Strahlentherapie Und Onkologie","Springer","1","NULL",2084,957,2.17763845350052,0.494,2015,3000
"1828-8928","Strategies in Trauma and Limb Reconstruction","Springer","0","NULL",192,119,1.61344537815126,0.339,2015,0
"1615-1488","Structural and Multidisciplinary Optimization","Springer","1","NULL",2119,716,2.95949720670391,0.727,2015,3000
"1572-9001","Structural Chemistry","Springer","1","NULL",1186,932,1.2725321888412,0.252,2015,3000
"0969-2126","Structure","Elsevier","1","Molecular and Cell Biology",5413,1028,5.26556420233463,1.501,2015,5000
"2082-5102","Studia Anglica Posnaniensia","De Gruyter Open","0","Language and Literature",9,16,0.5625,0.09,2015,0
"1572-8730","Studia Logica","Springer","1","NULL",251,220,1.14090909090909,0.219,2015,3000
"1936-6167","Studies in Comparative International Development","Springer","1","NULL",183,89,2.0561797752809,0.46,2015,3000
"1573-0948","Studies in East European Thought","Springer","1","NULL",13,37,0.351351351351351,0.05,2015,3000
"1220-1766","Studies in Informatics and Control","NATL INST R&D INFORMATICS-ICI","0","",132,134,0.985074626865672,0.182,2015,0
"1923-8444","Studies in Mathematical Sciences","Canadian Academy of Oriental and Occidental Culture","0","NULL",20,39,0.512820512820513,0.08,2015,1845
"1923-8452","Studies in Mathematical Sciences","Canadian Academy of Oriental and Occidental Culture","0","NULL",20,39,0.512820512820513,0.08,2015,1845
"0166-0616","Studies in Mycology","","0","NULL",724,61,11.8688524590164,4.174,2015,1845
"1872-9797","Studies in Mycology","Centraalbureau Schimmelculture","0","NULL",724,61,11.8688524590164,4.174,2015,0
"1573-191X","Studies in Philosophy and Education","Springer","1","NULL",240,190,1.26315789473684,0.249,2015,3000
"1747-597X","Substance Abuse Treatment Prevention and Policy","Biomed Central","0","",596,195,3.05641025641026,0.757,2015,1940
"1747-597X","Substance Abuse Treatment Prevention and Policy","Biomed Central","0","",596,195,3.05641025641026,0.757,2015,1625
"1747-597X","Substance Abuse Treatment Prevention and Policy","Biomed Central","0","",596,195,3.05641025641026,0.757,2015,1730
"1747-597X","Substance Abuse Treatment Prevention and Policy","Biomed Central","0","",596,195,3.05641025641026,0.757,2015,2145
"1433-7339","Supportive Care in Cancer","Springer","1","NULL",4995,1599,3.12382739212008,0.778,2015,3000
"0039-6060","Surgery","Elsevier","1","Gastroenterology",5710,1551,3.68149580915538,0.957,2015,3000
"0039-6060","Surgery","Elsevier","1","Gastroenterology",5710,1551,3.68149580915538,0.957,2015,0
"1436-2813","Surgery Today","Springer","1","NULL",1873,1261,1.4853291038858,0.306,2015,3000
"1279-8517","Surgical and Radiologic Anatomy","Springer","1","Orthopedics",1114,689,1.61683599419448,0.34,2015,3000
"2152-7806","Surgical Neurology International","Medknow Publications","0","Medicine",1255,801,1.56679151061174,0.327,2015,1845
"1573-0956","Surveys in Geophysics","Springer","1","NULL",957,201,4.76119402985075,1.323,2015,3000
"2071-1050","Sustainability","MDPI","0","",2966,1240,2.39193548387097,0.556,2015,532
"2071-1050","Sustainability","MDPI","0","",2966,1240,2.39193548387097,0.556,2015,1445
"1862-4057","Sustainability Science","Springer","1","NULL",808,172,4.69767441860465,1.301,2015,3000
"1935-3820","Swarm Intelligence","Springer","1","NULL",272,65,4.18461538461538,1.125,2015,3000
"1424-3997","Swiss Medical Weekly","EMH Swiss Medical Publishers","0","Medicine",1575,788,1.998730964467,0.444,2015,0
"1424-7860","Swiss Medical Weekly","","0","NULL",1575,788,1.998730964467,0.444,2015,1845
"1878-7665","Symbiosis","Springer","1","NULL",466,251,1.85657370517928,0.405,2015,3000
"1573-0964","Synthese","Springer","1","NULL",1130,815,1.38650306748466,0.28,2015,3000
"0346-251X","System","Elsevier","0","",946,344,2.75,0.663,2015,1800
"1573-5192","Systematic Parasitology","Springer","1","NULL",345,278,1.2410071942446,0.244,2015,3000
"2046-4053","Systematic Reviews","Biomed Central","0","NULL",1047,316,3.31329113924051,0.838,2015,2450
"1573-9295","Systemic Practice and Action Research","Springer","1","NULL",193,144,1.34027777777778,0.269,2015,3000
"1872-5333","Systems and Synthetic Biology","Springer","1","NULL",165,98,1.68367346938775,0.358,2015,3000
"0039-9140","Talanta","Elsevier","1","NULL",16031,4117,3.89385474860335,1.027,2015,2600
"1776-260X","Targeted Oncology","Springer","1","NULL",528,173,3.05202312138728,0.756,2015,3000
"1128-045X","Techniques in Coloproctology","Springer","1","NULL",1123,538,2.08736059479554,0.469,2015,3000
"0166-4972","Technovation","Elsevier","1","Marketing",2117,317,6.6782334384858,2.025,2015,1800
"1559-7075","Techtrends","Springer","1","NULL",527,228,2.31140350877193,0.533,2015,3000
"0040-1951","Tectonophysics","Elsevier","1","NULL",5760,1747,3.29708070978821,0.833,2015,2800
"1735-7322","Tehran University Medical Journal","Tehran University of Medical Sciences","0","Medicine",15,36,0.416666666666667,0.062,2015,0
"1572-9451","Telecommunication Systems","Springer","1","NULL",1243,568,2.18838028169014,0.498,2015,3000
"1478-2286","Tempo","Cambridge Univ Press","0","NULL",22,57,0.385964912280702,0.056,2015,0
"1980-542X","Tempo","Universidade Federal Fluminense","0","History (General) and history of Europe",22,57,0.385964912280702,0.056,2015,0
"0103-2070","Tempo Social","","0","NULL",54,67,0.805970149253731,0.142,2015,1845
"1809-4554","Tempo Social","Universidade de Sâo Paulo","0","Social Sciences",54,67,0.805970149253731,0.142,2015,0
"1017-0839","Terrestrial Atmospheric and Oceanic Sciences","","0","NULL",222,269,0.825278810408922,0.146,2015,1845
"1863-8260","Test","Springer","1","NULL",308,160,1.925,0.423,2015,3000
"0040-4020","Tetrahedron","Elsevier","1","Physics and Chemistry",14775,5925,2.49367088607595,0.586,2015,2150
"0040-4020","Tetrahedron","Elsevier","1","Physics and Chemistry",14775,5925,2.49367088607595,0.586,2015,2200
"0730-2347","Texas Heart Institute Journal","Texas Heart Inst","0","Medicine",835,718,1.16295264623955,0.225,2015,0
"1980-265X","Texto & Contexto Enfermagem","Universidade Federal de Santa Catarina, Programa de Pós Graduação em Enfermagem","0","Medicine",958,827,1.1584038694075,0.224,2015,219.73
"1936-4784","The American Sociologist","Springer","1","NULL",75,101,0.742574257425743,0.128,2015,3000
"1432-0754","The Astronomy and Astrophysics Review","Springer","1","NULL",594,47,12.6382978723404,4.517,2015,3000
"1473-4230","The Cerebellum","Springer","1","NULL",1375,441,3.11791383219955,0.777,2015,3000
"1994-0424","The Cryosphere","Copernicus Publications","0","Geography. Anthropology. Recreation",2766,559,4.94812164579606,1.388,2015,0
"1994-0440","The Cryosphere Discussions","Copernicus Publications","0","Science",190,197,0.964467005076142,0.177,2015,1845
"1875-9343","The Ergonomics Open Journal","Bentham Open","0","NULL",27,26,1.03846153846154,0.195,2015,1845
"1877-6566","The Hugo Journal","Springer","0","NULL",43,17,2.52941176470588,0.597,2015,1675
"1433-3015","The International Journal of Advanced Manufacturing Technology","Springer","1","NULL",9249,3926,2.35583290881304,0.546,2015,3000
"1991-0886","The International Journal of Applied Economics and Finance","Asian Network for Scientific Information (ansinet)","0","NULL",36,47,0.765957446808511,0.133,2015,1845
"2077-2149","The International Journal of Applied Economics and Finance","Asian Network for Scientific Information (ansinet)","0","NULL",36,47,0.765957446808511,0.133,2015,1845
"1572-8552","The Journal of Comparative Germanic Linguistics","Springer","1","NULL",54,32,1.6875,0.359,2015,3000
"1757-4838","The Journal of Computational Multiphase Flows","SAGE Publishing","0","Technology",74,77,0.961038961038961,0.177,2015,1200
"2373-1761","The Journal of Entrepreneurial Finance","Pepperdine University","0","Social Sciences",6,11,0.545454545454545,0.087,2015,1845
"1572-8609","The Journal of Ethics","Springer","1","NULL",94,94,1,0.186,2015,3000
"1432-1424","The Journal of Membrane Biology","Springer","1","NULL",1147,470,2.44042553191489,0.571,2015,3000
"1573-6547","The Journal of Primary Prevention","Springer","1","NULL",334,138,2.42028985507246,0.565,2015,3000
"1573-0484","The Journal of Supercomputing","Springer","1","NULL",1816,839,2.16448152562575,0.491,2015,3000
"1866-7414","The Mathematical Intelligencer","Springer","1","NULL",104,134,0.776119402985075,0.135,2015,3000
"1874-3315","The Open Agriculture Journal","Bentham Open","0","NULL",79,52,1.51923076923077,0.314,2015,1845
"1874-6136","The Open AIDS Journal","Bentham Open","0","NULL",208,98,2.12244897959184,0.479,2015,1845
"1874-3218","The Open Anesthesiology Journal","Bentham Open","0","NULL",6,11,0.545454545454545,0.087,2015,1845
"1874-2823","The Open Atmospheric Science Journal","Bentham Open","0","NULL",44,42,1.04761904761905,0.197,2015,1845
"1874-4443","The Open Automation and Control Systems Journal","Bentham Open","0","NULL",15,37,0.405405405405405,0.06,2015,1845
"1874-091X","The Open Biochemistry Journal","Bentham Open","0","NULL",94,57,1.64912280701754,0.349,2015,1845
"1874-1207","The Open Biomedical Engineering Journal","Bentham Open","0","NULL",136,83,1.63855421686747,0.346,2015,1845
"1874-0707","The Open Biotechnology Journal","Bentham Open","0","NULL",26,26,1,0.186,2015,1845
"1874-1924","The Open Cardiovascular Medicine Journal","Bentham Open","0","NULL",251,136,1.84558823529412,0.402,2015,1845
"1874-1231","The Open Chemical Engineering Journal","Bentham Open","0","NULL",63,25,2.52,0.594,2015,1845
"1874-1495","The Open Civil Engineering Journal","Bentham Open","0","NULL",57,70,0.814285714285714,0.143,2015,1845
"2210-2892","The Open Conference Proceedings Journal","Bentham Open","0","NULL",117,96,1.21875,0.238,2015,1845
"1874-110X","The Open Cybernetics & Systemics Journal","Bentham Open","0","NULL",10,24,0.416666666666667,0.062,2015,1845
"1874-2106","The Open Dentistry Journal","Bentham Open","0","NULL",295,160,1.84375,0.401,2015,1845
"1874-3722","The Open Dermatology Journal","Bentham Open","0","NULL",31,45,0.688888888888889,0.116,2015,1845
"1874-2130","The Open Ecology Journal","Bentham Open","0","NULL",172,48,3.58333333333333,0.925,2015,1845
"1874-1290","The Open Electrical & Electronic Engineering Journal","Bentham Open","0","NULL",26,31,0.838709677419355,0.149,2015,1845
"1874-9224","The Open Family Studies Journal","Bentham Open","0","NULL",19,20,0.95,0.174,2015,1845
"1874-401X","The Open Fish Science Journal","Bentham Open","0","NULL",50,54,0.925925925925926,0.169,2015,1845
"1876-973X","The Open Fuels & Energy Science Journal","Bentham Open","0","NULL",32,21,1.52380952380952,0.316,2015,1845
"1876-5262","The Open Hypertension Journal","Bentham Open","0","NULL",8,12,0.666666666666667,0.112,2015,1845
"1874-088X","The Open Materials Science Journal","Bentham Open","0","NULL",105,76,1.38157894736842,0.279,2015,1845
"1874-155X","The Open Mechanical Engineering Journal","Bentham Open","0","NULL",53,85,0.623529411764706,0.103,2015,1845
"1874-4311","The Open Medical Informatics Journal","Bentham Open","0","NULL",72,52,1.38461538461538,0.28,2015,1845
"1874-1045","The Open Medicinal Chemistry Journal","Bentham Open","0","NULL",95,33,2.87878787878788,0.702,2015,1845
"1874-2858","The Open Microbiology Journal","Bentham Open","0","NULL",231,82,2.81707317073171,0.684,2015,1845
"1874-4400","The Open Neuroimaging Journal","Bentham Open","0","NULL",110,70,1.57142857142857,0.328,2015,1845
"1874-205X","The Open Neurology Journal","Bentham Open","0","NULL",129,64,2.015625,0.449,2015,1845
"1874-4346","The Open Nursing Journal","Bentham Open","0","NULL",140,69,2.02898550724638,0.452,2015,1845
"1874-2882","The Open Nutrition Journal","Bentham Open","0","NULL",18,22,0.818181818181818,0.144,2015,1845
"1874-3641","The Open Ophthalmology Journal","Bentham Open","0","NULL",155,86,1.80232558139535,0.39,2015,1845
"1874-4532","The Open Ornithology Journal","Bentham Open","0","NULL",57,37,1.54054054054054,0.32,2015,1845
"1874-3250","The Open Orthopaedics Journal","Bentham Open","0","NULL",662,340,1.94705882352941,0.43,2015,1845
"1876-3863","The Open Pain Journal","Bentham Open","0","NULL",60,44,1.36363636363636,0.274,2015,1845
"1874-8341","The Open Petroleum Engineering Journal","Bentham Open","0","NULL",20,29,0.689655172413793,0.116,2015,1845
"1874-2947","The Open Plant Science Journal","Bentham Open","0","NULL",19,16,1.1875,0.231,2015,1845
"1874-3501","The Open Psychology Journal","Bentham Open","0","NULL",39,51,0.764705882352941,0.133,2015,1845
"1874-9445","The Open Public Health Journal","Bentham Open","0","NULL",24,22,1.09090909090909,0.207,2015,1845
"1874-3064","The Open Respiratory Medicine Journal","Bentham Open","0","NULL",151,70,2.15714285714286,0.489,2015,1845
"1874-3129","The Open Rheumatology Journal","Bentham Open","0","NULL",276,111,2.48648648648649,0.584,2015,1845
"1875-399X","The Open Sports Sciences Journal","Bentham Open","0","NULL",86,89,0.966292134831461,0.178,2015,1845
"1876-5270","The Open Statistics & Probability Journal","Bentham Open","0","NULL",2,8,0.25,0.032,2015,1845
"1874-4478","The Open Transportation Journal","Bentham Open","0","NULL",21,27,0.777777777777778,0.135,2015,1845
"1874-303X","The Open Urology & Nephrology Journal","Bentham Open","0","NULL",10,21,0.476190476190476,0.073,2015,1845
"1874-3579","The Open Virology Journal","Bentham Open","0","NULL",213,96,2.21875,0.506,2015,1845
"1876-4002","The Open Waste Management Journal","Bentham Open","0","NULL",43,30,1.43333333333333,0.292,2015,1845
"1573-7128","The Review of Austrian Economics","Springer","1","NULL",122,111,1.0990990990991,0.209,2015,3000
"1936-4814","The Review of Black Political Economy","Springer","1","NULL",77,102,0.754901960784314,0.13,2015,3000
"1537-744X","The Scientific World Journal","Hindawi Publishing Corporation","0","Science",10627,5678,1.871609721733,0.409,2015,1000
"1537-744X","The Scientific World Journal","Hindawi Publishing Corporation","0","Science",10627,5678,1.871609721733,0.409,2015,750
"1573-1960","The Urban Review","Springer","1","NULL",244,159,1.53459119496855,0.318,2015,3000
"1432-2315","The Visual Computer","Springer","1","NULL",883,493,1.79107505070994,0.387,2015,3000
"0949-877X","The Vldb Journal","Springer","1","NULL",1,1,1,0.186,2015,3000
"1434-4483","Theoretical and Applied Climatology","Springer","1","NULL",2566,907,2.82910694597574,0.687,2015,3000
"1432-2242","Theoretical and Applied Genetics","Springer","1","NULL",5496,1214,4.52718286655684,1.242,2015,3000
"1432-2250","Theoretical and Computational Fluid Dynamics","Springer","1","NULL",374,185,2.02162162162162,0.45,2015,3000
"1742-4682","Theoretical Biology and Medical Modelling","Biomed Central","0","",445,247,1.80161943319838,0.39,2015,2145
"1742-4682","Theoretical Biology and Medical Modelling","Biomed Central","0","",445,247,1.80161943319838,0.39,2015,1720
"1742-4682","Theoretical Biology and Medical Modelling","Biomed Central","0","",445,247,1.80161943319838,0.39,2015,2000
"1742-4682","Theoretical Biology and Medical Modelling","Biomed Central","0","",445,247,1.80161943319838,0.39,2015,1781
"1432-2234","Theoretical Chemistry Accounts","Springer","1","NULL",1916,872,2.19724770642202,0.5,2015,3000
"1874-1746","Theoretical Ecology","Springer","1","NULL",401,171,2.34502923976608,0.543,2015,3000
"1555-7561","Theoretical Economics","Econometric Society","0","",347,124,2.79838709677419,0.678,2015,0
"1933-6837","Theoretical Economics","","0","NULL",347,124,2.79838709677419,0.678,2015,1845
"1573-1200","Theoretical Medicine and Bioethics","Springer","1","NULL",186,133,1.3984962406015,0.283,2015,3000
"1201-561X","Theory and Applications of Categories","MOUNT ALLISON UNIV","0","",188,176,1.06818181818182,0.202,2015,0
"1573-7187","Theory and Decision","Springer","1","NULL",393,263,1.49429657794677,0.308,2015,3000
"1573-7853","Theory and Society","Springer","1","NULL",304,125,2.432,0.568,2015,3000
"1611-7530","Theory in Biosciences","Springer","1","NULL",242,112,2.16071428571429,0.49,2015,3000
"1838-7640","Theranostics","","0","NULL",2616,328,7.97560975609756,2.531,2015,1845
"1178-203X","Therapeutics and Clinical Risk Management","Dove Medical Press","0","Medicine",695,315,2.20634920634921,0.503,2015,2310
"0093-691X","Theriogenology","Elsevier","1","Veterinary",4006,1742,2.29965556831229,0.53,2015,2500
"0354-9836","Thermal Science","Self Owned - Non-Profit Society","0","",983,809,1.2150803461063,0.237,2015,0
"0354-9836","Thermal Science","Self Owned - Non-Profit Society","0","",983,809,1.2150803461063,0.237,2015,169
"1744-9987","Thoracic Cancer","Wiley","0","NULL",130,201,0.646766169154229,0.107,2015,2013
"1759-7706","Thoracic Cancer","","0","NULL",130,201,0.646766169154229,0.107,2015,1845
"1759-7714","Thoracic Cancer","Wiley","0","Medicine",130,201,0.646766169154229,0.107,2015,2000
"2090-1496","Thrombosis","Hindawi Publishing Corporation","0","Medicine",130,69,1.88405797101449,0.412,2015,800
"1477-9560","Thrombosis Journal","BioMed Central","0","Medicine",313,106,2.95283018867925,0.725,2015,2145
"1477-9560","Thrombosis Journal","BioMed Central","0","Medicine",313,106,2.95283018867925,0.725,2015,1625
"1477-9560","Thrombosis Journal","BioMed Central","0","Medicine",313,106,2.95283018867925,0.725,2015,1781
"1756-6614","Thyroid Research","BioMed Central","0","Medicine",175,105,1.66666666666667,0.353,2015,2145
"1756-6614","Thyroid Research","BioMed Central","0","Medicine",175,105,1.66666666666667,0.353,2015,1625
"1756-6614","Thyroid Research","BioMed Central","0","Medicine",175,105,1.66666666666667,0.353,2015,1781
"2212-5469","Tissue Engineering and Regenerative Medicine","Springer","1","NULL",185,147,1.25850340136054,0.248,2015,3000
"1617-9625","Tobacco Induced Diseases","BioMed Central Ltd","0","",236,116,2.03448275862069,0.454,2015,2145
"1617-9625","Tobacco Induced Diseases","BioMed Central Ltd","0","",236,116,2.03448275862069,0.454,2015,1625
"1617-9625","Tobacco Induced Diseases","BioMed Central Ltd","0","",236,116,2.03448275862069,0.454,2015,1781
"1349-3329","Tohoku Journal of Experimental Medicine","Tohoku Univ Medical Press","0","NULL",1034,576,1.79513888888889,0.388,2015,0
"1349-3329","Tohoku Journal of Experimental Medicine","Tohoku Univ Medical Press","0","NULL",1034,576,1.79513888888889,0.388,2015,968
"1863-8279","Top","Springer","1","NULL",262,170,1.54117647058824,0.32,2015,3000
"1572-9028","Topics in Catalysis","Springer","1","NULL",2526,867,2.91349480968858,0.713,2015,3000
"2364-8961","Topics in Current Chemistry","Springer","1","NULL",1855,536,3.46082089552239,0.886,2015,3000
"0300-483X","Toxicology","Elsevier","1","Environmental Health",4288,1009,4.24975222993062,1.147,2015,2600
"0300-483X","Toxicology","Elsevier","1","Environmental Health",4288,1009,4.24975222993062,1.147,2015,2800
"0041-0101","Toxicon","Elsevier","1","Molecular and Cell Biology",4058,1378,2.94484760522496,0.723,2015,3300
"2072-6651","Toxins","MDPI","0","",3165,687,4.60698689956332,1.269,2015,533
"2072-6651","Toxins","MDPI","0","",3165,687,4.60698689956332,1.269,2015,1548
"0082-5638","Trabajos De Prehistoria","","0","NULL",103,93,1.10752688172043,0.211,2015,1845
"1988-3218","Trabajos De Prehistoria","Consejo Superior de Investigaciones Científicas","0","Auxiliary sciences of history",103,93,1.10752688172043,0.211,2015,0
"1531-586X","Transformation Groups","Springer","1","NULL",227,184,1.23369565217391,0.242,2015,3000
"1573-9368","Transgenic Research","Springer","1","NULL",1274,494,2.57894736842105,0.612,2015,3000
"0103-3786","Transinformacao","","0","NULL",38,90,0.422222222222222,0.063,2015,1845
"1572-901X","Transition Metal Chemistry","Springer","1","NULL",692,533,1.29831144465291,0.258,2015,3000
"2081-3856","Translational Neuroscience","","0","NULL",240,169,1.42011834319527,0.289,2015,1845
"2081-6936","Translational Neuroscience","De Gruyter Open","0","Medicine",240,169,1.42011834319527,0.289,2015,1845
"1936-5233","Translational Oncology","NEOPLASIA PRESS","0","",1067,324,3.29320987654321,0.832,2015,2200
"1936-5233","Translational Oncology","NEOPLASIA PRESS","0","",1067,324,3.29320987654321,0.832,2015,1800
"1936-5233","Translational Oncology","NEOPLASIA PRESS","0","",1067,324,3.29320987654321,0.832,2015,3400
"1936-5233","Translational Oncology","NEOPLASIA PRESS","0","",1067,324,3.29320987654321,0.832,2015,2300
"2158-3188","Translational Psychiatry","Nature Publishing Group","0","Medicine",3255,466,6.98497854077253,2.142,2015,1845
"1868-601X","Translational Stroke Research","Springer","1","NULL",1083,344,3.14825581395349,0.786,2015,3000
"1648-3480","Transport","Vilnius Gediminas Technical University ","0","NULL",264,341,0.774193548387097,0.135,2015,0
"1573-1634","Transport in Porous Media","Springer","1","NULL",2229,901,2.47391786903441,0.581,2015,3000
"1572-9435","Transportation","Springer","1","NULL",955,291,3.28178694158076,0.828,2015,3000
"1436-6282","Trauma Und Berufskrankheit","Springer","1","NULL",93,197,0.472081218274112,0.072,2015,3000
"1614-2950","Tree Genetics & Genomes","Springer","1","NULL",1529,549,2.78506375227687,0.674,2015,3000
"1994-7933","Trends in Agricultural Economics","Asian Network for Scientific Information (ansinet)","0","NULL",17,26,0.653846153846154,0.109,2015,1845
"2077-2246","Trends in Agricultural Economics","Asian Network for Scientific Information (ansinet)","0","NULL",17,26,0.653846153846154,0.109,2015,1845
"1994-7941","Trends in Bioinformatics","Asian Network for Scientific Information (ansinet)","0","NULL",12,14,0.857142857142857,0.153,2015,1845
"2077-2254","Trends in Bioinformatics","Asian Network for Scientific Information (ansinet)","0","NULL",12,14,0.857142857142857,0.153,2015,1845
"1936-4830","Trends in Organized Crime","Springer","1","NULL",102,85,1.2,0.234,2015,3000
"1745-6215","Trials","BioMed Central","0","Medicine",5080,1701,2.9864785420341,0.736,2015,2145
"1745-6215","Trials","BioMed Central","0","Medicine",5080,1701,2.9864785420341,0.736,2015,1625
"1745-6215","Trials","BioMed Central","0","Medicine",5080,1701,2.9864785420341,0.736,2015,1730
"1745-6215","Trials","BioMed Central","0","Medicine",5080,1701,2.9864785420341,0.736,2015,1781
"1573-2711","Tribology Letters","Springer","1","NULL",2123,902,2.35365853658537,0.545,2015,3000
"1573-7438","Tropical Animal Health and Production","Springer","1","NULL",1777,1182,1.50338409475465,0.31,2015,3000
"1940-0829","Tropical Conservation Science","SAGE Publishing","0","Geography. Anthropology. Recreation",409,197,2.0761421319797,0.466,2015,500
"1596-5996","Tropical Journal of Pharmaceutical Research","","0","NULL",683,566,1.20671378091873,0.235,2015,1845
"1596-9827","Tropical Journal of Pharmaceutical Research","Pharmacotherapy Group, University of Benin, Benin City","0","Medicine",683,566,1.20671378091873,0.235,2015,150
"1596-9827","Tropical Journal of Pharmaceutical Research","Pharmacotherapy Group, University of Benin, Benin City","0","Medicine",683,566,1.20671378091873,0.235,2015,0
"1596-9827","Tropical Journal of Pharmaceutical Research","Pharmacotherapy Group, University of Benin, Benin City","0","Medicine",683,566,1.20671378091873,0.235,2015,500
"1349-4147","Tropical Medicine and Health","BioMed Central","0","Medicine",185,110,1.68181818181818,0.357,2015,1105
"1349-4147","Tropical Medicine and Health","BioMed Central","0","Medicine",185,110,1.68181818181818,0.357,2015,916.5
"1935-9764","Tropical Plant Biology","Springer","0","",207,100,2.07,0.464,2015,3000
"1983-2052","Tropical Plant Pathology","Springer","1","NULL",322,268,1.20149253731343,0.234,2015,0
"1983-2052","Tropical Plant Pathology","Springer","1","NULL",322,268,1.20149253731343,0.234,2015,3000
"1472-9792","Tuberculosis","Elsevier","1","Molecular and Cell Biology",1458,440,3.31363636363636,0.838,2015,2500
"2090-1518","Tuberculosis Research and Treatment","Hindawi Publishing Corporation","0","Medicine",154,83,1.85542168674699,0.404,2015,750
"1423-0380","Tumor Biology","Springer","1","NULL",6787,2410,2.81618257261411,0.683,2015,3000
"1300-2163","Turk Psikiyatri Dergisi","Self Owned - Non-Profit Society","0","Psychiatry",6,11,0.545454545454545,0.087,2015,0
"1303-6173","Turkish Journal of Agriculture and Forestry","Self Owned - Non-Profit Society","0","NULL",508,336,1.51190476190476,0.312,2015,0
"1303-6092","Turkish Journal of Biology","Tubitak Scientific & Technical Research Council Turkey","0","NULL",578,377,1.53315649867374,0.318,2015,0
"1303-6106","Turkish Journal of Botany","Tubitak Scientific & Technical Research Council Turkey","0","NULL",505,410,1.23170731707317,0.241,2015,0
"1303-6130","Turkish Journal of Chemistry","Scientific Technical Research Council Turkey-Tubitak","0","NULL",475,360,1.31944444444444,0.263,2015,0
"1303-619X","Turkish Journal of Earth Sciences","Scientific Technical Research Council Turkey-Tubitak","0","NULL",316,172,1.83720930232558,0.399,2015,0
"1303-6203","Turkish Journal of Electrical Engineering and Computer Sciences","Scientific Technical Research Council Turkey-Tubitak","0","NULL",492,422,1.16587677725118,0.225,2015,0
"1301-1111","Turkish Journal of Field Crops","SOC FIELD CROP SCI","0","",106,129,0.821705426356589,0.145,2015,0
"1301-1111","Turkish Journal of Field Crops","SOC FIELD CROP SCI","0","",106,129,0.821705426356589,0.145,2015,200
"1303-2712","Turkish Journal of Fisheries and Aquatic Sciences","Self Owned - Non-Profit Society","0","",313,264,1.18560606060606,0.23,2015,0
"1300-7777","Turkish Journal of Hematology","","0","NULL",166,226,0.734513274336283,0.126,2015,1845
"1308-5263","Turkish Journal of Hematology","Galenos Yayinevi","0","Medicine",166,226,0.734513274336283,0.126,2015,0
"1303-6149","Turkish Journal of Mathematics","Scientific and Technological Research Council of Turkey","0","NULL",166,206,0.805825242718447,0.142,2015,0
"1303-6165","Turkish Journal of Medical Sciences","Scientific Technical Research Council Turkey-Tubitak","0","NULL",432,621,0.695652173913043,0.118,2015,0
"1303-6181","Turkish Journal of Veterinary & Animal Sciences","Scientific Technical Research Council Turkey-Tubitak","0","NULL",248,341,0.727272727272727,0.124,2015,0
"1303-6114","Turkish Journal of Zoology","Tubitak Scientific & Technical Research Council Turkey","0","NULL",325,350,0.928571428571429,0.169,2015,0
"2146-7242","Turkish Online Journal of Educational Technology","TURKISH ONLINE JOURNAL EDUCATIONAL TECH-TOJET","0","",832,404,2.05940594059406,0.461,2015,471
"2146-7242","Turkish Online Journal of Educational Technology","TURKISH ONLINE JOURNAL EDUCATIONAL TECH-TOJET","0","",832,404,2.05940594059406,0.461,2015,392
"2309-9070","Tydskrif Vir Letterkunde","Tydskrif vir Letterkunde Association","0","Language and Literature",22,63,0.349206349206349,0.049,2015,456
"2090-1534","Ulcers","Hindawi Publishing Corporation","0","Medicine",50,30,1.66666666666667,0.353,2015,600
"0304-3991","Ultramicroscopy","Elsevier","1","Physics and Chemistry",2530,890,2.84269662921348,0.691,2015,2600
"0304-3991","Ultramicroscopy","Elsevier","1","Physics and Chemistry",2530,890,2.84269662921348,0.691,2015,2800
"0041-624X","Ultrasonics","Elsevier","1","Radiology",1810,778,2.32647814910026,0.537,2015,2600
"1615-5297","Universal Access in the Information Society","Springer","1","NULL",306,157,1.94904458598726,0.43,2015,3000
"1657-9267","Universitas Psychologica","","0","NULL",400,382,1.04712041884817,0.197,2015,1845
"2011-2777","Universitas Psychologica","Pontificia Universidad Javeriana","0","Philosophy. Psychology. Religion",400,382,1.04712041884817,0.197,2015,0
"2038-3312","Updates in Surgery","Springer","1","NULL",316,227,1.3920704845815,0.282,2015,3000
"2000-1967","Upsala Journal of Medical Sciences","Informa Healthcare","0","NULL",517,239,2.16317991631799,0.49,2015,0
"1573-1642","Urban Ecosystems","Springer","1","NULL",752,263,2.85931558935361,0.696,2015,3000
"1874-6330","Urban Forum","Springer","1","NULL",235,142,1.65492957746479,0.35,2015,3000
"0090-4295","Urology","Elsevier","1","Urology",7676,3025,2.53752066115702,0.599,2015,3000
"0974-7834","Urology Annals","Medknow Publications","0","Medicine",242,232,1.04310344827586,0.196,2015,1845
"2053-5341","Utrecht Journal of International and European Law","Ubiquity Press","0","Law",11,16,0.6875,0.116,2015,1845
"1432-2293","Uwf Umweltwirtschaftsforum","Springer","1","NULL",59,84,0.702380952380952,0.119,2015,3000
"0264-410X","Vaccine","Elsevier","1","Infectious Diseases",20853,5697,3.66034755134281,0.95,2015,2150
"0264-410X","Vaccine","Elsevier","1","Infectious Diseases",20853,5697,3.66034755134281,0.95,2015,2300
"0042-207X","Vacuum","Elsevier","1","Physics and Chemistry",2284,1346,1.69687964338782,0.361,2015,2200
"2045-824X","Vascular Cell","Biomed Central Ltd","0","NULL",321,90,3.56666666666667,0.92,2015,2145
"2045-824X","Vascular Cell","Biomed Central Ltd","0","NULL",321,90,3.56666666666667,0.92,2015,1625
"1178-2048","Vascular Health and Risk Management","Dove Medical Press","0","Medicine",1039,416,2.49759615384615,0.588,2015,1958
"1617-6278","Vegetation History and Archaeobotany","Springer","1","NULL",567,232,2.44396551724138,0.572,2015,3000
"1984-6746","Veritas","Editora da Pontifícia Universidade Católica do Rio Grande do Sul (EDIPUCRS)","0","Philosophy. Psychology. Religion",5,16,0.3125,0.043,2015,0
"1806-6925","Verso E Reverso","Universidade do Vale do Rio dos Sinos","0","Language and Literature",9,8,1.125,0.215,2015,0
"2073-2333","Vestnik Zoologii","De Gruyter Open","0","Science",43,101,0.425742574257426,0.063,2015,1845
"0505-401X","Veterinaria Italiana","","0","NULL",187,162,1.15432098765432,0.223,2015,1845
"1828-1427","Veterinaria Italiana","Istituto Zooprofilattico Sperimentale dell'Abruzzo e del Molise G. Caporale","0","Agriculture",187,162,1.15432098765432,0.223,2015,1845
"0375-8427","Veterinarni Medicina","Inst Agricultural Food Information","0","Veterinary",402,293,1.37201365187713,0.277,2015,0
"2042-0048","Veterinary Medicine International","Hindawi Publishing Corporation","0","Agriculture",505,278,1.81654676258993,0.394,2015,750
"0928-4249","Veterinary Research","","0","NULL",2051,534,3.84082397003745,1.01,2015,1845
"1297-9716","Veterinary Research","BioMed Central","0","Agriculture",2051,534,3.84082397003745,1.01,2015,1800
"1297-9716","Veterinary Research","BioMed Central","0","Agriculture",2051,534,3.84082397003745,1.01,2015,670
"1297-9716","Veterinary Research","BioMed Central","0","Agriculture",2051,534,3.84082397003745,1.01,2015,1535
"1297-9716","Veterinary Research","BioMed Central","0","Agriculture",2051,534,3.84082397003745,1.01,2015,1514.5
"1573-7446","Veterinary Research Communications","Springer","1","NULL",383,278,1.37769784172662,0.278,2015,3000
"2196-8896","Vietnam Journal of Computer Science","Springer","0","Technology",34,19,1.78947368421053,0.386,2015,1845
"1432-2307","Virchows Archiv","Springer","1","NULL",2180,758,2.87598944591029,0.702,2015,3000
"1942-9967","Virginia Law Review","University of Virginia","0","NULL",60,54,1.11111111111111,0.212,2015,0
"1995-820X","Virologica Sinica","Springer","1","NULL",309,227,1.36123348017621,0.274,2015,3000
"0042-6822","Virology","Elsevier","1","Molecular and Cell Biology",6438,2016,3.19345238095238,0.8,2015,2150
"1743-422X","Virology Journal","Biomed Central","0","",4848,1818,2.66666666666667,0.638,2015,2145
"1743-422X","Virology Journal","Biomed Central","0","",4848,1818,2.66666666666667,0.638,2015,1900
"1743-422X","Virology Journal","Biomed Central","0","",4848,1818,2.66666666666667,0.638,2015,2000
"1743-422X","Virology Journal","Biomed Central","0","",4848,1818,2.66666666666667,0.638,2015,1781
"1434-9957","Virtual Reality","Springer","1","NULL",213,110,1.93636363636364,0.427,2015,3000
"1572-994X","Virus Genes","Springer","1","NULL",1180,674,1.75074183976261,0.376,2015,3000
"1563-5171","VLSI Design","Hindawi Publishing Corporation","0","Science",85,92,0.923913043478261,0.168,2015,1000
"1563-5171","VLSI Design","Hindawi Publishing Corporation","0","Science",85,92,0.923913043478261,0.168,2015,600
"1874-7868","Vocations and Learning","Springer","1","NULL",184,78,2.35897435897436,0.547,2015,3000
"0042-8450","Vojnosanitetski Pregled","","0","NULL",314,524,0.599236641221374,0.098,2015,1845
"0043-0617","Washington Law Review","Univ Washington School of Law","0","Law",39,75,0.52,0.082,2015,0
"1877-265X","Waste and Biomass Valorization","Springer","0","",541,282,1.91843971631206,0.422,2015,3000
"2073-4441","Water","MDPI","0","",1264,496,2.54838709677419,0.603,2015,320
"2073-4441","Water","MDPI","0","",1264,496,2.54838709677419,0.603,2015,1451.53
"1877-7244","Water History","Springer","1","NULL",81,66,1.22727272727273,0.24,2015,3000
"1573-1650","Water Resources Management","Springer","1","NULL",4603,1389,3.31389488840893,0.839,2015,3000
"0378-4738","Water Sa","","0","NULL",595,444,1.34009009009009,0.268,2015,1845
"0043-1648","Wear","Elsevier","1","Physics and Chemistry",5025,1827,2.7504105090312,0.663,2015,3000
"1878-6669","Welding in the World","Springer","1","NULL",358,308,1.16233766233766,0.224,2015,3000
"0368-1238","West Indian Medical Journal","Univ West Indies Faculty Medical Sciences","0","NULL",422,527,0.800759013282732,0.14,2015,0
"1943-6246","Wetlands","Springer","1","NULL",1284,537,2.39106145251397,0.556,2015,3000
"1572-9834","Wetlands Ecology and Management","Springer","1","NULL",534,210,2.54285714285714,0.601,2015,3000
"1613-7671","Wiener Klinische Wochenschrift","Springer","1","NULL",663,624,1.0625,0.2,2015,3000
"1863-3765","Wiener Klinische Wochenschrift Education","Springer","1","NULL",0,3,0,0,2015,3000
"1613-7817","Wiener Klinisches Magazin","Springer","1","NULL",5,15,0.333333333333333,0.047,2015,3000
"1563-258X","Wiener Medizinische Wochenschrift","Springer","1","NULL",400,364,1.0989010989011,0.209,2015,3000
"0909-6396","Wildlife Biology","","0","NULL",385,209,1.84210526315789,0.401,2015,1845
"1903-220X","Wildlife Biology","BioOne","0","Science",385,209,1.84210526315789,0.401,2015,560
"1646-2742","Wildlife Biology in Practice","Sociedade Portuguesa de Vida Selvagem ","0","Science",33,50,0.66,0.11,2015,1845
"1530-8677","Wireless Communications and Mobile Computing","Hindawi","0","NULL",427,143,2.98601398601399,0.736,2015,2000
"1572-8196","Wireless Networks","Springer","1","NULL",1284,579,2.21761658031088,0.506,2015,3000
"1572-834X","Wireless Personal Communications","Springer","1","NULL",2495,1845,1.35230352303523,0.272,2015,3000
"1613-978X","Wirtschaftsdienst","Springer","1","NULL",102,299,0.341137123745819,0.048,2015,3000
"0043-650X","Wisconsin Law Review","University of Wisconsin ","0","Law",27,56,0.482142857142857,0.074,2015,0
"1432-5225","Wood Science and Technology","Springer","1","NULL",749,360,2.08055555555556,0.467,2015,3000
"1939-4551","World Allergy Organization Journal","BioMed Central","0","Medicine",732,200,3.66,0.95,2015,2300
"1939-4551","World Allergy Organization Journal","BioMed Central","0","Medicine",732,200,3.66,0.95,2015,1911
"1949-8454","World Journal of Biological Chemistry","Baishideng Publishing Group","0","NULL",446,143,3.11888111888112,0.777,2015,1845
"1949-8462","World Journal of Cardiology","Baishideng Publishing Group","0","NULL",821,337,2.43620178041543,0.569,2015,1845
"1948-9358","World Journal of Diabetes","Baishideng Publishing Group","0","NULL",956,231,4.13852813852814,1.109,2015,1845
"1749-7922","World Journal of Emergency Surgery","BioMed Central Ltd","0","",547,233,2.34763948497854,0.543,2015,2145
"1749-7922","World Journal of Emergency Surgery","BioMed Central Ltd","0","",547,233,2.34763948497854,0.543,2015,1625
"1007-9327","World Journal of Gastroenterology","Baishideng Publishing Group","0","NULL",17858,5721,3.12148225834644,0.778,2015,1845
"1009-3079","World Journal of Gastroenterology","Baishideng Publishing Group","0","NULL",17858,5721,3.12148225834644,0.778,2015,1845
"2219-2840","World Journal of Gastroenterology","Self Owned - Non-Profit Society","0","NULL",17858,5721,3.12148225834644,0.778,2015,0
"2219-2840","World Journal of Gastroenterology","Self Owned - Non-Profit Society","0","NULL",17858,5721,3.12148225834644,0.778,2015,1365
"1948-5190","World Journal of Gastrointestinal Endoscopy","Baishideng Publishing Group","0","NULL",647,364,1.77747252747253,0.383,2015,1845
"1948-5204","World Journal of Gastrointestinal Oncology","Baishideng Publishing Group","0","NULL",639,211,3.02843601895735,0.749,2015,1845
"2150-5330","World Journal of Gastrointestinal Pathophysiology","Baishideng Publishing Group","0","NULL",351,131,2.6793893129771,0.642,2015,1845
"2150-5349","World Journal of Gastrointestinal Pharmacology and Therapeutics","Baishideng Publishing Group","0","NULL",191,83,2.30120481927711,0.53,2015,1845
"1948-9366","World Journal of Gastrointestinal Surgery","Baishideng Publishing Group","0","NULL",483,257,1.87937743190661,0.411,2015,1845
"1948-5182","World Journal of Hepatology","Baishideng Publishing Group","0","NULL",1096,381,2.87664041994751,0.702,2015,1845
"1920-454X","World Journal of Oncology","Elmer Press","0","Medicine",46,105,0.438095238095238,0.066,2015,0
"1949-8470","World Journal of Radiology","Baishideng Publishing Group","0","NULL",648,324,2,0.444,2015,1845
"1948-0210","World Journal of Stem Cells","Baishideng Publishing Group","0","NULL",600,134,4.47761194029851,1.224,2015,1845
"1432-2323","World Journal of Surgery","Springer","1","NULL",6835,2103,3.25011887779363,0.818,2015,3000
"1477-7819","World Journal of Surgical Oncology","Biomed Central","0","",2297,1199,1.91576313594662,0.421,2015,2580
"1477-7819","World Journal of Surgical Oncology","Biomed Central","0","",2297,1199,1.91576313594662,0.421,2015,1900
"1477-7819","World Journal of Surgical Oncology","Biomed Central","0","",2297,1199,1.91576313594662,0.421,2015,2000
"1433-8726","World Journal of Urology","Springer","1","NULL",2230,803,2.77708592777086,0.671,2015,3000
"1257-5011","World Rabbit Science","","0","NULL",390,470,0.829787234042553,0.147,2015,1845
"1989-8886","World Rabbit Science","Universidad Politécnica de Valencia","0","Agriculture",390,470,0.829787234042553,0.147,2015,0
"1573-1413","World Wide Web","Springer","1","NULL",329,118,2.78813559322034,0.675,2015,3000
"1976-2437","Yonsei Medical Journal","Yonsei Univ College Medicine","0","NULL",1524,904,1.6858407079646,0.358,2015,0
"1976-2437","Yonsei Medical Journal","Yonsei Univ College Medicine","0","NULL",1524,904,1.6858407079646,0.358,2015,750
"1820-743X","Yugoslav Journal of Operations Research","University of Belgrade","0","Science",82,93,0.881720430107527,0.159,2015,1845
"1863-9704","Zdm","Springer","1","NULL",733,374,1.95989304812834,0.433,2015,3000
"0351-0026","Zdravstveno Varstvo","","0","NULL",0,1,0,0,2015,1845
"1313-2970","ZooKeys","Pensoft Publishers","0","Science",1930,1641,1.17611212675198,0.228,2015,391
"1313-2970","ZooKeys","Pensoft Publishers","0","Science",1930,1641,1.17611212675198,0.228,2015,397
"1313-2970","ZooKeys","Pensoft Publishers","0","Science",1930,1641,1.17611212675198,0.228,2015,336
"1313-2989","ZooKeys","","0","NULL",1930,1641,1.17611212675198,0.228,2015,1845
"1984-4689","Zoologia","Sociedade Brasileira de Zoologia","0","Science",159,144,1.10416666666667,0.21,2015,1845
"2083-6112","Zoologica Poloniae","De Gruyter Open","0","Science",0,10,0,0,2015,1845
"1021-5506","Zoological Studies","Academia Sinica","0","Ecology and Evolution",381,290,1.31379310344828,0.262,2015,0
"0944-2006","Zoology","Elsevier","1","Ecology and Evolution",472,221,2.13574660633484,0.483,2015,1800
"1432-234X","Zoomorphology","Springer","1","NULL",191,125,1.528,0.317,2015,3000
"1280-9551","Zoosystema","Self Owned - Non-Profit Society","0","Ecology and Evolution",100,121,0.826446280991736,0.146,2015,0
